query_id,doc_id,method,chunk_id,label_0_1_2,rationale,annotator,status
Q001,DOC01_BIK,element,4,2,score=0.651 hits=4/5 pages=[7] page_match=True ev_type=paragraph | preview: KATA PENGANTAR  selaras antara hasil Survei Perusahaan Konstruksi Triwulanan dan Survei Perusahaan Konstruksi Tahunan. M,auto,auto_labeled_needs_validation
Q001,DOC01_BIK,element,43,1,score=0.489 hits=4/5 pages=[25] page_match=False ev_type=paragraph | preview: 2.2.4 Benchmark Indeks Konstruksi  Benchmarking merupakan suatu teknik yang berkaitan dengan cara pengkombinasian data d,auto,auto_labeled_needs_validation
Q001,DOC01_BIK,element,19,1,score=0.426 hits=3/5 pages=[19] page_match=False ev_type=paragraph | preview: LATAR BELAKANG  Publikasi Benchmark Indeks Konstruksi bertujuan untuk menunjukkan perubahan atau pertumbuhan dari kegiat,auto,auto_labeled_needs_validation
Q001,DOC01_BIK,element,20,1,score=0.346 hits=2/5 pages=[19] page_match=False ev_type=paragraph | preview: RUANG LINGKUP  Statistik konstruksi yang dijadikan sebagai dasar data benchmarking ini adalah hasil Survei Perusahaan Ko,auto,auto_labeled_needs_validation
Q001,DOC01_BIK,element,33,1,"score=0.320 hits=2/5 pages=[21,22] page_match=False ev_type=paragraph | preview: 1. Sample  Annual Construction Establishment Survey covers construction establishments operating in Indonesia.  In 2023 ",auto,auto_labeled_needs_validation
Q001,DOC01_BIK,element,7,1,score=0.299 hits=2/5 pages=[9] page_match=False ev_type=paragraph | preview: Kata Pengantar/Preface “.ooooooooooooooooooooooooooooooooWooo om mmunnnnannnnnnanaan Daftar ISi/CONtents ..ooooooooooooo,auto,auto_labeled_needs_validation
Q001,DOC01_BIK,element,30,1,score=0.228 hits=1/5 pages=[21] page_match=False ev_type=paragraph | preview: 1. Sampel  Survei Perusahaan Konstruksi Tahunan mencakup badan usaha konstruksi yang beroperasi di Indonesia.  Pada kegi,auto,auto_labeled_needs_validation
Q001,DOC01_BIK,element,42,1,score=0.227 hits=1/5 pages=[24] page_match=False ev_type=paragraph | preview: 2.2.3 Growth Rate  Pertumbuhan menunjukkan pergerakan agregat yang berfluktuasi dari satu waktu tertentu terhadap waktu ,auto,auto_labeled_needs_validation
Q001,DOC01_BIK,element,2,1,"score=0.210 hits=1/5 pages=[4] page_match=False ev_type=paragraph | preview: BENCHMARK INDEKS KONSTRUKSI (2016-100), Benchmark of Construction Indices (2016-100), 2018-2023  Volume 14, 2025  Katalo",auto,auto_labeled_needs_validation
Q001,DOC01_BIK,element,214,1,"score=0.194 hits=1/5 pages=[119,123,124,125] page_match=False ev_type=paragraph | preview: DAFTAR PUSTAKA Bibliography  Badan Pusat Statistik. 2021. Pedoman Survei Konstruksi 2022. Jakarta: BPS. Badan Pusat Stat",auto,auto_labeled_needs_validation
Q001,DOC01_BIK,element,223,1,"score=0.194 hits=1/5 pages=[128,129] page_match=False ev_type=paragraph | preview: SURVEI PERUSAHAAN KONSTRUKSI TAHUNAN  Benchmark Indeks Konstruksi (2016-—100), 2018-2023 Benchmark of Construction Indic",auto,auto_labeled_needs_validation
Q001,DOC01_BIK,element,13,1,score=0.185 hits=1/5 pages=[13] page_match=False ev_type=paragraph | preview: Tabel/Tables 2.3 24 2.5 26 2.7 2.8 2.2.29 Provinsi/Province : Sulawesi Tenggara .. 2.2.30 Provinsi/Province : Gorontalo ,auto,auto_labeled_needs_validation
Q001,DOC01_BIK,element,225,1,score=0.173 hits=1/5 pages=[129] page_match=False ev_type=paragraph | preview: SURVEI PERUSAHAAN KONSTRUKSI TAHUNAN  Tuliskan semua bahan/material yang digunakan pada tahun 2023 untuk semua proyek. C,auto,auto_labeled_needs_validation
Q001,DOC01_BIK,element,15,1,"score=0.168 hits=1/5 pages=[14] page_match=False ev_type=paragraph | preview: Tabel/Tables  211 Benchmark Indeks Upah Pekerja Tidak Tetap/Harian Konstruksi (2016—100) Tahunan Menurut Provinsi, 2018-",auto,auto_labeled_needs_validation
Q001,DOC01_BIK,element,216,1,"score=0.168 hits=1/5 pages=[125,126,127] page_match=False ev_type=paragraph | preview: DAFTAR PUSTAKA Bibliography  NVYHYSNWId MIdSOUd NYA ISIANOM “NI M019  eped OpOY MES YEJES USNSIINL  -oN  w  EN) eyesn um",auto,auto_labeled_needs_validation
Q001,DOC01_BIK,element,14,1,score=0.164 hits=1/5 pages=[13] page_match=False ev_type=paragraph | preview: Tabel/Tables  Benchmarked Annual Growth (y-on-y) of Compensation and Wages of Construction Workers by Province (percent),auto,auto_labeled_needs_validation
Q001,DOC01_BIK,element,217,1,score=0.147 hits=1/5 pages=[127] page_match=False ev_type=paragraph | preview: SURVEI PERUSAHAAN KONSTRUKSI TAHUNAN  7,auto,auto_labeled_needs_validation
Q001,DOC01_BIK,element,219,1,"score=0.147 hits=1/5 pages=[127,128] page_match=False ev_type=paragraph | preview: SURVEI PERUSAHAAN KONSTRUKSI TAHUNAN  BADAN PUSAT STATISTIK  Website: www.bps.go.id  Lampiran Appendix  Lanjutan Lampira",auto,auto_labeled_needs_validation
Q001,DOC01_BIK,element,221,1,score=0.147 hits=1/5 pages=[128] page_match=False ev_type=paragraph | preview: SURVEI PERUSAHAAN KONSTRUKSI TAHUNAN  4. Kendaraan  5. Software  6. Lainnya: (WISKAN ........ooooooooooooo.o 7. JUMLAH (,auto,auto_labeled_needs_validation
Q001,DOC01_BIK,element,227,1,"score=0.147 hits=1/5 pages=[129,130] page_match=False ev_type=paragraph | preview: SURVEI PERUSAHAAN KONSTRUKSI TAHUNAN  Lampiran Appendix  Lanjutan Lampiran/Continued Appendix 2",auto,auto_labeled_needs_validation
Q001,DOC01_BIK,semantic_maxmin,1,2,"score=0.641 hits=5/5 pages=[?] page_match=False ev_type=paragraph | preview: ISSN 2460-4666 TIM PENYUSUN/COMPILERS Benchmark Indeks Konstruksi (2016=100), 2018–2023 Benchmark of Construction Indice",auto,auto_labeled_needs_validation
Q001,DOC01_BIK,semantic_maxmin,10,2,score=0.548 hits=4/5 pages=[?] page_match=False ev_type=paragraph | preview: Yogyakarta ... 2.2.16  Provinsi/Province : Jawa Timur ... 2.2.17  Provinsi/Province : Banten... 2.2.18  Provinsi/Provinc,auto,auto_labeled_needs_validation
Q001,DOC01_BIK,semantic_maxmin,103,1,"score=0.396 hits=3/5 pages=[?] page_match=False ev_type=paragraph | preview: 6-8 Jakarta, 10710 Tujuan Survei : Dasar Hukum : ( ) SKTH REPUBLIK INDONESIA RAHASIA SURVEI PERUSAHAAN KONSTRUKSI TAHUNA",auto,auto_labeled_needs_validation
Q001,DOC01_BIK,semantic_maxmin,8,1,score=0.375 hits=3/5 pages=[?] page_match=False ev_type=paragraph | preview: Gambar-Gambar/Figures ... Daftar Pustaka/Bibliography ... Lampiran/Appendix: Kuesioner Survei Perusahaan Konstruksi Triw,auto,auto_labeled_needs_validation
Q001,DOC01_BIK,semantic_maxmin,43,1,"score=0.375 hits=3/5 pages=[?] page_match=False ev_type=paragraph | preview: c. The number of small scale construction Benchmark Indeks Konstruksi (2016=100), 2018–2023 Benchmark of Construction In",auto,auto_labeled_needs_validation
Q001,DOC01_BIK,semantic_maxmin,12,1,"score=0.346 hits=2/5 pages=[?] page_match=False ev_type=paragraph | preview: Oleh karena itu, dilakukan benchmarking untuk menyesuaikan fluktuasi tersebut. RUANG LINGKUP Statistik konstruksi yang d",auto,auto_labeled_needs_validation
Q001,DOC01_BIK,semantic_maxmin,84,1,"score=0.346 hits=2/5 pages=[?] page_match=False ev_type=paragraph | preview: TENAGA KERJA, BALAS JASA, DAN RATA-RATA UPAH Uraian Triwulan IV-2022 (Okt - Des) Triwulan I-2023 (Jan - Mar) Triwulan II",auto,auto_labeled_needs_validation
Q001,DOC01_BIK,semantic_maxmin,93,1,"score=0.316 hits=2/5 pages=[?] page_match=False ev_type=paragraph | preview: Kecil Menengah ≥ 50 Miliar ≥ 2,5 Miliar - 50 Miliar 0 - 2,5 Miliar 1-14 Mei 1-14 Feb 2024 1-14 Agst 1-14 Nov BPS PUSAT B",auto,auto_labeled_needs_validation
Q001,DOC01_BIK,semantic_maxmin,61,1,"score=0.311 hits=2/5 pages=[?] page_match=False ev_type=paragraph | preview: ( ) – % NK NP NS NR = × ( ) – % NK NP NS NR = × Benchmark Indeks Konstruksi (2016=100), 2018–2023 Benchmark of Construct",auto,auto_labeled_needs_validation
Q001,DOC01_BIK,semantic_maxmin,65,1,"score=0.295 hits=2/5 pages=[?] page_match=False ev_type=paragraph | preview: where, It =  Index at tth year Xt =  Data at tth year XD =  Data at 2016 base year 2.2.3  Growth Rate The growth rate sh",auto,auto_labeled_needs_validation
Q001,DOC01_BIK,semantic_maxmin,0,1,"score=0.290 hits=2/5 pages=[?] page_match=False ev_type=paragraph | preview: BENCHMARK INDEKS KONSTRUKSI (2016=100), Benchmark of Construction Indices (2016=100), 2018–2023 Volume 14, 2025 Katalog/",auto,auto_labeled_needs_validation
Q001,DOC01_BIK,semantic_maxmin,83,1,score=0.290 hits=2/5 pages=[?] page_match=False ev_type=paragraph | preview: DAFTAR PUSTAKA Bibliography Lampiran Appendix Lampiran Kuesioner Survei Perusahaan Konstruksi Triwulanan (SKTR) 2023 App,auto,auto_labeled_needs_validation
Q001,DOC01_BIK,semantic_maxmin,3,1,"score=0.257 hits=2/5 pages=[?] page_match=False ev_type=paragraph | preview: Selanjutnya, data pada tahun tersebut digerakkan dengan benchmark pertumbuhan tahunan sebelum dan sesudahnya untuk mempe",auto,auto_labeled_needs_validation
Q001,DOC01_BIK,semantic_maxmin,91,1,score=0.253 hits=2/5 pages=[?] page_match=False ev_type=paragraph | preview: Bermasalah 5. Sangat bermasalah Upah Pekerja Tidak Tetap/Harian per Orang per Hari Jumlah Pekerja Tidak Tetap/Harian Tri,auto,auto_labeled_needs_validation
Q001,DOC01_BIK,semantic_maxmin,37,1,score=0.223 hits=1/5 pages=[?] page_match=False ev_type=paragraph | preview: Dengan pertimbangan jumlah populasi perusahaan konstruksi dan keterwakilan sampel pada setiap skala perusahaan serta ket,auto,auto_labeled_needs_validation
Q001,DOC01_BIK,semantic_maxmin,4,1,"score=0.215 hits=1/5 pages=[?] page_match=False ev_type=paragraph | preview: Benchmark Indeks Konstruksi (2016=100), 2018–2023 2. Benchmark Statistik Konstruksi, 2018–2023 Akhirnya, pada kesempatan",auto,auto_labeled_needs_validation
Q001,DOC01_BIK,semantic_maxmin,2,1,"score=0.202 hits=1/5 pages=[?] page_match=False ev_type=paragraph | preview: Kondisi sektor konstruksi Indonesia yang dicakup dalam publikasi ini meliputi beberapa indikator, yaitu: pekerja tetap, ",auto,auto_labeled_needs_validation
Q001,DOC01_BIK,semantic_maxmin,44,1,"score=0.194 hits=1/5 pages=[?] page_match=False ev_type=paragraph | preview: Perusahaan yang terpilih pada triwulan I akan terus diamati pada triwulan II, triwulan III dan triwulan IV (sampel panel",auto,auto_labeled_needs_validation
Q001,DOC01_BIK,semantic_maxmin,36,1,"score=0.189 hits=1/5 pages=[?] page_match=False ev_type=paragraph | preview: Pada kegiatan Survei Perusahaan Konstruksi Tahunan 2023, dipilih sampel sebanyak 10.000 perusahaan meliputi perusahaan s",auto,auto_labeled_needs_validation
Q001,DOC01_BIK,semantic_maxmin,19,1,"score=0.173 hits=1/5 pages=[?] page_match=False ev_type=paragraph | preview: PENJELASAN EXPLANATION Benchmark Indeks Konstruksi (2016=100), 2018–2023 Benchmark of Construction Indices (2016=100), 2",auto,auto_labeled_needs_validation
Q001,DOC01_BIK,semantic_maxmin,115,1,"score=0.173 hits=1/5 pages=[?] page_match=False ev_type=paragraph | preview: Contoh: hotmix, tiang pancang, keramik, baja ringan, wallpaper, eskalator, plafon, trafo, kabel, steker dll. Jika lebih ",auto,auto_labeled_needs_validation
Q001,DOC01_BIK,semantic_maxmin,138,1,"score=0.173 hits=1/5 pages=[?] page_match=False ev_type=paragraph | preview: Nilai dari Pendapatan Lain [Blok VIII, Baris 9 Jumlah Kolom ] JUMLAH A [ 1 + 2 + 3] RINCIAN PENDAPATAN Nilai Konstruksi ",auto,auto_labeled_needs_validation
Q001,DOC01_BIK,semantic_maxmin,9,1,"score=0.168 hits=1/5 pages=[?] page_match=False ev_type=paragraph | preview: 2  Benchmark Pertumbuhan Indeks Konstruksi Triwulanan (persen), 2018–2023 Benchmarked Quarterly Growth (q-to-q) of Const",auto,auto_labeled_needs_validation
Q001,DOC01_BIK,semantic_maxmin,11,1,score=0.168 hits=1/5 pages=[?] page_match=False ev_type=paragraph | preview: Fluktuasi data pada indikator konstruksi triwulanan seharusnya sejalan dengan fluktuasi data konstruksi tahunan. Akan te,auto,auto_labeled_needs_validation
Q001,DOC01_BIK,semantic_maxmin,98,1,score=0.168 hits=1/5 pages=[?] page_match=False ev_type=paragraph | preview: ……… ……… s.d. ……… ……… s.d. ……… ……… s.d. ……… Lampiran Appendix Lampiran Kuesioner Survei Perusahaan Konstruksi Tahunan (SK,auto,auto_labeled_needs_validation
Q001,DOC01_BIK,recursive,2,2,score=0.641 hits=5/5 pages=[?] page_match=False ev_type=paragraph | preview: Desain Kover/Cover Designer Prisita Nallavasthi v B enchmark indeks konstruksi bertujuan untuk menyajikan data yang sela,auto,auto_labeled_needs_validation
Q001,DOC01_BIK,recursive,15,2,"score=0.548 hits=4/5 pages=[?] page_match=False ev_type=paragraph | preview: 3.6 Benchmark Indeks (2016=100) dan Pertumbuhan Balas Jasa Pekerja Tetap Konstruksi Indonesia, 2018–2023 Benchmarked Ind",auto,auto_labeled_needs_validation
Q001,DOC01_BIK,recursive,1,2,score=0.523 hits=4/5 pages=[?] page_match=False ev_type=paragraph | preview: www.freepik.com Dilarang mereproduksi dan/atau menggandakan sebagian atau seluruh isi buku ini untuk tujuan komersial ta,auto,auto_labeled_needs_validation
Q001,DOC01_BIK,recursive,267,1,score=0.421 hits=3/5 pages=[?] page_match=False ev_type=paragraph | preview: Kerahasiaan : Kerahasiaan data yang diberikan dijamin oleh Undang-Undang Nomor 16 Tahun 1997 (Pasal 21) Informasi lebih ,auto,auto_labeled_needs_validation
Q001,DOC01_BIK,recursive,27,1,"score=0.396 hits=3/5 pages=[?] page_match=False ev_type=paragraph | preview: c. The number of small scale construction Benchmark Indeks Konstruksi (2016=100), 2018–2023 Benchmark of Construction In",auto,auto_labeled_needs_validation
Q001,DOC01_BIK,recursive,5,1,"score=0.375 hits=3/5 pages=[?] page_match=False ev_type=paragraph | preview: PREFACE Jakarta, October 2025 Chief Statistician Amalia Adininggar Widyasanti vii Halaman Pages ISSN 2460-4666 DAFTAR IS",auto,auto_labeled_needs_validation
Q001,DOC01_BIK,recursive,16,1,score=0.350 hits=2/5 pages=[?] page_match=False ev_type=paragraph | preview: Survei Perusahaan Konstruksi Triwulanan (SKTR) dan Survei Perusahaan Konstruksi Tahunan (SKTH). Fluktuasi data pada indi,auto,auto_labeled_needs_validation
Q001,DOC01_BIK,recursive,35,1,"score=0.316 hits=2/5 pages=[?] page_match=False ev_type=paragraph | preview: c. Divide each index at tth quarter by average index basic year , and multiply by 100 percent. d. Index at ith year is t",auto,auto_labeled_needs_validation
Q001,DOC01_BIK,recursive,259,1,score=0.316 hits=2/5 pages=[?] page_match=False ev_type=paragraph | preview: : : Balas jasa (gaji) /upah : Upah lembur : Tunjangan : ) Penjualan Tahunan merujuk pada Nilai Konstruksi yang Diselesai,auto,auto_labeled_needs_validation
Q001,DOC01_BIK,recursive,249,1,score=0.311 hits=2/5 pages=[?] page_match=False ev_type=paragraph | preview: RI Nomor 6617. International Monetary Fund. 2018. Quarterly National Accounts Manual 2017. Washington DC: International ,auto,auto_labeled_needs_validation
Q001,DOC01_BIK,recursive,251,1,score=0.303 hits=2/5 pages=[?] page_match=False ev_type=paragraph | preview: Pelaksanaan survei ini berdasarkan Undang-Undang Nomor 16 Tahun 1997 tentang Statistik (Pasal 11) Kerahasiaan data yang ,auto,auto_labeled_needs_validation
Q001,DOC01_BIK,recursive,38,1,score=0.295 hits=2/5 pages=[?] page_match=False ev_type=paragraph | preview: t Dt D I I Avg I = × t t D X I X   = ×     t t D X I X   = ×     t t t I G I −   = − ×     t t t I G I,auto,auto_labeled_needs_validation
Q001,DOC01_BIK,recursive,0,1,"score=0.290 hits=2/5 pages=[?] page_match=False ev_type=paragraph | preview: BENCHMARK INDEKS KONSTRUKSI (2016=100), Benchmark of Construction Indices (2016=100), 2018–2023 Volume 14, 2025 Katalog/",auto,auto_labeled_needs_validation
Q001,DOC01_BIK,recursive,258,1,"score=0.274 hits=2/5 pages=[?] page_match=False ev_type=paragraph | preview: Jumlah Pekerja Tetap, Kontrak, Outsourcing, dan Asing Rata-rata Gaji Pekerja Tetap, Kontrak, Outsourcing dan Asing BLOK ",auto,auto_labeled_needs_validation
Q001,DOC01_BIK,recursive,222,1,"score=0.269 hits=2/5 pages=[?] page_match=False ev_type=paragraph | preview: 9,06 10,02 13,11 1,40 1,63 0,99 10,35 10,71 11,76 3,02 2,91 4,04 TABEL TABLE PROVINSI/PROVINCE Aceh Sumatera Utara Sumat",auto,auto_labeled_needs_validation
Q001,DOC01_BIK,recursive,11,1,"score=0.265 hits=2/5 pages=[?] page_match=False ev_type=paragraph | preview: Benchmarked Annual Indices of Mandays of Construction Casual Workers by Province (2016=100), 2018–2023 ... 2.6 Benchmark",auto,auto_labeled_needs_validation
Q001,DOC01_BIK,recursive,13,1,"score=0.253 hits=2/5 pages=[?] page_match=False ev_type=paragraph | preview: Konstruksi Menurut Provinsi (persen), 2018–2023 Benchmarked Annual Growth (y-on-y) of Wages of Construction Casual Worke",auto,auto_labeled_needs_validation
Q001,DOC01_BIK,recursive,230,1,"score=0.248 hits=2/5 pages=[?] page_match=False ev_type=paragraph | preview: 135,77 143,16 TABEL TABLE PROVINSI/PROVINCE Aceh Sumatera Utara Sumatera Barat Riau Jambi Sumatera Selatan Bengkulu Lamp",auto,auto_labeled_needs_validation
Q001,DOC01_BIK,recursive,235,1,"score=0.248 hits=2/5 pages=[?] page_match=False ev_type=paragraph | preview: 135,05 138,75 129,23 146,99 132,86 141,52 146,83 150,60 134,48 158,02 139,47 146,73 152,53 149,98 126,65 143,61 124,87 1",auto,auto_labeled_needs_validation
Q001,DOC01_BIK,recursive,10,1,score=0.244 hits=2/5 pages=[?] page_match=False ev_type=paragraph | preview: 2.2.30  Provinsi/Province : Gorontalo ... 2.2.31  Provinsi/Province : Sulawesi Barat ... 2.2.32  Provinsi/Province : Mal,auto,auto_labeled_needs_validation
Q001,DOC01_BIK,recursive,12,1,"score=0.244 hits=2/5 pages=[?] page_match=False ev_type=paragraph | preview: 2.9 Benchmark Indeks Balas Jasa Pekerja Tetap Konstruksi (2016=100) Tahunan Menurut Provinsi, 2018–2023 Benchmarked Annu",auto,auto_labeled_needs_validation
Q001,DOC01_BIK,recursive,40,1,score=0.240 hits=2/5 pages=[?] page_match=False ev_type=paragraph | preview: persentase perubahan dari triwulan ke triwulan di dalam series benchmark aslinya. Teknik penghitungannya adalah sebagai ,auto,auto_labeled_needs_validation
Q001,DOC01_BIK,recursive,24,1,score=0.223 hits=1/5 pages=[?] page_match=False ev_type=paragraph | preview: Pemilihan sampel untuk survei perusahaan konstruksi tahun dilakukan secara independent pada masing-masing skala perusaha,auto,auto_labeled_needs_validation
Q001,DOC01_BIK,recursive,3,1,"score=0.219 hits=1/5 pages=[?] page_match=False ev_type=paragraph | preview: 1. Benchmark Indeks Konstruksi (2016=100), 2018–2023 2. Benchmark Statistik Konstruksi, 2018–2023 Akhirnya, pada kesempa",auto,auto_labeled_needs_validation
Q001,DOC01_BIK,recursive,23,1,score=0.202 hits=1/5 pages=[?] page_match=False ev_type=paragraph | preview: Penjelasan Explanation 6. Upah Pekerja Harian Upah adalah seluruh pengeluaran yang dibayarkan kepada pekerja harian yang,auto,auto_labeled_needs_validation
Q002,DOC01_BIK,element,4,2,score=0.761 hits=5/5 pages=[7] page_match=True ev_type=paragraph | preview: KATA PENGANTAR  selaras antara hasil Survei Perusahaan Konstruksi Triwulanan dan Survei Perusahaan Konstruksi Tahunan. M,auto,auto_labeled_needs_validation
Q002,DOC01_BIK,element,122,1,score=0.538 hits=5/5 pages=[67] page_match=False ev_type=paragraph | preview: PROVINSI/PROVINCE : ACEH Uraian Description 2018 2019 Tahun/Years 2020 2021 2022 2023 Pekerja Tetap/Permanent Workers Tr,auto,auto_labeled_needs_validation
Q002,DOC01_BIK,element,126,1,score=0.538 hits=5/5 pages=[69] page_match=False ev_type=paragraph | preview: PROVINSI/PROVINCE : SUMATERA BARAT Uraian Description 2018 2019 Tahun/Years 2020 2021 2022 2023 Pekerja Tetap/Permanent ,auto,auto_labeled_needs_validation
Q002,DOC01_BIK,element,130,1,score=0.538 hits=5/5 pages=[71] page_match=False ev_type=paragraph | preview: PROVINSI/PROVINCE : JAMBI Uraian Description Pekerja Tetap/Permanent Workers 2018 2019 Tahun/Years 2020 2021 2022 2023 T,auto,auto_labeled_needs_validation
Q002,DOC01_BIK,element,132,1,score=0.538 hits=5/5 pages=[72] page_match=False ev_type=paragraph | preview: PROVINSI/PROVINCE : SUMATERA SELATAN Uraian Tahun/Years Description 2018 2019 2020 2021 2022 2023 Pekerja Tetap/Permanen,auto,auto_labeled_needs_validation
Q002,DOC01_BIK,element,134,1,score=0.538 hits=5/5 pages=[73] page_match=False ev_type=paragraph | preview: PROVINSI/PROVINCE : BENGKULU Uraian Description 2018 2019 Tahun/Years 2020 2021 2022 2023 Pekerja Tetap/Permanent Worker,auto,auto_labeled_needs_validation
Q002,DOC01_BIK,element,138,1,score=0.538 hits=5/5 pages=[75] page_match=False ev_type=paragraph | preview: PROVINSI/PROVINCE : KEPULAUAN BANGKA BELITUNG Uraian Description Pekerja Tetap/Permanent Workers 2018 2019 Tahun/Years 2,auto,auto_labeled_needs_validation
Q002,DOC01_BIK,element,142,1,score=0.538 hits=5/5 pages=[77] page_match=False ev_type=paragraph | preview: PROVINSI/PROVINCE : DKI JAKARTA Uraian Description Pekerja Tetap/Permanent Workers 2018 2019 Tahun/Years 2020 2021 2022 ,auto,auto_labeled_needs_validation
Q002,DOC01_BIK,element,146,1,score=0.538 hits=5/5 pages=[79] page_match=False ev_type=paragraph | preview: PROVINSI/PROVINCE : JAWA TENGAH Uraian Description 2018 Pekerja Tetap/Permanent Workers 2019 Tahun/Years 2020 2021 2022 ,auto,auto_labeled_needs_validation
Q002,DOC01_BIK,element,150,1,score=0.538 hits=5/5 pages=[81] page_match=False ev_type=paragraph | preview: PROVINSI/PROVINCE : JAWA TIMUR Uraian Description 2018 Pekerja Tetap/Permanent Workers 2019 Tahun/Years 2020 2021 2022 2,auto,auto_labeled_needs_validation
Q002,DOC01_BIK,element,154,1,score=0.538 hits=5/5 pages=[83] page_match=False ev_type=paragraph | preview: PROVINSI/PROVINCE : BALI Uraian Description 2018 2019 Tahun/Years 2020 2021 2022 2023 Pekerja Tetap/Permanent Workers Tr,auto,auto_labeled_needs_validation
Q002,DOC01_BIK,element,156,1,score=0.538 hits=5/5 pages=[84] page_match=False ev_type=paragraph | preview: PROVINSI/PROVINCE : NUSA TENGGARA BARAT Uraian Tahun/Years Description 2018 2019 2020 2021 2022 2023 Pekerja Tetap/Perma,auto,auto_labeled_needs_validation
Q002,DOC01_BIK,element,158,1,score=0.538 hits=5/5 pages=[85] page_match=False ev_type=paragraph | preview: PROVINSI/PROVINCE : NUSA TENGGARA TIMUR Uraian Description 2018 2019 Tahun/Years 2020 2021 2022 2023 Pekerja Tetap/Perma,auto,auto_labeled_needs_validation
Q002,DOC01_BIK,element,160,1,score=0.538 hits=5/5 pages=[86] page_match=False ev_type=paragraph | preview: PROVINSI/PROVINCE : KALIMANTAN BARAT Uraian Tahun/Years Description 2018 2019 2020 2021 2022 2023 Pekerja Tetap/Permanen,auto,auto_labeled_needs_validation
Q002,DOC01_BIK,element,162,1,score=0.538 hits=5/5 pages=[87] page_match=False ev_type=paragraph | preview: PROVINSI/PROVINCE : KALIMANTAN TENGAH Uraian Description Pekerja Tetap/Permanent Workers 2018 2019 Tahun/Years 2020 2021,auto,auto_labeled_needs_validation
Q002,DOC01_BIK,element,164,1,score=0.538 hits=5/5 pages=[88] page_match=False ev_type=paragraph | preview: PROVINSI/PROVINCE : KALIMANTAN SELATAN Uraian Tahun/Years Description 2018 2019 2020 2021 2022 2023 Pekerja Tetap/Perman,auto,auto_labeled_needs_validation
Q002,DOC01_BIK,element,166,1,score=0.538 hits=5/5 pages=[89] page_match=False ev_type=paragraph | preview: PROVINSI/PROVINCE : KALIMANTAN TIMUR Uraian Description 2018 2019 Tahun/Years 2020 2021 2022 2023 Pekerja Tetap/Permanen,auto,auto_labeled_needs_validation
Q002,DOC01_BIK,element,168,1,score=0.538 hits=5/5 pages=[90] page_match=False ev_type=paragraph | preview: PROVINSI/PROVINCE : KALIMANTAN UTARA Uraian Tahun/Years Description 2018 2019 2020 2021 2022 2023 Pekerja Tetap/Permanen,auto,auto_labeled_needs_validation
Q002,DOC01_BIK,element,170,1,score=0.538 hits=5/5 pages=[91] page_match=False ev_type=paragraph | preview: PROVINSI/PROVINCE : SULAWESI UTARA Uraian Description 2018 2019 Tahun/Years 2020 2021 2022 2023 Pekerja Tetap/Permanent ,auto,auto_labeled_needs_validation
Q002,DOC01_BIK,element,172,1,score=0.538 hits=5/5 pages=[92] page_match=False ev_type=paragraph | preview: PROVINSI/PROVINCE : SULAWESI TENGAH Uraian Tahun/Years Description 2018 2019 2020 2021 2022 2023 Pekerja Tetap/Permanent,auto,auto_labeled_needs_validation
Q002,DOC01_BIK,element,174,1,score=0.538 hits=5/5 pages=[93] page_match=False ev_type=paragraph | preview: PROVINSI/PROVINCE : SULAWESI SELATAN Uraian Description 2018 2019 Tahun/Years 2020 2021 2022 2023 Pekerja Tetap/Permanen,auto,auto_labeled_needs_validation
Q002,DOC01_BIK,element,176,1,score=0.538 hits=5/5 pages=[94] page_match=False ev_type=paragraph | preview: PROVINSI/PROVINCE : SULAWESI TENGGARA Uraian Description Pekerja Tetap/Permanent Workers Triwulan/Ouarter | Triwulan/Oua,auto,auto_labeled_needs_validation
Q002,DOC01_BIK,element,178,1,score=0.538 hits=5/5 pages=[95] page_match=False ev_type=paragraph | preview: PROVINSI/PROVINCE : GORONTALO Uraian Description 2018 2019 Tahun/Years 2020 2021 2022 2023 Pekerja Tetap/Permanent Worke,auto,auto_labeled_needs_validation
Q002,DOC01_BIK,element,182,1,score=0.538 hits=5/5 pages=[97] page_match=False ev_type=paragraph | preview: PROVINSI/PROVINCE : MALUKU Uraian Description 2018 Tahun/Years 2019 2020 2021 2022 2023 Pekerja Tetap/Permanent Workers ,auto,auto_labeled_needs_validation
Q002,DOC01_BIK,element,186,1,score=0.538 hits=5/5 pages=[99] page_match=False ev_type=paragraph | preview: PROVINSI/PROVINCE : PAPUA BARAT Uraian Description Pekerja Tetap/Permanent Workers 2018 Tahun/Years 2019 2020 2021 2022 ,auto,auto_labeled_needs_validation
Q002,DOC01_BIK,semantic_maxmin,2,2,"score=0.671 hits=5/5 pages=[?] page_match=False ev_type=paragraph | preview: Kondisi sektor konstruksi Indonesia yang dicakup dalam publikasi ini meliputi beberapa indikator, yaitu: pekerja tetap, ",auto,auto_labeled_needs_validation
Q002,DOC01_BIK,semantic_maxmin,10,2,score=0.624 hits=5/5 pages=[?] page_match=False ev_type=paragraph | preview: Yogyakarta ... 2.2.16  Provinsi/Province : Jawa Timur ... 2.2.17  Provinsi/Province : Banten... 2.2.18  Provinsi/Provinc,auto,auto_labeled_needs_validation
Q002,DOC01_BIK,semantic_maxmin,47,2,"score=0.519 hits=5/5 pages=[?] page_match=False ev_type=paragraph | preview: Rasio Konstruksi Perhitungan rasio pekerja tetap konstruksi, hari-orang pekerja harian, balas jasa dan upah pekerja kons",auto,auto_labeled_needs_validation
Q002,DOC01_BIK,semantic_maxmin,54,1,"score=0.514 hits=5/5 pages=[?] page_match=False ev_type=paragraph | preview: The ratio formula is as follows: where, Rt =  Ratio of permanent workers, mandays, Penjelasan Explanation jasa dan upah,",auto,auto_labeled_needs_validation
Q002,DOC01_BIK,semantic_maxmin,67,1,score=0.468 hits=4/5 pages=[?] page_match=False ev_type=paragraph | preview: Hal tersebut dilakukan dengan meminimalkan perbedaan (selisih terkecil) persentase perubahan dari triwulan ke triwulan d,auto,auto_labeled_needs_validation
Q002,DOC01_BIK,semantic_maxmin,14,1,score=0.430 hits=4/5 pages=[?] page_match=False ev_type=paragraph | preview: c. Indeks dan Nilai Balas Jasa dan Upah Pekerja Konstruksi. d. Indeks dan Nilai Balas Jasa Pekerja Tetap Konstruksi. e. ,auto,auto_labeled_needs_validation
Q002,DOC01_BIK,semantic_maxmin,55,1,"score=0.410 hits=4/5 pages=[?] page_match=False ev_type=paragraph | preview: 2.2  Indeks Tahun Dasar 2016 Indeks tahun dasar 2016 masing-masing provinsi diperoleh dari dua sumber, yaitu: hasil peng",auto,auto_labeled_needs_validation
Q002,DOC01_BIK,semantic_maxmin,84,1,"score=0.397 hits=3/5 pages=[?] page_match=False ev_type=paragraph | preview: TENAGA KERJA, BALAS JASA, DAN RATA-RATA UPAH Uraian Triwulan IV-2022 (Okt - Des) Triwulan I-2023 (Jan - Mar) Triwulan II",auto,auto_labeled_needs_validation
Q002,DOC01_BIK,semantic_maxmin,61,1,"score=0.369 hits=3/5 pages=[?] page_match=False ev_type=paragraph | preview: ( ) – % NK NP NS NR = × ( ) – % NK NP NS NR = × Benchmark Indeks Konstruksi (2016=100), 2018–2023 Benchmark of Construct",auto,auto_labeled_needs_validation
Q002,DOC01_BIK,semantic_maxmin,91,1,score=0.369 hits=3/5 pages=[?] page_match=False ev_type=paragraph | preview: Bermasalah 5. Sangat bermasalah Upah Pekerja Tidak Tetap/Harian per Orang per Hari Jumlah Pekerja Tidak Tetap/Harian Tri,auto,auto_labeled_needs_validation
Q002,DOC01_BIK,semantic_maxmin,75,1,score=0.367 hits=5/5 pages=[?] page_match=False ev_type=paragraph [TABLE]| preview: Yogyakarta Jawa Timur Banten Bali Nusa Tenggara Barat Nusa Tenggara Timur Kalimantan Barat Kalimantan Tengah Kalimantan ,auto,auto_labeled_needs_validation
Q002,DOC01_BIK,semantic_maxmin,138,1,"score=0.354 hits=3/5 pages=[?] page_match=False ev_type=paragraph | preview: Nilai dari Pendapatan Lain [Blok VIII, Baris 9 Jumlah Kolom ] JUMLAH A [ 1 + 2 + 3] RINCIAN PENDAPATAN Nilai Konstruksi ",auto,auto_labeled_needs_validation
Q002,DOC01_BIK,semantic_maxmin,73,1,score=0.338 hits=5/5 pages=[?] page_match=False ev_type=paragraph [TABLE]| preview: obtain quarterly benchmark indices base year 2016 for each variable. Tabel-tabel Tables TABEL TABLE Benchmark Indeks Kon,auto,auto_labeled_needs_validation
Q002,DOC01_BIK,semantic_maxmin,25,1,"score=0.302 hits=3/5 pages=[?] page_match=False ev_type=paragraph | preview: Balas Jasa Pekerja Tetap Balas jasa adalah seluruh pengeluaran yang dibayarkan kepada pekerja tetap berupa upah gaji, up",auto,auto_labeled_needs_validation
Q002,DOC01_BIK,semantic_maxmin,93,1,"score=0.293 hits=2/5 pages=[?] page_match=False ev_type=paragraph | preview: Kecil Menengah ≥ 50 Miliar ≥ 2,5 Miliar - 50 Miliar 0 - 2,5 Miliar 1-14 Mei 1-14 Feb 2024 1-14 Agst 1-14 Nov BPS PUSAT B",auto,auto_labeled_needs_validation
Q002,DOC01_BIK,semantic_maxmin,121,1,score=0.284 hits=2/5 pages=[?] page_match=False ev_type=paragraph | preview: J U M L A H (1+2+ … +11) No APBD APBN APBD Volume Pekerjaan KBLI 2021 Kode Kab/Kota Kota Surakarta Kota Surakarta Kab. G,auto,auto_labeled_needs_validation
Q002,DOC01_BIK,semantic_maxmin,120,1,score=0.279 hits=2/5 pages=[?] page_match=False ev_type=paragraph | preview: / / % % / / % % / / % % % / / % / / % % / / % % / / % % / / % % / / % % / / % % % / / % s/d 31/12/22 s/d 31/12/23 Bulan/,auto,auto_labeled_needs_validation
Q002,DOC01_BIK,semantic_maxmin,109,1,score=0.278 hits=3/5 pages=[?] page_match=False ev_type=paragraph | preview: Modal Sendiri Persentase Lainnya: (tuliskan ………………...……………) JUMLAH [1 + 2 + 3] BLOK III. PENAMBAHAN DAN PENGURANGAN BARA,auto,auto_labeled_needs_validation
Q002,DOC01_BIK,semantic_maxmin,117,1,score=0.270 hits=2/5 pages=[?] page_match=False ev_type=paragraph | preview: 2. Rata-rata Persentase penggunaan bahan/material terhadap nilai konstruksi yang diselesaikan selama tahun 2023 % 3. Rat,auto,auto_labeled_needs_validation
Q002,DOC01_BIK,semantic_maxmin,13,1,score=0.255 hits=2/5 pages=[?] page_match=False ev_type=paragraph | preview: Series data yang digunakan dalam benchmarking adalah: a. Indeks dan Banyaknya Pekerja Tetap Konstruksi. b. Indeks dan Ba,auto,auto_labeled_needs_validation
Q002,DOC01_BIK,semantic_maxmin,92,1,score=0.250 hits=2/5 pages=[?] page_match=False ev_type=paragraph | preview: Pekerjaan yang disubkontrakkan : (Blok III Rincian b) Nilai konstruksi yang diselesaikan : pada triwulanan triwulan ters,auto,auto_labeled_needs_validation
Q002,DOC01_BIK,semantic_maxmin,96,1,score=0.228 hits=1/5 pages=[?] page_match=False ev_type=paragraph | preview: Membuat Publikasi Indikator Konstruksi Triwulanan Besar Perusahaan mengisi Kuesioner sesuai dengan triwulan survei dan j,auto,auto_labeled_needs_validation
Q002,DOC01_BIK,semantic_maxmin,23,1,"score=0.222 hits=2/5 pages=[?] page_match=False ev_type=paragraph | preview: a. Pekerja tetap adalah pekerja yang bekerja pada perusahaan dengan menerima balas jasa/gaji secara tetap, baik ada kegi",auto,auto_labeled_needs_validation
Q002,DOC01_BIK,semantic_maxmin,107,1,"score=0.222 hits=2/5 pages=[?] page_match=False ev_type=paragraph | preview: Pinjaman Lembaga Keuangan Pekerja Tetap adalah pekerja yang mendapatkan upah/gaji secara tetap, tidak tergantung pada ke",auto,auto_labeled_needs_validation
Q002,DOC01_BIK,semantic_maxmin,33,1,"score=0.217 hits=2/5 pages=[?] page_match=False ev_type=paragraph | preview: Compensation of Permanent Worker Compensation is all expenses paid to the permanent worker in the form of wage/salary, o",auto,auto_labeled_needs_validation
Q002,DOC01_BIK,recursive,2,2,score=0.671 hits=5/5 pages=[?] page_match=False ev_type=paragraph | preview: Desain Kover/Cover Designer Prisita Nallavasthi v B enchmark indeks konstruksi bertujuan untuk menyajikan data yang sela,auto,auto_labeled_needs_validation
Q002,DOC01_BIK,recursive,51,2,score=0.538 hits=5/5 pages=[?] page_match=False ev_type=paragraph | preview: Uraian Tahun/Years Description Pekerja Tetap/Permanent Workers Triwulan/Quarter I Triwulan/Quarter II Triwulan/Quarter I,auto,auto_labeled_needs_validation
Q002,DOC01_BIK,recursive,56,2,score=0.538 hits=5/5 pages=[?] page_match=False ev_type=paragraph | preview: Uraian Tahun/Years Description Pekerja Tetap/Permanent Workers Triwulan/Quarter I Triwulan/Quarter II Triwulan/Quarter I,auto,auto_labeled_needs_validation
Q002,DOC01_BIK,recursive,61,1,score=0.538 hits=5/5 pages=[?] page_match=False ev_type=paragraph | preview: Uraian Tahun/Years Description Pekerja Tetap/Permanent Workers Triwulan/Quarter I Triwulan/Quarter II Triwulan/Quarter I,auto,auto_labeled_needs_validation
Q002,DOC01_BIK,recursive,66,1,score=0.538 hits=5/5 pages=[?] page_match=False ev_type=paragraph | preview: Uraian Tahun/Years Description Pekerja Tetap/Permanent Workers Triwulan/Quarter I Triwulan/Quarter II Triwulan/Quarter I,auto,auto_labeled_needs_validation
Q002,DOC01_BIK,recursive,71,1,score=0.538 hits=5/5 pages=[?] page_match=False ev_type=paragraph | preview: Uraian Tahun/Years Description Pekerja Tetap/Permanent Workers Triwulan/Quarter I Triwulan/Quarter II Triwulan/Quarter I,auto,auto_labeled_needs_validation
Q002,DOC01_BIK,recursive,76,1,score=0.538 hits=5/5 pages=[?] page_match=False ev_type=paragraph | preview: Uraian Tahun/Years Description Pekerja Tetap/Permanent Workers Triwulan/Quarter I Triwulan/Quarter II Triwulan/Quarter I,auto,auto_labeled_needs_validation
Q002,DOC01_BIK,recursive,81,1,score=0.538 hits=5/5 pages=[?] page_match=False ev_type=paragraph | preview: Uraian Tahun/Years Description Pekerja Tetap/Permanent Workers Triwulan/Quarter I Triwulan/Quarter II Triwulan/Quarter I,auto,auto_labeled_needs_validation
Q002,DOC01_BIK,recursive,86,1,score=0.538 hits=5/5 pages=[?] page_match=False ev_type=paragraph | preview: Uraian Tahun/Years Description Pekerja Tetap/Permanent Workers Triwulan/Quarter I Triwulan/Quarter II Triwulan/Quarter I,auto,auto_labeled_needs_validation
Q002,DOC01_BIK,recursive,91,1,score=0.538 hits=5/5 pages=[?] page_match=False ev_type=paragraph | preview: Uraian Tahun/Years Description Pekerja Tetap/Permanent Workers Triwulan/Quarter I Triwulan/Quarter II Triwulan/Quarter I,auto,auto_labeled_needs_validation
Q002,DOC01_BIK,recursive,96,1,score=0.538 hits=5/5 pages=[?] page_match=False ev_type=paragraph | preview: Uraian Tahun/Years Description Pekerja Tetap/Permanent Workers Triwulan/Quarter I Triwulan/Quarter II Triwulan/Quarter I,auto,auto_labeled_needs_validation
Q002,DOC01_BIK,recursive,101,1,score=0.538 hits=5/5 pages=[?] page_match=False ev_type=paragraph | preview: Uraian Tahun/Years Description Pekerja Tetap/Permanent Workers Triwulan/Quarter I Triwulan/Quarter II Triwulan/Quarter I,auto,auto_labeled_needs_validation
Q002,DOC01_BIK,recursive,106,1,score=0.538 hits=5/5 pages=[?] page_match=False ev_type=paragraph | preview: Uraian Tahun/Years Description Pekerja Tetap/Permanent Workers Triwulan/Quarter I Triwulan/Quarter II Triwulan/Quarter I,auto,auto_labeled_needs_validation
Q002,DOC01_BIK,recursive,111,1,score=0.538 hits=5/5 pages=[?] page_match=False ev_type=paragraph | preview: Uraian Tahun/Years Description Pekerja Tetap/Permanent Workers Triwulan/Quarter I Triwulan/Quarter II Triwulan/Quarter I,auto,auto_labeled_needs_validation
Q002,DOC01_BIK,recursive,116,1,score=0.538 hits=5/5 pages=[?] page_match=False ev_type=paragraph | preview: Uraian Tahun/Years Description Pekerja Tetap/Permanent Workers Triwulan/Quarter I Triwulan/Quarter II Triwulan/Quarter I,auto,auto_labeled_needs_validation
Q002,DOC01_BIK,recursive,121,1,score=0.538 hits=5/5 pages=[?] page_match=False ev_type=paragraph | preview: Uraian Tahun/Years Description Pekerja Tetap/Permanent Workers Triwulan/Quarter I Triwulan/Quarter II Triwulan/Quarter I,auto,auto_labeled_needs_validation
Q002,DOC01_BIK,recursive,126,1,score=0.538 hits=5/5 pages=[?] page_match=False ev_type=paragraph | preview: Uraian Tahun/Years Description Pekerja Tetap/Permanent Workers Triwulan/Quarter I Triwulan/Quarter II Triwulan/Quarter I,auto,auto_labeled_needs_validation
Q002,DOC01_BIK,recursive,131,1,score=0.538 hits=5/5 pages=[?] page_match=False ev_type=paragraph | preview: Uraian Tahun/Years Description Pekerja Tetap/Permanent Workers Triwulan/Quarter I Triwulan/Quarter II Triwulan/Quarter I,auto,auto_labeled_needs_validation
Q002,DOC01_BIK,recursive,146,1,"score=0.538 hits=5/5 pages=[?] page_match=False ev_type=paragraph | preview: Benchmarked Quarterly Growth (q-to-q) of Construction (percent), 2018–2023 Uraian Tahun/Years Description Pekerja Tetap/",auto,auto_labeled_needs_validation
Q002,DOC01_BIK,recursive,157,1,score=0.538 hits=5/5 pages=[?] page_match=False ev_type=paragraph | preview: Uraian Tahun/Years Description Pekerja Tetap/Permanent Workers Triwulan/Quarter I Triwulan/Quarter II Triwulan/Quarter I,auto,auto_labeled_needs_validation
Q002,DOC01_BIK,recursive,168,1,"score=0.538 hits=5/5 pages=[?] page_match=False ev_type=paragraph | preview: Benchmarked Quarterly Growth (q-to-q) of Construction (percent), 2018–2023 Uraian Tahun/Years Description Pekerja Tetap/",auto,auto_labeled_needs_validation
Q002,DOC01_BIK,recursive,179,1,score=0.538 hits=5/5 pages=[?] page_match=False ev_type=paragraph | preview: Uraian Tahun/Years Description Pekerja Tetap/Permanent Workers Triwulan/Quarter I Triwulan/Quarter II Triwulan/Quarter I,auto,auto_labeled_needs_validation
Q002,DOC01_BIK,recursive,190,1,"score=0.538 hits=5/5 pages=[?] page_match=False ev_type=paragraph | preview: Benchmarked Quarterly Growth (q-to-q) of Construction (percent), 2018–2023 Uraian Tahun/Years Description Pekerja Tetap/",auto,auto_labeled_needs_validation
Q002,DOC01_BIK,recursive,201,1,score=0.538 hits=5/5 pages=[?] page_match=False ev_type=paragraph | preview: Uraian Tahun/Years Description Pekerja Tetap/Permanent Workers Triwulan/Quarter I Triwulan/Quarter II Triwulan/Quarter I,auto,auto_labeled_needs_validation
Q002,DOC01_BIK,recursive,137,1,"score=0.533 hits=5/5 pages=[?] page_match=False ev_type=paragraph | preview: 4,23 4,22 INDONESIA TABEL TABLE Benchmark Pertumbuhan Indeks Konstruksi Triwulanan (persen), 2018–2023 Benchmarked Quart",auto,auto_labeled_needs_validation
Q003,DOC01_BIK,element,4,2,score=0.740 hits=4/4 pages=[7] page_match=True ev_type=paragraph | preview: KATA PENGANTAR  selaras antara hasil Survei Perusahaan Konstruksi Triwulanan dan Survei Perusahaan Konstruksi Tahunan. M,auto,auto_labeled_needs_validation
Q003,DOC01_BIK,element,43,1,score=0.541 hits=3/4 pages=[25] page_match=False ev_type=paragraph | preview: 2.2.4 Benchmark Indeks Konstruksi  Benchmarking merupakan suatu teknik yang berkaitan dengan cara pengkombinasian data d,auto,auto_labeled_needs_validation
Q003,DOC01_BIK,element,37,1,"score=0.338 hits=2/4 pages=[23] page_match=False ev_type=paragraph | preview: 2.2 Indeks Tahun Dasar 2016  Indeks tahun dasar 2016 masing-masing provinsi diperoleh dari dua sumber, yaitu: hasil peng",auto,auto_labeled_needs_validation
Q003,DOC01_BIK,element,41,1,"score=0.338 hits=2/4 pages=[24] page_match=False ev_type=paragraph | preview: 2.2.2 From the Value of Annual Construction Statistics  Data yang diolah adalah: pekerja tetap, hari- orang, balas jasa ",auto,auto_labeled_needs_validation
Q003,DOC01_BIK,element,13,1,score=0.333 hits=2/4 pages=[13] page_match=False ev_type=paragraph | preview: Tabel/Tables 2.3 24 2.5 26 2.7 2.8 2.2.29 Provinsi/Province : Sulawesi Tenggara .. 2.2.30 Provinsi/Province : Gorontalo ,auto,auto_labeled_needs_validation
Q003,DOC01_BIK,element,38,1,"score=0.333 hits=2/4 pages=[23] page_match=False ev_type=paragraph | preview: 2.21 Indeks Berantai Triwulanan  a. Indeks yang diolah adalah: pekerja tetap, hari-orang, balas jasa dan upah, balas jas",auto,auto_labeled_needs_validation
Q003,DOC01_BIK,element,15,1,"score=0.313 hits=2/4 pages=[14] page_match=False ev_type=paragraph | preview: Tabel/Tables  211 Benchmark Indeks Upah Pekerja Tidak Tetap/Harian Konstruksi (2016—100) Tahunan Menurut Provinsi, 2018-",auto,auto_labeled_needs_validation
Q003,DOC01_BIK,element,45,1,"score=0.313 hits=2/4 pages=[26,29] page_match=False ev_type=paragraph | preview: 2.2.4 Benchmark of Construction Indices  dengan Metode Proportional Denton untuk mendapatkanindeksbenchmarktriwulanantah",auto,auto_labeled_needs_validation
Q003,DOC01_BIK,element,14,1,score=0.309 hits=2/4 pages=[13] page_match=False ev_type=paragraph | preview: Tabel/Tables  Benchmarked Annual Growth (y-on-y) of Compensation and Wages of Construction Workers by Province (percent),auto,auto_labeled_needs_validation
Q003,DOC01_BIK,element,40,1,"score=0.279 hits=2/4 pages=[23,24] page_match=False ev_type=paragraph | preview: 2.2.1 Ouarterly Chained Indices  a.  Processed indices: permanent workers, mandays, compensation and wages, compensation",auto,auto_labeled_needs_validation
Q003,DOC01_BIK,element,20,1,score=0.272 hits=1/4 pages=[19] page_match=False ev_type=paragraph | preview: RUANG LINGKUP  Statistik konstruksi yang dijadikan sebagai dasar data benchmarking ini adalah hasil Survei Perusahaan Ko,auto,auto_labeled_needs_validation
Q003,DOC01_BIK,element,42,1,score=0.268 hits=1/4 pages=[24] page_match=False ev_type=paragraph | preview: 2.2.3 Growth Rate  Pertumbuhan menunjukkan pergerakan agregat yang berfluktuasi dari satu waktu tertentu terhadap waktu ,auto,auto_labeled_needs_validation
Q003,DOC01_BIK,element,3,1,"score=0.219 hits=1/4 pages=[5] page_match=False ev_type=paragraph | preview: TIM PENYUSUN/COMPILERS  Benchmark Indeks Konstruksi (2016-100), 2018-2023 Benchmark of Construction Indices (2016-100), ",auto,auto_labeled_needs_validation
Q003,DOC01_BIK,element,17,1,"score=0.213 hits=1/4 pages=[15] page_match=False ev_type=paragraph | preview: 31 Benchmark Indeks Konstruksi (2016-100) Indonesia, 2018-2023 Benchmarked Construction Indices of Indonesia (2016-100),",auto,auto_labeled_needs_validation
Q003,DOC01_BIK,element,213,1,"score=0.213 hits=1/4 pages=[112,113,115,116,117,118] page_match=False ev_type=paragraph | preview: PROVINSI/PROVINCE : PAPUA  INDONESIA  16,22  19,75  -17,09  6,31  6,63  Benchmark Indeks Konstruksi (2016-100), 2018-202",auto,auto_labeled_needs_validation
Q003,DOC01_BIK,element,230,1,"score=0.213 hits=1/4 pages=[130] page_match=False ev_type=paragraph | preview: BLOK VII. PENDAPATAN DAN PENGELUARAN  19  lol  ,  2  :  ,  :  :  7  :  ,  Kl  ""  2. Rata-rata Persentase penggunaan baha",auto,auto_labeled_needs_validation
Q003,DOC01_BIK,element,223,1,"score=0.209 hits=1/4 pages=[128,129] page_match=False ev_type=paragraph | preview: SURVEI PERUSAHAAN KONSTRUKSI TAHUNAN  Benchmark Indeks Konstruksi (2016-—100), 2018-2023 Benchmark of Construction Indic",auto,auto_labeled_needs_validation
Q003,DOC01_BIK,element,27,1,score=0.193 hits=1/4 pages=[20] page_match=False ev_type=paragraph | preview: 5. Compensation of Permanent Worker  Balas jasa adalah seluruh pengeluaran yang dibayarkan kepada pekerja tetap berupa u,auto,auto_labeled_needs_validation
Q003,DOC01_BIK,element,6,1,"score=0.189 hits=1/4 pages=[9] page_match=False ev_type=paragraph | preview: DAFTAR ISI/CONTENTS  Benchmark Indeks Konstruksi (2016-100), 2018-2023 Benchmark of Construction Indices (2016-100), 201",auto,auto_labeled_needs_validation
Q003,DOC01_BIK,element,2,1,"score=0.189 hits=1/4 pages=[4] page_match=False ev_type=paragraph | preview: BENCHMARK INDEKS KONSTRUKSI (2016-100), Benchmark of Construction Indices (2016-100), 2018-2023  Volume 14, 2025  Katalo",auto,auto_labeled_needs_validation
Q003,DOC01_BIK,element,36,1,"score=0.189 hits=1/4 pages=[22,23] page_match=False ev_type=paragraph | preview: where,  R, - Rasio pekerja tetap, hari-orang, balas R, 5 Ratio of permanent workers, mandays,  Benchmark Indeks Konstruk",auto,auto_labeled_needs_validation
Q003,DOC01_BIK,element,239,1,"score=0.189 hits=1/4 pages=[134,137] page_match=False ev_type=paragraph | preview: PEKERJAAN KONSTRUKSI TAHUN 2023  Benchmark Indeks Konstruksi (2016-—100), 2018-2023 Benchmark of Construction Indices (2",auto,auto_labeled_needs_validation
Q003,DOC01_BIK,element,5,1,"score=0.184 hits=1/4 pages=[8,9] page_match=False ev_type=paragraph | preview: PREFACE  result of The Ouarterly Construction Establishment Survey and The Annual Construction Establishment Survey. Thi",auto,auto_labeled_needs_validation
Q003,DOC01_BIK,element,117,1,"score=0.184 hits=1/4 pages=[64,65] page_match=False ev_type=paragraph | preview: PROVINSI/PROVINCE : PAPUA  Triwulan/Ouarter IV  142,41  162,52  133,44  140,75  153,69  Benchmark Indeks Konstruksi (201",auto,auto_labeled_needs_validation
Q003,DOC01_BIK,element,121,1,"score=0.184 hits=1/4 pages=[66,67] page_match=False ev_type=paragraph | preview: INDONESIA  Benchmark Indeks Konstruksi (2016-100), 2018-2023 Benchmark of Construction Indices (2016-—100), 2018-2023  T",auto,auto_labeled_needs_validation
Q003,DOC01_BIK,semantic_maxmin,68,2,"score=0.397 hits=2/4 pages=[?] page_match=False ev_type=paragraph | preview: Kemudian masing-masing variabel tersebut dibuat indeks benchmark tahun dasar (2016=100). Selanjutnya untuk indeks benchm [PROMOTED: best candidate, no strict label-2 found]",auto,auto_labeled_promoted_needs_validation
Q003,DOC01_BIK,semantic_maxmin,3,1,"score=0.387 hits=2/4 pages=[?] page_match=False ev_type=paragraph | preview: Selanjutnya, data pada tahun tersebut digerakkan dengan benchmark pertumbuhan tahunan sebelum dan sesudahnya untuk mempe",auto,auto_labeled_needs_validation
Q003,DOC01_BIK,semantic_maxmin,2,1,"score=0.368 hits=2/4 pages=[?] page_match=False ev_type=paragraph | preview: Kondisi sektor konstruksi Indonesia yang dicakup dalam publikasi ini meliputi beberapa indikator, yaitu: pekerja tetap, ",auto,auto_labeled_needs_validation
Q003,DOC01_BIK,semantic_maxmin,61,1,"score=0.368 hits=2/4 pages=[?] page_match=False ev_type=paragraph | preview: ( ) – % NK NP NS NR = × ( ) – % NK NP NS NR = × Benchmark Indeks Konstruksi (2016=100), 2018–2023 Benchmark of Construct",auto,auto_labeled_needs_validation
Q003,DOC01_BIK,semantic_maxmin,62,1,score=0.363 hits=2/4 pages=[?] page_match=False ev_type=paragraph | preview: b. Indeks tahun ke-t merupakan hasil pembagian masing-masing data tahun ke- t dengan data pada tahun dasar 2016 dan dika,auto,auto_labeled_needs_validation
Q003,DOC01_BIK,semantic_maxmin,1,1,"score=0.352 hits=2/4 pages=[?] page_match=False ev_type=paragraph | preview: ISSN 2460-4666 TIM PENYUSUN/COMPILERS Benchmark Indeks Konstruksi (2016=100), 2018–2023 Benchmark of Construction Indice",auto,auto_labeled_needs_validation
Q003,DOC01_BIK,semantic_maxmin,10,1,score=0.348 hits=2/4 pages=[?] page_match=False ev_type=paragraph | preview: Yogyakarta ... 2.2.16  Provinsi/Province : Jawa Timur ... 2.2.17  Provinsi/Province : Banten... 2.2.18  Provinsi/Provinc,auto,auto_labeled_needs_validation
Q003,DOC01_BIK,semantic_maxmin,55,1,"score=0.343 hits=2/4 pages=[?] page_match=False ev_type=paragraph | preview: 2.2  Indeks Tahun Dasar 2016 Indeks tahun dasar 2016 masing-masing provinsi diperoleh dari dua sumber, yaitu: hasil peng",auto,auto_labeled_needs_validation
Q003,DOC01_BIK,semantic_maxmin,72,1,"score=0.338 hits=2/4 pages=[?] page_match=False ev_type=paragraph | preview: After that, for benchmarked indices, each variable before and after base year is being driven by the previous and subseq",auto,auto_labeled_needs_validation
Q003,DOC01_BIK,semantic_maxmin,84,1,"score=0.277 hits=1/4 pages=[?] page_match=False ev_type=paragraph | preview: TENAGA KERJA, BALAS JASA, DAN RATA-RATA UPAH Uraian Triwulan IV-2022 (Okt - Des) Triwulan I-2023 (Jan - Mar) Triwulan II",auto,auto_labeled_needs_validation
Q003,DOC01_BIK,semantic_maxmin,12,1,"score=0.272 hits=1/4 pages=[?] page_match=False ev_type=paragraph | preview: Oleh karena itu, dilakukan benchmarking untuk menyesuaikan fluktuasi tersebut. RUANG LINGKUP Statistik konstruksi yang d",auto,auto_labeled_needs_validation
Q003,DOC01_BIK,semantic_maxmin,65,1,"score=0.248 hits=1/4 pages=[?] page_match=False ev_type=paragraph | preview: where, It =  Index at tth year Xt =  Data at tth year XD =  Data at 2016 base year 2.2.3  Growth Rate The growth rate sh",auto,auto_labeled_needs_validation
Q003,DOC01_BIK,semantic_maxmin,63,1,score=0.238 hits=1/4 pages=[?] page_match=False ev_type=paragraph | preview: Laju pertumbuhan triwulanan (q-to-q) dan tahunan (y-on-y) diperoleh dengan cara membagi angka indeks yang diperoleh pada,auto,auto_labeled_needs_validation
Q003,DOC01_BIK,semantic_maxmin,67,1,score=0.238 hits=1/4 pages=[?] page_match=False ev_type=paragraph | preview: Hal tersebut dilakukan dengan meminimalkan perbedaan (selisih terkecil) persentase perubahan dari triwulan ke triwulan d,auto,auto_labeled_needs_validation
Q003,DOC01_BIK,semantic_maxmin,103,1,"score=0.238 hits=1/4 pages=[?] page_match=False ev_type=paragraph | preview: 6-8 Jakarta, 10710 Tujuan Survei : Dasar Hukum : ( ) SKTH REPUBLIK INDONESIA RAHASIA SURVEI PERUSAHAAN KONSTRUKSI TAHUNA",auto,auto_labeled_needs_validation
Q003,DOC01_BIK,semantic_maxmin,43,1,"score=0.218 hits=1/4 pages=[?] page_match=False ev_type=paragraph | preview: c. The number of small scale construction Benchmark Indeks Konstruksi (2016=100), 2018–2023 Benchmark of Construction In",auto,auto_labeled_needs_validation
Q003,DOC01_BIK,semantic_maxmin,19,1,"score=0.213 hits=1/4 pages=[?] page_match=False ev_type=paragraph | preview: PENJELASAN EXPLANATION Benchmark Indeks Konstruksi (2016=100), 2018–2023 Benchmark of Construction Indices (2016=100), 2",auto,auto_labeled_needs_validation
Q003,DOC01_BIK,semantic_maxmin,69,1,"score=0.213 hits=1/4 pages=[?] page_match=False ev_type=paragraph | preview: Setelah indeks benchmark tahunan tahun dasar untuk keenam variabel tersebut diperoleh, lalu dijalankan Program Benchmark",auto,auto_labeled_needs_validation
Q003,DOC01_BIK,semantic_maxmin,91,1,score=0.213 hits=1/4 pages=[?] page_match=False ev_type=paragraph | preview: Bermasalah 5. Sangat bermasalah Upah Pekerja Tidak Tetap/Harian per Orang per Hari Jumlah Pekerja Tidak Tetap/Harian Tri,auto,auto_labeled_needs_validation
Q003,DOC01_BIK,semantic_maxmin,115,1,"score=0.213 hits=1/4 pages=[?] page_match=False ev_type=paragraph | preview: Contoh: hotmix, tiang pancang, keramik, baja ringan, wallpaper, eskalator, plafon, trafo, kabel, steker dll. Jika lebih ",auto,auto_labeled_needs_validation
Q003,DOC01_BIK,semantic_maxmin,138,1,"score=0.213 hits=1/4 pages=[?] page_match=False ev_type=paragraph | preview: Nilai dari Pendapatan Lain [Blok VIII, Baris 9 Jumlah Kolom ] JUMLAH A [ 1 + 2 + 3] RINCIAN PENDAPATAN Nilai Konstruksi ",auto,auto_labeled_needs_validation
Q003,DOC01_BIK,semantic_maxmin,56,1,"score=0.204 hits=1/4 pages=[?] page_match=False ev_type=paragraph | preview: c. Bagi masing-masing indeks triwulan ke-t dengan rata-rata indeks pada tahun dasar , dan kalikan dengan 100 persen. d. ",auto,auto_labeled_needs_validation
Q003,DOC01_BIK,semantic_maxmin,4,1,"score=0.193 hits=1/4 pages=[?] page_match=False ev_type=paragraph | preview: Benchmark Indeks Konstruksi (2016=100), 2018–2023 2. Benchmark Statistik Konstruksi, 2018–2023 Akhirnya, pada kesempatan",auto,auto_labeled_needs_validation
Q003,DOC01_BIK,semantic_maxmin,0,1,"score=0.189 hits=1/4 pages=[?] page_match=False ev_type=paragraph | preview: BENCHMARK INDEKS KONSTRUKSI (2016=100), Benchmark of Construction Indices (2016=100), 2018–2023 Volume 14, 2025 Katalog/",auto,auto_labeled_needs_validation
Q003,DOC01_BIK,semantic_maxmin,120,1,score=0.189 hits=1/4 pages=[?] page_match=False ev_type=paragraph | preview: / / % % / / % % / / % % % / / % / / % % / / % % / / % % / / % % / / % % / / % % % / / % s/d 31/12/22 s/d 31/12/23 Bulan/,auto,auto_labeled_needs_validation
Q003,DOC01_BIK,recursive,2,2,score=0.650 hits=4/4 pages=[?] page_match=False ev_type=paragraph | preview: Desain Kover/Cover Designer Prisita Nallavasthi v B enchmark indeks konstruksi bertujuan untuk menyajikan data yang sela,auto,auto_labeled_needs_validation
Q003,DOC01_BIK,recursive,40,2,score=0.536 hits=3/4 pages=[?] page_match=False ev_type=paragraph | preview: persentase perubahan dari triwulan ke triwulan di dalam series benchmark aslinya. Teknik penghitungannya adalah sebagai ,auto,auto_labeled_needs_validation
Q003,DOC01_BIK,recursive,35,1,"score=0.417 hits=2/4 pages=[?] page_match=False ev_type=paragraph | preview: c. Divide each index at tth quarter by average index basic year , and multiply by 100 percent. d. Index at ith year is t",auto,auto_labeled_needs_validation
Q003,DOC01_BIK,recursive,36,1,"score=0.392 hits=2/4 pages=[?] page_match=False ev_type=paragraph | preview: t dengan data pada tahun dasar 2016 dan dikalikan dengan 100 persen. dimana, It =  Indeks tahun ke-t Xt =  Data tahun ke",auto,auto_labeled_needs_validation
Q003,DOC01_BIK,recursive,44,1,"score=0.363 hits=2/4 pages=[?] page_match=False ev_type=paragraph | preview: Benchmark of Construction Indices (2016=100), 2018–2023 dengan Metode Proportional Denton untuk mendapatkan indeks bench",auto,auto_labeled_needs_validation
Q003,DOC01_BIK,recursive,32,1,score=0.343 hits=2/4 pages=[?] page_match=False ev_type=paragraph | preview: %NR didapat dari persentase pekerjaan yang diselesaikan akhir periode survei dikurangi persentase pekerjaan di awal peri,auto,auto_labeled_needs_validation
Q003,DOC01_BIK,recursive,43,1,"score=0.338 hits=2/4 pages=[?] page_match=False ev_type=paragraph | preview: The calculation techniques are as follows: Firstly, synchronize the growth rate of benchmark between permanent workers, ",auto,auto_labeled_needs_validation
Q003,DOC01_BIK,recursive,11,1,"score=0.333 hits=2/4 pages=[?] page_match=False ev_type=paragraph | preview: Benchmarked Annual Indices of Mandays of Construction Casual Workers by Province (2016=100), 2018–2023 ... 2.6 Benchmark",auto,auto_labeled_needs_validation
Q003,DOC01_BIK,recursive,13,1,"score=0.313 hits=2/4 pages=[?] page_match=False ev_type=paragraph | preview: Konstruksi Menurut Provinsi (persen), 2018–2023 Benchmarked Annual Growth (y-on-y) of Wages of Construction Casual Worke",auto,auto_labeled_needs_validation
Q003,DOC01_BIK,recursive,31,1,"score=0.313 hits=2/4 pages=[?] page_match=False ev_type=paragraph | preview: where, Rt =  Ratio of permanent workers, mandays, Penjelasan Explanation jasa dan upah, balas jasa, upah, nilai konstruk",auto,auto_labeled_needs_validation
Q003,DOC01_BIK,recursive,10,1,score=0.309 hits=2/4 pages=[?] page_match=False ev_type=paragraph | preview: 2.2.30  Provinsi/Province : Gorontalo ... 2.2.31  Provinsi/Province : Sulawesi Barat ... 2.2.32  Provinsi/Province : Mal,auto,auto_labeled_needs_validation
Q003,DOC01_BIK,recursive,12,1,"score=0.309 hits=2/4 pages=[?] page_match=False ev_type=paragraph | preview: 2.9 Benchmark Indeks Balas Jasa Pekerja Tetap Konstruksi (2016=100) Tahunan Menurut Provinsi, 2018–2023 Benchmarked Annu",auto,auto_labeled_needs_validation
Q003,DOC01_BIK,recursive,230,1,"score=0.309 hits=2/4 pages=[?] page_match=False ev_type=paragraph | preview: 135,77 143,16 TABEL TABLE PROVINSI/PROVINCE Aceh Sumatera Utara Sumatera Barat Riau Jambi Sumatera Selatan Bengkulu Lamp",auto,auto_labeled_needs_validation
Q003,DOC01_BIK,recursive,235,1,"score=0.309 hits=2/4 pages=[?] page_match=False ev_type=paragraph | preview: 135,05 138,75 129,23 146,99 132,86 141,52 146,83 150,60 134,48 158,02 139,47 146,73 152,53 149,98 126,65 143,61 124,87 1",auto,auto_labeled_needs_validation
Q003,DOC01_BIK,recursive,1,1,score=0.303 hits=2/4 pages=[?] page_match=False ev_type=paragraph | preview: www.freepik.com Dilarang mereproduksi dan/atau menggandakan sebagian atau seluruh isi buku ini untuk tujuan komersial ta,auto,auto_labeled_needs_validation
Q003,DOC01_BIK,recursive,16,1,score=0.277 hits=1/4 pages=[?] page_match=False ev_type=paragraph | preview: Survei Perusahaan Konstruksi Triwulanan (SKTR) dan Survei Perusahaan Konstruksi Tahunan (SKTH). Fluktuasi data pada indi,auto,auto_labeled_needs_validation
Q003,DOC01_BIK,recursive,27,1,"score=0.272 hits=1/4 pages=[?] page_match=False ev_type=paragraph | preview: c. The number of small scale construction Benchmark Indeks Konstruksi (2016=100), 2018–2023 Benchmark of Construction In",auto,auto_labeled_needs_validation
Q003,DOC01_BIK,recursive,267,1,score=0.268 hits=1/4 pages=[?] page_match=False ev_type=paragraph | preview: Kerahasiaan : Kerahasiaan data yang diberikan dijamin oleh Undang-Undang Nomor 16 Tahun 1997 (Pasal 21) Informasi lebih ,auto,auto_labeled_needs_validation
Q003,DOC01_BIK,recursive,15,1,"score=0.248 hits=1/4 pages=[?] page_match=False ev_type=paragraph | preview: 3.6 Benchmark Indeks (2016=100) dan Pertumbuhan Balas Jasa Pekerja Tetap Konstruksi Indonesia, 2018–2023 Benchmarked Ind",auto,auto_labeled_needs_validation
Q003,DOC01_BIK,recursive,251,1,score=0.243 hits=1/4 pages=[?] page_match=False ev_type=paragraph | preview: Pelaksanaan survei ini berdasarkan Undang-Undang Nomor 16 Tahun 1997 tentang Statistik (Pasal 11) Kerahasiaan data yang ,auto,auto_labeled_needs_validation
Q003,DOC01_BIK,recursive,258,1,"score=0.238 hits=1/4 pages=[?] page_match=False ev_type=paragraph | preview: Jumlah Pekerja Tetap, Kontrak, Outsourcing, dan Asing Rata-rata Gaji Pekerja Tetap, Kontrak, Outsourcing dan Asing BLOK ",auto,auto_labeled_needs_validation
Q003,DOC01_BIK,recursive,273,1,"score=0.238 hits=1/4 pages=[?] page_match=False ev_type=paragraph | preview: Perjalanan Dinas Pekerja Penelitian dan Pengembangan (Research and Development ) h. Pelumas Listrik Air Telepon, Interne",auto,auto_labeled_needs_validation
Q003,DOC01_BIK,recursive,284,1,score=0.238 hits=1/4 pages=[?] page_match=False ev_type=paragraph | preview: JUMLAH B [ 1 + 2 ] #REF! Efisiensi Perusahaan (A / B x 100%) #REF! 1. Pendapatan Konsultan Perencanaan dan/atau Pengawas,auto,auto_labeled_needs_validation
Q003,DOC01_BIK,recursive,18,1,score=0.218 hits=1/4 pages=[?] page_match=False ev_type=paragraph | preview: COVERAGE Construction statistics to be used for basic data is from Quarterly Construction Establishments Survey from 201,auto,auto_labeled_needs_validation
Q003,DOC01_BIK,recursive,41,1,"score=0.213 hits=1/4 pages=[?] page_match=False ev_type=paragraph | preview: Setelah indeks benchmark tahunan tahun dasar untuk keenam variabel tersebut diperoleh, lalu dijalankan Program Benchmark",auto,auto_labeled_needs_validation
Q004,DOC01_BIK,element,4,2,score=0.717 hits=3/3 pages=[7] page_match=True ev_type=list | preview: KATA PENGANTAR  selaras antara hasil Survei Perusahaan Konstruksi Triwulanan dan Survei Perusahaan Konstruksi Tahunan. M,auto,auto_labeled_needs_validation
Q004,DOC01_BIK,element,43,1,score=0.288 hits=1/3 pages=[25] page_match=False ev_type=list | preview: 2.2.4 Benchmark Indeks Konstruksi  Benchmarking merupakan suatu teknik yang berkaitan dengan cara pengkombinasian data d,auto,auto_labeled_needs_validation
Q004,DOC01_BIK,element,6,1,"score=0.274 hits=1/3 pages=[9] page_match=False ev_type=list | preview: DAFTAR ISI/CONTENTS  Benchmark Indeks Konstruksi (2016-100), 2018-2023 Benchmark of Construction Indices (2016-100), 201",auto,auto_labeled_needs_validation
Q004,DOC01_BIK,element,19,1,score=0.273 hits=1/3 pages=[19] page_match=False ev_type=list | preview: LATAR BELAKANG  Publikasi Benchmark Indeks Konstruksi bertujuan untuk menunjukkan perubahan atau pertumbuhan dari kegiat,auto,auto_labeled_needs_validation
Q004,DOC01_BIK,element,2,1,"score=0.267 hits=1/3 pages=[4] page_match=False ev_type=list | preview: BENCHMARK INDEKS KONSTRUKSI (2016-100), Benchmark of Construction Indices (2016-100), 2018-2023  Volume 14, 2025  Katalo",auto,auto_labeled_needs_validation
Q004,DOC01_BIK,element,27,1,score=0.260 hits=1/3 pages=[20] page_match=False ev_type=list | preview: 5. Compensation of Permanent Worker  Balas jasa adalah seluruh pengeluaran yang dibayarkan kepada pekerja tetap berupa u,auto,auto_labeled_needs_validation
Q004,DOC01_BIK,element,36,1,"score=0.260 hits=1/3 pages=[22,23] page_match=False ev_type=list | preview: where,  R, - Rasio pekerja tetap, hari-orang, balas R, 5 Ratio of permanent workers, mandays,  Benchmark Indeks Konstruk",auto,auto_labeled_needs_validation
Q004,DOC01_BIK,element,3,1,"score=0.253 hits=1/3 pages=[5] page_match=False ev_type=list | preview: TIM PENYUSUN/COMPILERS  Benchmark Indeks Konstruksi (2016-100), 2018-2023 Benchmark of Construction Indices (2016-100), ",auto,auto_labeled_needs_validation
Q004,DOC01_BIK,element,17,1,"score=0.252 hits=1/3 pages=[15] page_match=False ev_type=list | preview: 31 Benchmark Indeks Konstruksi (2016-100) Indonesia, 2018-2023 Benchmarked Construction Indices of Indonesia (2016-100),",auto,auto_labeled_needs_validation
Q004,DOC01_BIK,element,42,1,score=0.252 hits=1/3 pages=[24] page_match=False ev_type=list | preview: 2.2.3 Growth Rate  Pertumbuhan menunjukkan pergerakan agregat yang berfluktuasi dari satu waktu tertentu terhadap waktu ,auto,auto_labeled_needs_validation
Q004,DOC01_BIK,element,213,1,"score=0.252 hits=1/3 pages=[112,113,115,116,117,118] page_match=False ev_type=list | preview: PROVINSI/PROVINCE : PAPUA  INDONESIA  16,22  19,75  -17,09  6,31  6,63  Benchmark Indeks Konstruksi (2016-100), 2018-202",auto,auto_labeled_needs_validation
Q004,DOC01_BIK,element,230,1,"score=0.252 hits=1/3 pages=[130] page_match=False ev_type=list | preview: BLOK VII. PENDAPATAN DAN PENGELUARAN  19  lol  ,  2  :  ,  :  :  7  :  ,  Kl  ""  2. Rata-rata Persentase penggunaan baha",auto,auto_labeled_needs_validation
Q004,DOC01_BIK,element,216,1,"score=0.229 hits=1/3 pages=[125,126,127] page_match=False ev_type=list | preview: DAFTAR PUSTAKA Bibliography  NVYHYSNWId MIdSOUd NYA ISIANOM “NI M019  eped OpOY MES YEJES USNSIINL  -oN  w  EN) eyesn um",auto,auto_labeled_needs_validation
Q004,DOC01_BIK,element,45,1,"score=0.223 hits=1/3 pages=[26,29] page_match=False ev_type=list | preview: 2.2.4 Benchmark of Construction Indices  dengan Metode Proportional Denton untuk mendapatkanindeksbenchmarktriwulanantah",auto,auto_labeled_needs_validation
Q004,DOC01_BIK,element,9,1,"score=0.216 hits=1/3 pages=[11] page_match=False ev_type=list | preview: Tabel/Tables  Halaman  Page  21 Benchmark Indeks Konstruksi (2016-100) Triwulanan, 2018-2023 Benchmarked Ouarterly Indic",auto,auto_labeled_needs_validation
Q004,DOC01_BIK,element,49,1,"score=0.216 hits=1/3 pages=[30,31] page_match=False ev_type=list | preview: INDONESIA  Benchmark Indeks Konstruksi (2016-100), 2018-2023 Benchmark of Construction Indices (2016-—100), 2018-2023  T",auto,auto_labeled_needs_validation
Q004,DOC01_BIK,element,73,1,"score=0.216 hits=1/3 pages=[42,43] page_match=False ev_type=list | preview: PROVINSI/PROVINCE : JAWA BARAT  Benchmark Indeks Konstruksi (2016-100), 2018-2023 Benchmark of Construction Indices (201",auto,auto_labeled_needs_validation
Q004,DOC01_BIK,element,117,1,"score=0.216 hits=1/3 pages=[64,65] page_match=False ev_type=list | preview: PROVINSI/PROVINCE : PAPUA  Triwulan/Ouarter IV  142,41  162,52  133,44  140,75  153,69  Benchmark Indeks Konstruksi (201",auto,auto_labeled_needs_validation
Q004,DOC01_BIK,element,121,1,"score=0.216 hits=1/3 pages=[66,67] page_match=False ev_type=list | preview: INDONESIA  Benchmark Indeks Konstruksi (2016-100), 2018-2023 Benchmark of Construction Indices (2016-—100), 2018-2023  T",auto,auto_labeled_needs_validation
Q004,DOC01_BIK,element,193,1,"score=0.216 hits=1/3 pages=[102,103] page_match=False ev_type=list | preview: PROVINSI/PROVINCE : PAPUA  INDONESIA  2,49  2,78  -|  0,79  0,88  Benchmark Indeks Konstruksi (2016-100), 2018-2023 Benc",auto,auto_labeled_needs_validation
Q004,DOC01_BIK,element,223,1,"score=0.216 hits=1/3 pages=[128,129] page_match=False ev_type=list | preview: SURVEI PERUSAHAAN KONSTRUKSI TAHUNAN  Benchmark Indeks Konstruksi (2016-—100), 2018-2023 Benchmark of Construction Indic",auto,auto_labeled_needs_validation
Q004,DOC01_BIK,element,235,1,"score=0.216 hits=1/3 pages=[132,133] page_match=False ev_type=list | preview: PEKERJAAN KONSTRUKSI TAHUN 2023  NYG NYLVVANSG :IIN 4018  ueyeley ynun yegepe uexsIp Due eeg  uegenel eybujaw/sibusw dny",auto,auto_labeled_needs_validation
Q004,DOC01_BIK,element,239,1,"score=0.216 hits=1/3 pages=[134,137] page_match=False ev_type=list | preview: PEKERJAAN KONSTRUKSI TAHUN 2023  Benchmark Indeks Konstruksi (2016-—100), 2018-2023 Benchmark of Construction Indices (2",auto,auto_labeled_needs_validation
Q004,DOC01_BIK,element,0,1,"score=0.193 hits=1/3 pages=[1,3] page_match=False ev_type=list | preview: Katalog/Catalogue: 6302005 ISSN 2460-4666  BENCHMARK INDEKS KONSTRUKSI  BADAN PUSAT STATISTIK BPS-STATISTICS INDONESIA  ",auto,auto_labeled_needs_validation
Q004,DOC01_BIK,semantic_maxmin,4,2,"score=0.429 hits=2/3 pages=[?] page_match=False ev_type=list | preview: Benchmark Indeks Konstruksi (2016=100), 2018–2023 2. Benchmark Statistik Konstruksi, 2018–2023 Akhirnya, pada kesempatan",auto,auto_labeled_needs_validation
Q004,DOC01_BIK,semantic_maxmin,10,1,score=0.332 hits=1/3 pages=[?] page_match=False ev_type=list | preview: Yogyakarta ... 2.2.16  Provinsi/Province : Jawa Timur ... 2.2.17  Provinsi/Province : Banten... 2.2.18  Provinsi/Provinc,auto,auto_labeled_needs_validation
Q004,DOC01_BIK,semantic_maxmin,1,1,"score=0.288 hits=1/3 pages=[?] page_match=False ev_type=list | preview: ISSN 2460-4666 TIM PENYUSUN/COMPILERS Benchmark Indeks Konstruksi (2016=100), 2018–2023 Benchmark of Construction Indice",auto,auto_labeled_needs_validation
Q004,DOC01_BIK,semantic_maxmin,2,1,"score=0.281 hits=1/3 pages=[?] page_match=False ev_type=list | preview: Kondisi sektor konstruksi Indonesia yang dicakup dalam publikasi ini meliputi beberapa indikator, yaitu: pekerja tetap, ",auto,auto_labeled_needs_validation
Q004,DOC01_BIK,semantic_maxmin,43,1,"score=0.281 hits=1/3 pages=[?] page_match=False ev_type=list | preview: c. The number of small scale construction Benchmark Indeks Konstruksi (2016=100), 2018–2023 Benchmark of Construction In",auto,auto_labeled_needs_validation
Q004,DOC01_BIK,semantic_maxmin,65,1,"score=0.281 hits=1/3 pages=[?] page_match=False ev_type=list | preview: where, It =  Index at tth year Xt =  Data at tth year XD =  Data at 2016 base year 2.2.3  Growth Rate The growth rate sh",auto,auto_labeled_needs_validation
Q004,DOC01_BIK,semantic_maxmin,3,1,"score=0.278 hits=1/3 pages=[?] page_match=False ev_type=list | preview: Selanjutnya, data pada tahun tersebut digerakkan dengan benchmark pertumbuhan tahunan sebelum dan sesudahnya untuk mempe",auto,auto_labeled_needs_validation
Q004,DOC01_BIK,semantic_maxmin,0,1,"score=0.267 hits=1/3 pages=[?] page_match=False ev_type=list | preview: BENCHMARK INDEKS KONSTRUKSI (2016=100), Benchmark of Construction Indices (2016=100), 2018–2023 Volume 14, 2025 Katalog/",auto,auto_labeled_needs_validation
Q004,DOC01_BIK,semantic_maxmin,61,1,"score=0.267 hits=1/3 pages=[?] page_match=False ev_type=list | preview: ( ) – % NK NP NS NR = × ( ) – % NK NP NS NR = × Benchmark Indeks Konstruksi (2016=100), 2018–2023 Benchmark of Construct",auto,auto_labeled_needs_validation
Q004,DOC01_BIK,semantic_maxmin,19,1,"score=0.260 hits=1/3 pages=[?] page_match=False ev_type=list | preview: PENJELASAN EXPLANATION Benchmark Indeks Konstruksi (2016=100), 2018–2023 Benchmark of Construction Indices (2016=100), 2",auto,auto_labeled_needs_validation
Q004,DOC01_BIK,semantic_maxmin,84,1,"score=0.260 hits=1/3 pages=[?] page_match=False ev_type=list | preview: TENAGA KERJA, BALAS JASA, DAN RATA-RATA UPAH Uraian Triwulan IV-2022 (Okt - Des) Triwulan I-2023 (Jan - Mar) Triwulan II",auto,auto_labeled_needs_validation
Q004,DOC01_BIK,semantic_maxmin,103,1,"score=0.260 hits=1/3 pages=[?] page_match=False ev_type=list | preview: 6-8 Jakarta, 10710 Tujuan Survei : Dasar Hukum : ( ) SKTH REPUBLIK INDONESIA RAHASIA SURVEI PERUSAHAAN KONSTRUKSI TAHUNA",auto,auto_labeled_needs_validation
Q004,DOC01_BIK,semantic_maxmin,115,1,"score=0.252 hits=1/3 pages=[?] page_match=False ev_type=list | preview: Contoh: hotmix, tiang pancang, keramik, baja ringan, wallpaper, eskalator, plafon, trafo, kabel, steker dll. Jika lebih ",auto,auto_labeled_needs_validation
Q004,DOC01_BIK,semantic_maxmin,138,1,"score=0.252 hits=1/3 pages=[?] page_match=False ev_type=list | preview: Nilai dari Pendapatan Lain [Blok VIII, Baris 9 Jumlah Kolom ] JUMLAH A [ 1 + 2 + 3] RINCIAN PENDAPATAN Nilai Konstruksi ",auto,auto_labeled_needs_validation
Q004,DOC01_BIK,semantic_maxmin,7,1,"score=0.244 hits=1/3 pages=[?] page_match=False ev_type=list | preview: PREFACE Jakarta, October 2025 Chief Statistician Amalia Adininggar Widyasanti vii Halaman Pages ISSN 2460-4666 DAFTAR IS",auto,auto_labeled_needs_validation
Q004,DOC01_BIK,semantic_maxmin,8,1,score=0.244 hits=1/3 pages=[?] page_match=False ev_type=list | preview: Gambar-Gambar/Figures ... Daftar Pustaka/Bibliography ... Lampiran/Appendix: Kuesioner Survei Perusahaan Konstruksi Triw,auto,auto_labeled_needs_validation
Q004,DOC01_BIK,semantic_maxmin,91,1,score=0.244 hits=1/3 pages=[?] page_match=False ev_type=list | preview: Bermasalah 5. Sangat bermasalah Upah Pekerja Tidak Tetap/Harian per Orang per Hari Jumlah Pekerja Tidak Tetap/Harian Tri,auto,auto_labeled_needs_validation
Q004,DOC01_BIK,semantic_maxmin,120,1,score=0.244 hits=1/3 pages=[?] page_match=False ev_type=list | preview: / / % % / / % % / / % % % / / % / / % % / / % % / / % % / / % % / / % % / / % % % / / % s/d 31/12/22 s/d 31/12/23 Bulan/,auto,auto_labeled_needs_validation
Q004,DOC01_BIK,semantic_maxmin,72,1,"score=0.223 hits=1/3 pages=[?] page_match=False ev_type=list | preview: After that, for benchmarked indices, each variable before and after base year is being driven by the previous and subseq",auto,auto_labeled_needs_validation
Q004,DOC01_BIK,recursive,2,2,score=0.479 hits=2/3 pages=[?] page_match=False ev_type=list | preview: Desain Kover/Cover Designer Prisita Nallavasthi v B enchmark indeks konstruksi bertujuan untuk menyajikan data yang sela,auto,auto_labeled_needs_validation
Q004,DOC01_BIK,recursive,3,2,"score=0.429 hits=2/3 pages=[?] page_match=False ev_type=list | preview: 1. Benchmark Indeks Konstruksi (2016=100), 2018–2023 2. Benchmark Statistik Konstruksi, 2018–2023 Akhirnya, pada kesempa",auto,auto_labeled_needs_validation
Q004,DOC01_BIK,recursive,15,1,"score=0.304 hits=1/3 pages=[?] page_match=False ev_type=list | preview: 3.6 Benchmark Indeks (2016=100) dan Pertumbuhan Balas Jasa Pekerja Tetap Konstruksi Indonesia, 2018–2023 Benchmarked Ind",auto,auto_labeled_needs_validation
Q004,DOC01_BIK,recursive,27,1,"score=0.288 hits=1/3 pages=[?] page_match=False ev_type=list | preview: c. The number of small scale construction Benchmark Indeks Konstruksi (2016=100), 2018–2023 Benchmark of Construction In",auto,auto_labeled_needs_validation
Q004,DOC01_BIK,recursive,13,1,"score=0.273 hits=1/3 pages=[?] page_match=False ev_type=list | preview: Konstruksi Menurut Provinsi (persen), 2018–2023 Benchmarked Annual Growth (y-on-y) of Wages of Construction Casual Worke",auto,auto_labeled_needs_validation
Q004,DOC01_BIK,recursive,0,1,"score=0.267 hits=1/3 pages=[?] page_match=False ev_type=list | preview: BENCHMARK INDEKS KONSTRUKSI (2016=100), Benchmark of Construction Indices (2016=100), 2018–2023 Volume 14, 2025 Katalog/",auto,auto_labeled_needs_validation
Q004,DOC01_BIK,recursive,35,1,"score=0.267 hits=1/3 pages=[?] page_match=False ev_type=list | preview: c. Divide each index at tth quarter by average index basic year , and multiply by 100 percent. d. Index at ith year is t",auto,auto_labeled_needs_validation
Q004,DOC01_BIK,recursive,38,1,score=0.265 hits=1/3 pages=[?] page_match=False ev_type=list | preview: t Dt D I I Avg I = × t t D X I X   = ×     t t D X I X   = ×     t t t I G I −   = − ×     t t t I G I,auto,auto_labeled_needs_validation
Q004,DOC01_BIK,recursive,1,1,score=0.260 hits=1/3 pages=[?] page_match=False ev_type=list | preview: www.freepik.com Dilarang mereproduksi dan/atau menggandakan sebagian atau seluruh isi buku ini untuk tujuan komersial ta,auto,auto_labeled_needs_validation
Q004,DOC01_BIK,recursive,18,1,score=0.260 hits=1/3 pages=[?] page_match=False ev_type=list | preview: COVERAGE Construction statistics to be used for basic data is from Quarterly Construction Establishments Survey from 201,auto,auto_labeled_needs_validation
Q004,DOC01_BIK,recursive,267,1,score=0.260 hits=1/3 pages=[?] page_match=False ev_type=list | preview: Kerahasiaan : Kerahasiaan data yang diberikan dijamin oleh Undang-Undang Nomor 16 Tahun 1997 (Pasal 21) Informasi lebih ,auto,auto_labeled_needs_validation
Q004,DOC01_BIK,recursive,51,1,score=0.252 hits=1/3 pages=[?] page_match=False ev_type=list | preview: Uraian Tahun/Years Description Pekerja Tetap/Permanent Workers Triwulan/Quarter I Triwulan/Quarter II Triwulan/Quarter I,auto,auto_labeled_needs_validation
Q004,DOC01_BIK,recursive,56,1,score=0.252 hits=1/3 pages=[?] page_match=False ev_type=list | preview: Uraian Tahun/Years Description Pekerja Tetap/Permanent Workers Triwulan/Quarter I Triwulan/Quarter II Triwulan/Quarter I,auto,auto_labeled_needs_validation
Q004,DOC01_BIK,recursive,61,1,score=0.252 hits=1/3 pages=[?] page_match=False ev_type=list | preview: Uraian Tahun/Years Description Pekerja Tetap/Permanent Workers Triwulan/Quarter I Triwulan/Quarter II Triwulan/Quarter I,auto,auto_labeled_needs_validation
Q004,DOC01_BIK,recursive,66,1,score=0.252 hits=1/3 pages=[?] page_match=False ev_type=list | preview: Uraian Tahun/Years Description Pekerja Tetap/Permanent Workers Triwulan/Quarter I Triwulan/Quarter II Triwulan/Quarter I,auto,auto_labeled_needs_validation
Q004,DOC01_BIK,recursive,71,1,score=0.252 hits=1/3 pages=[?] page_match=False ev_type=list | preview: Uraian Tahun/Years Description Pekerja Tetap/Permanent Workers Triwulan/Quarter I Triwulan/Quarter II Triwulan/Quarter I,auto,auto_labeled_needs_validation
Q004,DOC01_BIK,recursive,76,1,score=0.252 hits=1/3 pages=[?] page_match=False ev_type=list | preview: Uraian Tahun/Years Description Pekerja Tetap/Permanent Workers Triwulan/Quarter I Triwulan/Quarter II Triwulan/Quarter I,auto,auto_labeled_needs_validation
Q004,DOC01_BIK,recursive,81,1,score=0.252 hits=1/3 pages=[?] page_match=False ev_type=list | preview: Uraian Tahun/Years Description Pekerja Tetap/Permanent Workers Triwulan/Quarter I Triwulan/Quarter II Triwulan/Quarter I,auto,auto_labeled_needs_validation
Q004,DOC01_BIK,recursive,86,1,score=0.252 hits=1/3 pages=[?] page_match=False ev_type=list | preview: Uraian Tahun/Years Description Pekerja Tetap/Permanent Workers Triwulan/Quarter I Triwulan/Quarter II Triwulan/Quarter I,auto,auto_labeled_needs_validation
Q004,DOC01_BIK,recursive,91,1,score=0.252 hits=1/3 pages=[?] page_match=False ev_type=list | preview: Uraian Tahun/Years Description Pekerja Tetap/Permanent Workers Triwulan/Quarter I Triwulan/Quarter II Triwulan/Quarter I,auto,auto_labeled_needs_validation
Q004,DOC01_BIK,recursive,96,1,score=0.252 hits=1/3 pages=[?] page_match=False ev_type=list | preview: Uraian Tahun/Years Description Pekerja Tetap/Permanent Workers Triwulan/Quarter I Triwulan/Quarter II Triwulan/Quarter I,auto,auto_labeled_needs_validation
Q004,DOC01_BIK,recursive,101,1,score=0.252 hits=1/3 pages=[?] page_match=False ev_type=list | preview: Uraian Tahun/Years Description Pekerja Tetap/Permanent Workers Triwulan/Quarter I Triwulan/Quarter II Triwulan/Quarter I,auto,auto_labeled_needs_validation
Q004,DOC01_BIK,recursive,106,1,score=0.252 hits=1/3 pages=[?] page_match=False ev_type=list | preview: Uraian Tahun/Years Description Pekerja Tetap/Permanent Workers Triwulan/Quarter I Triwulan/Quarter II Triwulan/Quarter I,auto,auto_labeled_needs_validation
Q004,DOC01_BIK,recursive,111,1,score=0.252 hits=1/3 pages=[?] page_match=False ev_type=list | preview: Uraian Tahun/Years Description Pekerja Tetap/Permanent Workers Triwulan/Quarter I Triwulan/Quarter II Triwulan/Quarter I,auto,auto_labeled_needs_validation
Q004,DOC01_BIK,recursive,116,1,score=0.252 hits=1/3 pages=[?] page_match=False ev_type=list | preview: Uraian Tahun/Years Description Pekerja Tetap/Permanent Workers Triwulan/Quarter I Triwulan/Quarter II Triwulan/Quarter I,auto,auto_labeled_needs_validation
Q005,DOC01_BIK,element,9,2,"score=0.454 hits=2/4 pages=[11] page_match=True ev_type=table_of_contents | preview: Tabel/Tables  Halaman  Page  21 Benchmark Indeks Konstruksi (2016-100) Triwulanan, 2018-2023 Benchmarked Ouarterly Indic",auto,auto_labeled_needs_validation
Q005,DOC01_BIK,element,45,1,"score=0.447 hits=2/4 pages=[26,29] page_match=False ev_type=table_of_contents | preview: 2.2.4 Benchmark of Construction Indices  dengan Metode Proportional Denton untuk mendapatkanindeksbenchmarktriwulanantah",auto,auto_labeled_needs_validation
Q005,DOC01_BIK,element,4,1,score=0.425 hits=2/4 pages=[7] page_match=False ev_type=table_of_contents | preview: KATA PENGANTAR  selaras antara hasil Survei Perusahaan Konstruksi Triwulanan dan Survei Perusahaan Konstruksi Tahunan. M,auto,auto_labeled_needs_validation
Q005,DOC01_BIK,element,42,1,score=0.394 hits=2/4 pages=[24] page_match=False ev_type=table_of_contents | preview: 2.2.3 Growth Rate  Pertumbuhan menunjukkan pergerakan agregat yang berfluktuasi dari satu waktu tertentu terhadap waktu ,auto,auto_labeled_needs_validation
Q005,DOC01_BIK,element,117,1,"score=0.394 hits=2/4 pages=[64,65] page_match=False ev_type=table_of_contents | preview: PROVINSI/PROVINCE : PAPUA  Triwulan/Ouarter IV  142,41  162,52  133,44  140,75  153,69  Benchmark Indeks Konstruksi (201",auto,auto_labeled_needs_validation
Q005,DOC01_BIK,element,43,1,score=0.369 hits=2/4 pages=[25] page_match=False ev_type=table_of_contents | preview: 2.2.4 Benchmark Indeks Konstruksi  Benchmarking merupakan suatu teknik yang berkaitan dengan cara pengkombinasian data d,auto,auto_labeled_needs_validation
Q005,DOC01_BIK,element,49,1,"score=0.364 hits=2/4 pages=[30,31] page_match=False ev_type=table_of_contents | preview: INDONESIA  Benchmark Indeks Konstruksi (2016-100), 2018-2023 Benchmark of Construction Indices (2016-—100), 2018-2023  T",auto,auto_labeled_needs_validation
Q005,DOC01_BIK,element,73,1,"score=0.364 hits=2/4 pages=[42,43] page_match=False ev_type=table_of_contents | preview: PROVINSI/PROVINCE : JAWA BARAT  Benchmark Indeks Konstruksi (2016-100), 2018-2023 Benchmark of Construction Indices (201",auto,auto_labeled_needs_validation
Q005,DOC01_BIK,element,121,1,"score=0.364 hits=2/4 pages=[66,67] page_match=False ev_type=table_of_contents | preview: INDONESIA  Benchmark Indeks Konstruksi (2016-100), 2018-2023 Benchmark of Construction Indices (2016-—100), 2018-2023  T",auto,auto_labeled_needs_validation
Q005,DOC01_BIK,element,19,1,score=0.322 hits=2/4 pages=[19] page_match=False ev_type=table_of_contents | preview: LATAR BELAKANG  Publikasi Benchmark Indeks Konstruksi bertujuan untuk menunjukkan perubahan atau pertumbuhan dari kegiat,auto,auto_labeled_needs_validation
Q005,DOC01_BIK,element,11,1,score=0.308 hits=1/4 pages=[12] page_match=False ev_type=table_of_contents | preview: Tabel/Tables  Halaman  Page  21.29 Provinsi/Province : Sulawesi Tenggara  42  21.30 Provinsi/Province : Gorontalo ..  43,auto,auto_labeled_needs_validation
Q005,DOC01_BIK,element,214,1,"score=0.286 hits=1/4 pages=[119,123,124,125] page_match=False ev_type=table_of_contents | preview: DAFTAR PUSTAKA Bibliography  Badan Pusat Statistik. 2021. Pedoman Survei Konstruksi 2022. Jakarta: BPS. Badan Pusat Stat",auto,auto_labeled_needs_validation
Q005,DOC01_BIK,element,33,1,"score=0.275 hits=1/4 pages=[21,22] page_match=False ev_type=table_of_contents | preview: 1. Sample  Annual Construction Establishment Survey covers construction establishments operating in Indonesia.  In 2023 ",auto,auto_labeled_needs_validation
Q005,DOC01_BIK,element,216,1,"score=0.269 hits=1/4 pages=[125,126,127] page_match=False ev_type=table_of_contents | preview: DAFTAR PUSTAKA Bibliography  NVYHYSNWId MIdSOUd NYA ISIANOM “NI M019  eped OpOY MES YEJES USNSIINL  -oN  w  EN) eyesn um",auto,auto_labeled_needs_validation
Q005,DOC01_BIK,element,193,1,"score=0.264 hits=1/4 pages=[102,103] page_match=False ev_type=table_of_contents | preview: PROVINSI/PROVINCE : PAPUA  INDONESIA  2,49  2,78  -|  0,79  0,88  Benchmark Indeks Konstruksi (2016-100), 2018-2023 Benc",auto,auto_labeled_needs_validation
Q005,DOC01_BIK,element,213,1,"score=0.264 hits=1/4 pages=[112,113,115,116,117,118] page_match=False ev_type=table_of_contents | preview: PROVINSI/PROVINCE : PAPUA  INDONESIA  16,22  19,75  -17,09  6,31  6,63  Benchmark Indeks Konstruksi (2016-100), 2018-202",auto,auto_labeled_needs_validation
Q005,DOC01_BIK,element,230,1,"score=0.264 hits=1/4 pages=[130] page_match=False ev_type=table_of_contents | preview: BLOK VII. PENDAPATAN DAN PENGELUARAN  19  lol  ,  2  :  ,  :  :  7  :  ,  Kl  ""  2. Rata-rata Persentase penggunaan baha",auto,auto_labeled_needs_validation
Q005,DOC01_BIK,element,2,1,"score=0.256 hits=1/4 pages=[4] page_match=False ev_type=table_of_contents | preview: BENCHMARK INDEKS KONSTRUKSI (2016-100), Benchmark of Construction Indices (2016-100), 2018-2023  Volume 14, 2025  Katalo",auto,auto_labeled_needs_validation
Q005,DOC01_BIK,element,6,1,"score=0.255 hits=1/4 pages=[9] page_match=False ev_type=table_of_contents | preview: DAFTAR ISI/CONTENTS  Benchmark Indeks Konstruksi (2016-100), 2018-2023 Benchmark of Construction Indices (2016-100), 201",auto,auto_labeled_needs_validation
Q005,DOC01_BIK,element,7,1,score=0.252 hits=1/4 pages=[9] page_match=False ev_type=table_of_contents | preview: Kata Pengantar/Preface “.ooooooooooooooooooooooooooooooooWooo om mmunnnnannnnnnanaan Daftar ISi/CONtents ..ooooooooooooo,auto,auto_labeled_needs_validation
Q005,DOC01_BIK,element,38,1,"score=0.239 hits=1/4 pages=[23] page_match=False ev_type=table_of_contents | preview: 2.21 Indeks Berantai Triwulanan  a. Indeks yang diolah adalah: pekerja tetap, hari-orang, balas jasa dan upah, balas jas",auto,auto_labeled_needs_validation
Q005,DOC01_BIK,element,17,1,"score=0.233 hits=1/4 pages=[15] page_match=False ev_type=table_of_contents | preview: 31 Benchmark Indeks Konstruksi (2016-100) Indonesia, 2018-2023 Benchmarked Construction Indices of Indonesia (2016-100),",auto,auto_labeled_needs_validation
Q005,DOC01_BIK,element,36,1,"score=0.233 hits=1/4 pages=[22,23] page_match=False ev_type=table_of_contents | preview: where,  R, - Rasio pekerja tetap, hari-orang, balas R, 5 Ratio of permanent workers, mandays,  Benchmark Indeks Konstruk",auto,auto_labeled_needs_validation
Q005,DOC01_BIK,element,223,1,"score=0.233 hits=1/4 pages=[128,129] page_match=False ev_type=table_of_contents | preview: SURVEI PERUSAHAAN KONSTRUKSI TAHUNAN  Benchmark Indeks Konstruksi (2016-—100), 2018-2023 Benchmark of Construction Indic",auto,auto_labeled_needs_validation
Q005,DOC01_BIK,element,235,1,"score=0.233 hits=1/4 pages=[132,133] page_match=False ev_type=table_of_contents | preview: PEKERJAAN KONSTRUKSI TAHUN 2023  NYG NYLVVANSG :IIN 4018  ueyeley ynun yegepe uexsIp Due eeg  uegenel eybujaw/sibusw dny",auto,auto_labeled_needs_validation
Q005,DOC01_BIK,semantic_maxmin,10,2,score=0.569 hits=3/4 pages=[?] page_match=False ev_type=table_of_contents | preview: Yogyakarta ... 2.2.16  Provinsi/Province : Jawa Timur ... 2.2.17  Provinsi/Province : Banten... 2.2.18  Provinsi/Provinc,auto,auto_labeled_needs_validation
Q005,DOC01_BIK,semantic_maxmin,8,2,score=0.547 hits=3/4 pages=[?] page_match=False ev_type=table_of_contents | preview: Gambar-Gambar/Figures ... Daftar Pustaka/Bibliography ... Lampiran/Appendix: Kuesioner Survei Perusahaan Konstruksi Triw,auto,auto_labeled_needs_validation
Q005,DOC01_BIK,semantic_maxmin,84,2,"score=0.486 hits=3/4 pages=[?] page_match=False ev_type=table_of_contents | preview: TENAGA KERJA, BALAS JASA, DAN RATA-RATA UPAH Uraian Triwulan IV-2022 (Okt - Des) Triwulan I-2023 (Jan - Mar) Triwulan II",auto,auto_labeled_needs_validation
Q005,DOC01_BIK,semantic_maxmin,43,1,"score=0.478 hits=3/4 pages=[?] page_match=False ev_type=table_of_contents | preview: c. The number of small scale construction Benchmark Indeks Konstruksi (2016=100), 2018–2023 Benchmark of Construction In",auto,auto_labeled_needs_validation
Q005,DOC01_BIK,semantic_maxmin,1,1,"score=0.464 hits=3/4 pages=[?] page_match=False ev_type=table_of_contents | preview: ISSN 2460-4666 TIM PENYUSUN/COMPILERS Benchmark Indeks Konstruksi (2016=100), 2018–2023 Benchmark of Construction Indice",auto,auto_labeled_needs_validation
Q005,DOC01_BIK,semantic_maxmin,72,1,"score=0.456 hits=3/4 pages=[?] page_match=False ev_type=table_of_contents | preview: After that, for benchmarked indices, each variable before and after base year is being driven by the previous and subseq",auto,auto_labeled_needs_validation
Q005,DOC01_BIK,semantic_maxmin,9,1,"score=0.378 hits=2/4 pages=[?] page_match=False ev_type=table_of_contents | preview: 2  Benchmark Pertumbuhan Indeks Konstruksi Triwulanan (persen), 2018–2023 Benchmarked Quarterly Growth (q-to-q) of Const",auto,auto_labeled_needs_validation
Q005,DOC01_BIK,semantic_maxmin,65,1,"score=0.378 hits=2/4 pages=[?] page_match=False ev_type=table_of_contents | preview: where, It =  Index at tth year Xt =  Data at tth year XD =  Data at 2016 base year 2.2.3  Growth Rate The growth rate sh",auto,auto_labeled_needs_validation
Q005,DOC01_BIK,semantic_maxmin,103,1,"score=0.364 hits=2/4 pages=[?] page_match=False ev_type=table_of_contents | preview: 6-8 Jakarta, 10710 Tujuan Survei : Dasar Hukum : ( ) SKTH REPUBLIK INDONESIA RAHASIA SURVEI PERUSAHAAN KONSTRUKSI TAHUNA",auto,auto_labeled_needs_validation
Q005,DOC01_BIK,semantic_maxmin,115,1,"score=0.364 hits=2/4 pages=[?] page_match=False ev_type=table_of_contents | preview: Contoh: hotmix, tiang pancang, keramik, baja ringan, wallpaper, eskalator, plafon, trafo, kabel, steker dll. Jika lebih ",auto,auto_labeled_needs_validation
Q005,DOC01_BIK,semantic_maxmin,120,1,score=0.364 hits=2/4 pages=[?] page_match=False ev_type=table_of_contents | preview: / / % % / / % % / / % % % / / % / / % % / / % % / / % % / / % % / / % % / / % % % / / % s/d 31/12/22 s/d 31/12/23 Bulan/,auto,auto_labeled_needs_validation
Q005,DOC01_BIK,semantic_maxmin,138,1,"score=0.364 hits=2/4 pages=[?] page_match=False ev_type=table_of_contents | preview: Nilai dari Pendapatan Lain [Blok VIII, Baris 9 Jumlah Kolom ] JUMLAH A [ 1 + 2 + 3] RINCIAN PENDAPATAN Nilai Konstruksi ",auto,auto_labeled_needs_validation
Q005,DOC01_BIK,semantic_maxmin,0,1,"score=0.356 hits=2/4 pages=[?] page_match=False ev_type=table_of_contents | preview: BENCHMARK INDEKS KONSTRUKSI (2016=100), Benchmark of Construction Indices (2016=100), 2018–2023 Volume 14, 2025 Katalog/",auto,auto_labeled_needs_validation
Q005,DOC01_BIK,semantic_maxmin,7,1,"score=0.356 hits=2/4 pages=[?] page_match=False ev_type=table_of_contents | preview: PREFACE Jakarta, October 2025 Chief Statistician Amalia Adininggar Widyasanti vii Halaman Pages ISSN 2460-4666 DAFTAR IS",auto,auto_labeled_needs_validation
Q005,DOC01_BIK,semantic_maxmin,4,1,"score=0.333 hits=2/4 pages=[?] page_match=False ev_type=table_of_contents | preview: Benchmark Indeks Konstruksi (2016=100), 2018–2023 2. Benchmark Statistik Konstruksi, 2018–2023 Akhirnya, pada kesempatan",auto,auto_labeled_needs_validation
Q005,DOC01_BIK,semantic_maxmin,19,1,"score=0.333 hits=2/4 pages=[?] page_match=False ev_type=table_of_contents | preview: PENJELASAN EXPLANATION Benchmark Indeks Konstruksi (2016=100), 2018–2023 Benchmark of Construction Indices (2016=100), 2",auto,auto_labeled_needs_validation
Q005,DOC01_BIK,semantic_maxmin,61,1,"score=0.333 hits=2/4 pages=[?] page_match=False ev_type=table_of_contents | preview: ( ) – % NK NP NS NR = × ( ) – % NK NP NS NR = × Benchmark Indeks Konstruksi (2016=100), 2018–2023 Benchmark of Construct",auto,auto_labeled_needs_validation
Q005,DOC01_BIK,semantic_maxmin,91,1,score=0.333 hits=2/4 pages=[?] page_match=False ev_type=table_of_contents | preview: Bermasalah 5. Sangat bermasalah Upah Pekerja Tidak Tetap/Harian per Orang per Hari Jumlah Pekerja Tidak Tetap/Harian Tri,auto,auto_labeled_needs_validation
Q005,DOC01_BIK,semantic_maxmin,73,1,score=0.325 hits=3/4 pages=[?] page_match=False ev_type=table_of_contents [TABLE]| preview: obtain quarterly benchmark indices base year 2016 for each variable. Tabel-tabel Tables TABEL TABLE Benchmark Indeks Kon,auto,auto_labeled_needs_validation
Q005,DOC01_BIK,semantic_maxmin,2,1,"score=0.294 hits=2/4 pages=[?] page_match=False ev_type=table_of_contents | preview: Kondisi sektor konstruksi Indonesia yang dicakup dalam publikasi ini meliputi beberapa indikator, yaitu: pekerja tetap, ",auto,auto_labeled_needs_validation
Q005,DOC01_BIK,semantic_maxmin,83,1,score=0.253 hits=1/4 pages=[?] page_match=False ev_type=table_of_contents | preview: DAFTAR PUSTAKA Bibliography Lampiran Appendix Lampiran Kuesioner Survei Perusahaan Konstruksi Triwulanan (SKTR) 2023 App,auto,auto_labeled_needs_validation
Q005,DOC01_BIK,semantic_maxmin,55,1,"score=0.239 hits=1/4 pages=[?] page_match=False ev_type=table_of_contents | preview: 2.2  Indeks Tahun Dasar 2016 Indeks tahun dasar 2016 masing-masing provinsi diperoleh dari dua sumber, yaitu: hasil peng",auto,auto_labeled_needs_validation
Q005,DOC01_BIK,semantic_maxmin,63,1,score=0.239 hits=1/4 pages=[?] page_match=False ev_type=table_of_contents | preview: Laju pertumbuhan triwulanan (q-to-q) dan tahunan (y-on-y) diperoleh dengan cara membagi angka indeks yang diperoleh pada,auto,auto_labeled_needs_validation
Q005,DOC01_BIK,semantic_maxmin,93,1,"score=0.231 hits=1/4 pages=[?] page_match=False ev_type=table_of_contents | preview: Kecil Menengah ≥ 50 Miliar ≥ 2,5 Miliar - 50 Miliar 0 - 2,5 Miliar 1-14 Mei 1-14 Feb 2024 1-14 Agst 1-14 Nov BPS PUSAT B",auto,auto_labeled_needs_validation
Q005,DOC01_BIK,semantic_maxmin,75,1,score=0.217 hits=2/4 pages=[?] page_match=False ev_type=table_of_contents [TABLE]| preview: Yogyakarta Jawa Timur Banten Bali Nusa Tenggara Barat Nusa Tenggara Timur Kalimantan Barat Kalimantan Tengah Kalimantan ,auto,auto_labeled_needs_validation
Q005,DOC01_BIK,recursive,5,2,"score=0.547 hits=3/4 pages=[?] page_match=False ev_type=table_of_contents | preview: PREFACE Jakarta, October 2025 Chief Statistician Amalia Adininggar Widyasanti vii Halaman Pages ISSN 2460-4666 DAFTAR IS",auto,auto_labeled_needs_validation
Q005,DOC01_BIK,recursive,6,2,"score=0.525 hits=3/4 pages=[?] page_match=False ev_type=table_of_contents | preview: LIST OF TABLES Tabel/Tables Halaman .1   Benchmark Indeks Konstruksi (2016=100) Triwulanan, 2018–2023 Benchmarked Quarte",auto,auto_labeled_needs_validation
Q005,DOC01_BIK,recursive,44,2,"score=0.486 hits=3/4 pages=[?] page_match=False ev_type=table_of_contents | preview: Benchmark of Construction Indices (2016=100), 2018–2023 dengan Metode Proportional Denton untuk mendapatkan indeks bench",auto,auto_labeled_needs_validation
Q005,DOC01_BIK,recursive,27,1,"score=0.478 hits=3/4 pages=[?] page_match=False ev_type=table_of_contents | preview: c. The number of small scale construction Benchmark Indeks Konstruksi (2016=100), 2018–2023 Benchmark of Construction In",auto,auto_labeled_needs_validation
Q005,DOC01_BIK,recursive,1,1,score=0.464 hits=3/4 pages=[?] page_match=False ev_type=table_of_contents | preview: www.freepik.com Dilarang mereproduksi dan/atau menggandakan sebagian atau seluruh isi buku ini untuk tujuan komersial ta,auto,auto_labeled_needs_validation
Q005,DOC01_BIK,recursive,251,1,score=0.464 hits=3/4 pages=[?] page_match=False ev_type=table_of_contents | preview: Pelaksanaan survei ini berdasarkan Undang-Undang Nomor 16 Tahun 1997 tentang Statistik (Pasal 11) Kerahasiaan data yang ,auto,auto_labeled_needs_validation
Q005,DOC01_BIK,recursive,2,1,score=0.456 hits=3/4 pages=[?] page_match=False ev_type=table_of_contents | preview: Desain Kover/Cover Designer Prisita Nallavasthi v B enchmark indeks konstruksi bertujuan untuk menyajikan data yang sela,auto,auto_labeled_needs_validation
Q005,DOC01_BIK,recursive,15,1,"score=0.456 hits=3/4 pages=[?] page_match=False ev_type=table_of_contents | preview: 3.6 Benchmark Indeks (2016=100) dan Pertumbuhan Balas Jasa Pekerja Tetap Konstruksi Indonesia, 2018–2023 Benchmarked Ind",auto,auto_labeled_needs_validation
Q005,DOC01_BIK,recursive,43,1,"score=0.456 hits=3/4 pages=[?] page_match=False ev_type=table_of_contents | preview: The calculation techniques are as follows: Firstly, synchronize the growth rate of benchmark between permanent workers, ",auto,auto_labeled_needs_validation
Q005,DOC01_BIK,recursive,148,1,"score=0.408 hits=2/4 pages=[?] page_match=False ev_type=table_of_contents | preview: 1,82 1,38 1,79 2,61 TABEL TABLE Benchmark Pertumbuhan Indeks Konstruksi Triwulanan (persen), 2018–2023 Benchmarked Quart",auto,auto_labeled_needs_validation
Q005,DOC01_BIK,recursive,159,1,"score=0.408 hits=2/4 pages=[?] page_match=False ev_type=table_of_contents | preview: 6,29 0,05 3,43 1,90 TABEL TABLE Benchmark Pertumbuhan Indeks Konstruksi Triwulanan (persen), 2018–2023 Benchmarked Quart",auto,auto_labeled_needs_validation
Q005,DOC01_BIK,recursive,181,1,"score=0.408 hits=2/4 pages=[?] page_match=False ev_type=table_of_contents | preview: 6,03 0,66 1,99 4,35 TABEL TABLE Benchmark Pertumbuhan Indeks Konstruksi Triwulanan (persen), 2018–2023 Benchmarked Quart",auto,auto_labeled_needs_validation
Q005,DOC01_BIK,recursive,192,1,"score=0.408 hits=2/4 pages=[?] page_match=False ev_type=table_of_contents | preview: 5,94 0,24 2,26 1,58 TABEL TABLE Benchmark Pertumbuhan Indeks Konstruksi Triwulanan (persen), 2018–2023 Benchmarked Quart",auto,auto_labeled_needs_validation
Q005,DOC01_BIK,recursive,203,1,"score=0.408 hits=2/4 pages=[?] page_match=False ev_type=table_of_contents | preview: 0,35 1,65 5,88 6,06 TABEL TABLE Benchmark Pertumbuhan Indeks Konstruksi Triwulanan (persen), 2018–2023 Benchmarked Quart",auto,auto_labeled_needs_validation
Q005,DOC01_BIK,recursive,230,1,"score=0.394 hits=2/4 pages=[?] page_match=False ev_type=table_of_contents | preview: 135,77 143,16 TABEL TABLE PROVINSI/PROVINCE Aceh Sumatera Utara Sumatera Barat Riau Jambi Sumatera Selatan Bengkulu Lamp",auto,auto_labeled_needs_validation
Q005,DOC01_BIK,recursive,13,1,"score=0.386 hits=2/4 pages=[?] page_match=False ev_type=table_of_contents | preview: Konstruksi Menurut Provinsi (persen), 2018–2023 Benchmarked Annual Growth (y-on-y) of Wages of Construction Casual Worke",auto,auto_labeled_needs_validation
Q005,DOC01_BIK,recursive,8,1,score=0.378 hits=2/4 pages=[?] page_match=False ev_type=table_of_contents | preview: 2.1.32  Provinsi/Province : Maluku ... 2.1.33  Provinsi/Province : Maluku Utara ... 2.1.34  Provinsi/Province : Papua Ba,auto,auto_labeled_needs_validation
Q005,DOC01_BIK,recursive,137,1,"score=0.378 hits=2/4 pages=[?] page_match=False ev_type=table_of_contents | preview: 4,23 4,22 INDONESIA TABEL TABLE Benchmark Pertumbuhan Indeks Konstruksi Triwulanan (persen), 2018–2023 Benchmarked Quart",auto,auto_labeled_needs_validation
Q005,DOC01_BIK,recursive,170,1,"score=0.378 hits=2/4 pages=[?] page_match=False ev_type=table_of_contents | preview: 1,12 5,07 3,28 4,29 TABEL TABLE Benchmark Pertumbuhan Indeks Konstruksi Triwulanan (persen), 2018–2023 Benchmarked Quart",auto,auto_labeled_needs_validation
Q005,DOC01_BIK,recursive,3,1,"score=0.364 hits=2/4 pages=[?] page_match=False ev_type=table_of_contents | preview: 1. Benchmark Indeks Konstruksi (2016=100), 2018–2023 2. Benchmark Statistik Konstruksi, 2018–2023 Akhirnya, pada kesempa",auto,auto_labeled_needs_validation
Q005,DOC01_BIK,recursive,51,1,score=0.364 hits=2/4 pages=[?] page_match=False ev_type=table_of_contents | preview: Uraian Tahun/Years Description Pekerja Tetap/Permanent Workers Triwulan/Quarter I Triwulan/Quarter II Triwulan/Quarter I,auto,auto_labeled_needs_validation
Q005,DOC01_BIK,recursive,56,1,score=0.364 hits=2/4 pages=[?] page_match=False ev_type=table_of_contents | preview: Uraian Tahun/Years Description Pekerja Tetap/Permanent Workers Triwulan/Quarter I Triwulan/Quarter II Triwulan/Quarter I,auto,auto_labeled_needs_validation
Q005,DOC01_BIK,recursive,61,1,score=0.364 hits=2/4 pages=[?] page_match=False ev_type=table_of_contents | preview: Uraian Tahun/Years Description Pekerja Tetap/Permanent Workers Triwulan/Quarter I Triwulan/Quarter II Triwulan/Quarter I,auto,auto_labeled_needs_validation
Q005,DOC01_BIK,recursive,66,1,score=0.364 hits=2/4 pages=[?] page_match=False ev_type=table_of_contents | preview: Uraian Tahun/Years Description Pekerja Tetap/Permanent Workers Triwulan/Quarter I Triwulan/Quarter II Triwulan/Quarter I,auto,auto_labeled_needs_validation
Q005,DOC01_BIK,recursive,71,1,score=0.364 hits=2/4 pages=[?] page_match=False ev_type=table_of_contents | preview: Uraian Tahun/Years Description Pekerja Tetap/Permanent Workers Triwulan/Quarter I Triwulan/Quarter II Triwulan/Quarter I,auto,auto_labeled_needs_validation
Q006,DOC02_BSK,element,4,2,score=0.536 hits=2/4 pages=[7] page_match=True ev_type=paragraph | preview: KATA PENGANTAR  selaras antara Survei Perusahaan Konstruksi Triwulanan dan Survei Perusahaan Konstruksi Tahunan. Melalui,auto,auto_labeled_needs_validation
Q006,DOC02_BSK,element,2,1,"score=0.265 hits=1/4 pages=[4] page_match=False ev_type=paragraph | preview: BENCHMARK STATISTIK KONSTRUKSI, 2018-2023 Benchmark of Construction Statistics, 2018-2023 Volume 14, 2025  Katalog/Catal",auto,auto_labeled_needs_validation
Q006,DOC02_BSK,element,56,1,"score=0.252 hits=1/4 pages=[24,25] page_match=False ev_type=paragraph | preview: 2.2.4 Benchmark of Construction Indices  Benchmarking is a technigue of combining data with the same variable from two s",auto,auto_labeled_needs_validation
Q006,DOC02_BSK,element,5,1,"score=0.237 hits=0/4 pages=[7] page_match=True ev_type=paragraph | preview: 2. Benchmark Statistik Konstruksi, 2018-2023  Akhirnya, pada kesempatan ini kami mengucapkan terimakasih dan penghargaan",auto,auto_labeled_needs_validation
Q006,DOC02_BSK,element,22,1,score=0.234 hits=1/4 pages=[19] page_match=False ev_type=paragraph | preview: LATAR BELAKANG  Sektor konstruksi memiliki nilai strategis dalam perekonomian nasional. Untuk memantau pelaksanaan pemba,auto,auto_labeled_needs_validation
Q006,DOC02_BSK,element,23,1,score=0.234 hits=1/4 pages=[19] page_match=False ev_type=paragraph | preview: RUANG LINGKUP  Statistik konstruksi yang menjadi dasar benchmarking adalah hasil Survei Perusahaan Konstruksi Triwulanan,auto,auto_labeled_needs_validation
Q006,DOC02_BSK,element,40,1,score=0.212 hits=1/4 pages=[21] page_match=False ev_type=paragraph | preview: 1. Sampel  Survei Perusahaan Konstruksi Tahunan mencakup badan usaha konstruksi yang beroperasi di Indonesia. Pada kegia,auto,auto_labeled_needs_validation
Q006,DOC02_BSK,element,43,1,"score=0.212 hits=1/4 pages=[21,22] page_match=False ev_type=paragraph | preview: 1. Sample  Annual Construction Establishment Survey covers construction establishments which operate in Indonesia. In th",auto,auto_labeled_needs_validation
Q006,DOC02_BSK,element,53,1,score=0.208 hits=1/4 pages=[24] page_match=False ev_type=paragraph | preview: 2.2.4 Benchmark Indeks Konstruksi  Benchmarking merupakan teknik yang mengkombinasian variabel yang sama dari dua sumber,auto,auto_labeled_needs_validation
Q006,DOC02_BSK,element,10,1,score=0.197 hits=1/4 pages=[9] page_match=False ev_type=paragraph | preview: DAFTAR ISI/CONTENTS  Kuesioner Survei Perusahaan Konstruksi Tahunan (SKTH) 2023  Ouestionnaire of 2023 Annual Constructi,auto,auto_labeled_needs_validation
Q006,DOC02_BSK,element,158,1,"score=0.194 hits=1/4 pages=[96] page_match=False ev_type=paragraph | preview: SURVEI PERUSAHAAN KONSTRUKSI TAHUNAN  Benchmark Statistik Konstruksi, 2018-2023 Benchmark Construction Statistics, 2018-",auto,auto_labeled_needs_validation
Q006,DOC02_BSK,element,28,1,"score=0.167 hits=1/4 pages=[20] page_match=False ev_type=paragraph | preview: 2. Perusahaan  Perusahaan adalah suatu badan yang melakukan kegiatan ekonomi, bertujuan menghasilkan barang/jasa, terlet",auto,auto_labeled_needs_validation
Q006,DOC02_BSK,element,153,1,"score=0.167 hits=1/4 pages=[93,95] page_match=False ev_type=paragraph | preview: P4 2 D. 2 IT — Appendix  LAMPIRAN  APPENDIX  Kuesioner Survei Perusahaan Konstruksi Tahunan 2023 (SKTH-2023) Ouestionnai",auto,auto_labeled_needs_validation
Q006,DOC02_BSK,semantic_maxmin,1,2,"score=0.546 hits=3/4 pages=[?] page_match=False ev_type=paragraph | preview: ISSN 2460-4674 TIM PENYUSUN/COMPILERS Benchmark Statistik Konstruksi 2018–2023 Benchmark of Construction Statistics, 201",auto,auto_labeled_needs_validation
Q006,DOC02_BSK,semantic_maxmin,0,1,"score=0.365 hits=2/4 pages=[?] page_match=False ev_type=paragraph | preview: BENCHMARK STATISTIK KONSTRUKSI, 2018–2023 Benchmark of Construction Statistics, 2018–2023 Volume 14, 2025 Katalog/Catalo",auto,auto_labeled_needs_validation
Q006,DOC02_BSK,semantic_maxmin,94,1,"score=0.352 hits=2/4 pages=[?] page_match=False ev_type=paragraph | preview: 6-8 Jakarta, 10710 Tujuan Survei : Dasar Hukum : ( ) SKTH REPUBLIK INDONESIA RAHASIA SURVEI PERUSAHAAN KONSTRUKSI TAHUNA",auto,auto_labeled_needs_validation
Q006,DOC02_BSK,semantic_maxmin,7,1,score=0.325 hits=2/4 pages=[?] page_match=False ev_type=paragraph | preview: Tabel-Tabel/Tables ...  13 3. Gambar-Gambar/Figures ...  57 Daftar Pustaka/Bibliography...  75 Lampiran/Appendix ...  77,auto,auto_labeled_needs_validation
Q006,DOC02_BSK,semantic_maxmin,8,1,"score=0.283 hits=1/4 pages=[?] page_match=False ev_type=paragraph | preview: ...  44 xi Tabel/Table Halaman .31  Banyaknya Perusahaan Konstruksi Menurut Provinsi, 2018–2023 Number of Construction E",auto,auto_labeled_needs_validation
Q006,DOC02_BSK,semantic_maxmin,2,1,"score=0.261 hits=1/4 pages=[?] page_match=False ev_type=paragraph | preview: Kondisi konstruksi Indonesia yang dicakup dalam publikasi ini meliputi beberapa indikator, yaitu: pekerja tetap, hari-or",auto,auto_labeled_needs_validation
Q006,DOC02_BSK,semantic_maxmin,3,1,"score=0.247 hits=1/4 pages=[?] page_match=False ev_type=paragraph | preview: Buku ini merupakan salah satu dari dwilogi publikasi yang diluncurkan serentak, yaitu: 1. Benchmark Indeks Konstruksi (2",auto,auto_labeled_needs_validation
Q006,DOC02_BSK,semantic_maxmin,9,1,score=0.239 hits=1/4 pages=[?] page_match=False ev_type=paragraph | preview: Pengumpulan data konstruksi diawali dengan diadakannya sensus konstruksi tahun 1977 yang mencakup seluruh perusahaan kon,auto,auto_labeled_needs_validation
Q006,DOC02_BSK,semantic_maxmin,33,1,score=0.208 hits=1/4 pages=[?] page_match=False ev_type=paragraph | preview: Dengan pertimbangan jumlah populasi perusahaan konstruksi dan keterwakilan sampel pada setiap skala perusahaan serta ket,auto,auto_labeled_needs_validation
Q006,DOC02_BSK,semantic_maxmin,74,1,score=0.207 hits=1/4 pages=[?] page_match=False ev_type=paragraph | preview: This variable is used as the basis for the calculation of other variables. e. Benchmarked Cost of Construction Material ,auto,auto_labeled_needs_validation
Q006,DOC02_BSK,semantic_maxmin,31,1,score=0.203 hits=1/4 pages=[?] page_match=False ev_type=paragraph | preview: Sampel Survei Perusahaan Konstruksi Tahunan mencakup badan usaha konstruksi yang beroperasi di Indonesia. Pada kegiatan ,auto,auto_labeled_needs_validation
Q006,DOC02_BSK,semantic_maxmin,41,1,"score=0.198 hits=1/4 pages=[?] page_match=False ev_type=paragraph | preview: Perusahaan yang terpilih pada triwulan I akan terus diamati pada triwulan II, triwulan III dan triwulan IV (sampel panel",auto,auto_labeled_needs_validation
Q006,DOC02_BSK,semantic_maxmin,6,1,"score=0.180 hits=1/4 pages=[?] page_match=False ev_type=paragraph | preview: PREFACE Jakarta, October 2025 Chief Statistician Amalia Adininggar Widyasanti vii ISSN 2460-4674 DAFTAR ISI/CONTENTS Ben",auto,auto_labeled_needs_validation
Q006,DOC02_BSK,semantic_maxmin,15,1,"score=0.167 hits=1/4 pages=[?] page_match=False ev_type=paragraph | preview: 2. Perusahaan Perusahaan adalah suatu badan yang melakukan kegiatan ekonomi, bertujuan menghasilkan barang/jasa, terleta",auto,auto_labeled_needs_validation
Q006,DOC02_BSK,semantic_maxmin,90,1,score=0.167 hits=1/4 pages=[?] page_match=False ev_type=paragraph | preview: DAFTAR PUSTAKA BIBLIOGRAPHY Lampiran Appendix LAMPIRAN APPENDIX Kuesioner Survei Perusahaan Konstruksi Tahunan 2023 (SKT,auto,auto_labeled_needs_validation
Q006,DOC02_BSK,semantic_maxmin,4,1,"score=0.163 hits=1/4 pages=[?] page_match=False ev_type=paragraph | preview: Jakarta, Oktober 2025 Kepala Badan Pusat Statistik Amalia Adininggar Widyasanti vi B enchmark of Construction Statistics",auto,auto_labeled_needs_validation
Q006,DOC02_BSK,semantic_maxmin,32,1,"score=0.163 hits=1/4 pages=[?] page_match=False ev_type=paragraph | preview: Penarikan sampelnya dengan menggunakan metode sampling satu tahap, yaitu secara systematic linear sampling. Pemilihan sa",auto,auto_labeled_needs_validation
Q006,DOC02_BSK,semantic_maxmin,5,1,"score=0.158 hits=1/4 pages=[?] page_match=False ev_type=paragraph | preview: The Indonesian Construction in this publication cover some indicators: permanent workers, mandays, compensation and wage",auto,auto_labeled_needs_validation
Q006,DOC02_BSK,semantic_maxmin,57,1,"score=0.154 hits=1/4 pages=[?] page_match=False ev_type=paragraph | preview: Data dengan frekuensi yang lebih banyak (seperti Survei Perusahaan Konstruksi Triwulanan), memiliki tingkat akurasi yang",auto,auto_labeled_needs_validation
Q006,DOC02_BSK,semantic_maxmin,40,1,"score=0.149 hits=1/4 pages=[?] page_match=False ev_type=paragraph | preview: c. Jumlah sampel perusahaan berskala kecil adalah 3.363, seperti pada perusahaan konstruksi menengah, pencacahan dilakuk",auto,auto_labeled_needs_validation
Q006,DOC02_BSK,semantic_maxmin,60,1,"score=0.145 hits=1/4 pages=[?] page_match=False ev_type=paragraph | preview: Data tahunan yang tingkat kepercayaannya lebih tinggi, digunakan sebagai acuan atau benchmark pada fluktuasi data triwul",auto,auto_labeled_needs_validation
Q006,DOC02_BSK,recursive,1,2,score=0.546 hits=3/4 pages=[?] page_match=False ev_type=paragraph | preview: It is prohibited to reproduce and/or duplicate part or all of this book for commercial purpose without permission from B,auto,auto_labeled_needs_validation
Q006,DOC02_BSK,recursive,185,1,"score=0.366 hits=2/4 pages=[?] page_match=False ev_type=paragraph | preview: Survei ini dibiayai oleh APBN. Dalam pelaksanaannya, tidak memungut biaya apapun dari responden dan tidak terkait dengan",auto,auto_labeled_needs_validation
Q006,DOC02_BSK,recursive,0,1,"score=0.365 hits=2/4 pages=[?] page_match=False ev_type=paragraph | preview: BENCHMARK STATISTIK KONSTRUKSI, 2018–2023 Benchmark of Construction Statistics, 2018–2023 Volume 14, 2025 Katalog/Catalo",auto,auto_labeled_needs_validation
Q006,DOC02_BSK,recursive,2,1,score=0.319 hits=1/4 pages=[?] page_match=False ev_type=paragraph | preview: Perusahaan Konstruksi Tahunan. Melalui publikasi ini akan terlihat perkembangan sektor konstruksi Indonesia selama tahun,auto,auto_labeled_needs_validation
Q006,DOC02_BSK,recursive,5,1,"score=0.294 hits=2/4 pages=[?] page_match=False ev_type=paragraph | preview: PREFACE Jakarta, October 2025 Chief Statistician Amalia Adininggar Widyasanti vii ISSN 2460-4674 DAFTAR ISI/CONTENTS Ben",auto,auto_labeled_needs_validation
Q006,DOC02_BSK,recursive,21,1,"score=0.292 hits=1/4 pages=[?] page_match=False ev_type=paragraph | preview: Actual Supply of Cement by Province (ton), 2023 ...  73 Gambar/Figure Halaman Page Penjelasan Explanation PENJELASAN EXP",auto,auto_labeled_needs_validation
Q006,DOC02_BSK,recursive,3,1,"score=0.252 hits=1/4 pages=[?] page_match=False ev_type=paragraph | preview: 1. Benchmark Indeks Konstruksi (2016=100), 2018–2023 2. Benchmark Statistik Konstruksi, 2018–2023 Akhirnya, pada kesempa",auto,auto_labeled_needs_validation
Q006,DOC02_BSK,recursive,15,1,"score=0.234 hits=1/4 pages=[?] page_match=False ev_type=paragraph | preview: Konstruksi Menurut Provinsi (persen), 2018–2023 Growth of Gross Regional Domestic Product at 2010 Constant Market Prices",auto,auto_labeled_needs_validation
Q006,DOC02_BSK,recursive,24,1,score=0.225 hits=1/4 pages=[?] page_match=False ev_type=paragraph | preview: Indices and Value of Compensation of Construction Workers e. Indices and Value of Wages of Casual Construction Workers f,auto,auto_labeled_needs_validation
Q006,DOC02_BSK,recursive,16,1,"score=0.216 hits=1/4 pages=[?] page_match=False ev_type=paragraph | preview: 2.41  Struktur Realisasi Pengadaan Semen Menurut Provinsi (persen), 2018–2023 Structure of Actual Supply of Cement by Pr",auto,auto_labeled_needs_validation
Q006,DOC02_BSK,recursive,29,1,score=0.212 hits=1/4 pages=[?] page_match=False ev_type=paragraph | preview: METODOLOGI 1. Sampel Survei Perusahaan Konstruksi Tahunan mencakup badan usaha konstruksi yang beroperasi di Indonesia. ,auto,auto_labeled_needs_validation
Q006,DOC02_BSK,recursive,10,1,"score=0.212 hits=1/4 pages=[?] page_match=False ev_type=paragraph | preview: 2.19  Persentase Upah Pekerja Harian Konstruksi terhadap Nilai Konstruksi yang Diselesaikan Menurut Provinsi (persen), 2",auto,auto_labeled_needs_validation
Q006,DOC02_BSK,recursive,11,1,score=0.212 hits=1/4 pages=[?] page_match=False ev_type=paragraph | preview: 2023 ...  36 2.23  Persentase Balas Jasa dan Upah Pekerja Konstruksi terhadap Nilai Konstruksi yang Diselesaikan Menurut,auto,auto_labeled_needs_validation
Q006,DOC02_BSK,recursive,13,1,"score=0.212 hits=1/4 pages=[?] page_match=False ev_type=paragraph | preview: Percentage of Cost of Construction Material Used to Value of Construction Works Completed by Province (percent), 2018–20",auto,auto_labeled_needs_validation
Q006,DOC02_BSK,recursive,17,1,"score=0.212 hits=1/4 pages=[?] page_match=False ev_type=paragraph | preview: Pengeluaran Bahan Material Konstruksi yang Digunakan (miliar rupiah), 2018–2023 Benchmarked Value of Construction Works ",auto,auto_labeled_needs_validation
Q006,DOC02_BSK,recursive,163,1,score=0.212 hits=1/4 pages=[?] page_match=False ev_type=paragraph | preview: Banyaknya Pekerja Tetap Konstruksi/Number of Construction Permanent Workers Balas Jasa Pekerja Tetap Konstruksi/Compensa,auto,auto_labeled_needs_validation
Q006,DOC02_BSK,recursive,33,1,score=0.208 hits=1/4 pages=[?] page_match=False ev_type=paragraph | preview: Triwulanan adalah daftar perusahaan konstruksi yang terpilih pada Survei Perusahaan Konstruksi Tahunan. Perusahaan yang ,auto,auto_labeled_needs_validation
Q006,DOC02_BSK,recursive,14,1,"score=0.207 hits=1/4 pages=[?] page_match=False ev_type=paragraph | preview: Menurut Provinsi (persen), 2018–2023 Growth of Gross Regional Domestic Product at Current Market Prices of Construction ",auto,auto_labeled_needs_validation
Q006,DOC02_BSK,recursive,54,1,score=0.207 hits=1/4 pages=[?] page_match=False ev_type=paragraph | preview: e. Benchmarked Cost of Construction Material Used Benchmarked Cost of Construction Material Used is calculated from the ,auto,auto_labeled_needs_validation
Q006,DOC02_BSK,recursive,32,1,"score=0.203 hits=1/4 pages=[?] page_match=False ev_type=paragraph | preview: Annual Construction Establishment Survey was decided as below: a. The number of large scale establishment sample was 1,3",auto,auto_labeled_needs_validation
Q006,DOC02_BSK,recursive,182,1,score=0.198 hits=1/4 pages=[?] page_match=False ev_type=paragraph | preview: Jawa Timur B a n t e n B a l i Nusa Tenggara Barat Nusa Tenggara Timur Kalimantan Barat Kalimantan Tengah Kalimantan Sel,auto,auto_labeled_needs_validation
Q006,DOC02_BSK,recursive,4,1,"score=0.185 hits=1/4 pages=[?] page_match=False ev_type=paragraph | preview: The Indonesian Construction in this publication cover some indicators: permanent workers, mandays, compensation and wage",auto,auto_labeled_needs_validation
Q006,DOC02_BSK,recursive,7,1,"score=0.185 hits=1/4 pages=[?] page_match=False ev_type=paragraph | preview: Growth of Compensation of Construction Permanent Workers by Province (percent), 2018–2023   20 2.7 Struktur Balas Jasa P",auto,auto_labeled_needs_validation
Q006,DOC02_BSK,recursive,9,1,"score=0.185 hits=1/4 pages=[?] page_match=False ev_type=paragraph | preview: Wages of Construction Casual Workers by Province (million rupiah), 2018–2023 ...  28 2.15  Pertumbuhan Upah Pekerja Hari",auto,auto_labeled_needs_validation
Q006,DOC02_BSK,recursive,12,1,"score=0.185 hits=1/4 pages=[?] page_match=False ev_type=paragraph | preview: 2.27  Nilai Pengeluaran Bahan Bangunan/Material yang Digunakan Konstruksi Menurut Provinsi (juta rupiah), 2018–2023 Cost",auto,auto_labeled_needs_validation
Q007,DOC02_BSK,element,4,2,score=0.739 hits=4/4 pages=[7] page_match=True ev_type=paragraph | preview: KATA PENGANTAR  selaras antara Survei Perusahaan Konstruksi Triwulanan dan Survei Perusahaan Konstruksi Tahunan. Melalui,auto,auto_labeled_needs_validation
Q007,DOC02_BSK,element,146,1,"score=0.490 hits=3/4 pages=[73,75,76,77,78] page_match=False ev_type=paragraph | preview: GAMBAR GAMBAR-  —e—  Benchmark Banyaknya Pekerja Tetap (orang) dan Balas Jasa Pekerja Tetap Konstruksi Gambar (miliar ru",auto,auto_labeled_needs_validation
Q007,DOC02_BSK,element,19,1,"score=0.472 hits=3/4 pages=[15] page_match=False ev_type=paragraph | preview: 31 Benchmark Banyaknya Pekerja Tetap (orang) dan Balas Jasa Pekerja Tetap Konstruksi (miliar rupiah), 2018-2023 Benchmar",auto,auto_labeled_needs_validation
Q007,DOC02_BSK,element,14,1,"score=0.362 hits=2/4 pages=[12] page_match=False ev_type=paragraph | preview: 2.16 Struktur Upah Pekerja Harian Konstruksi Menurut Provinsi (persen), 2018-2023 Structure of Wages of Construction Cas",auto,auto_labeled_needs_validation
Q007,DOC02_BSK,element,15,1,"score=0.352 hits=2/4 pages=[12,13] page_match=False ev_type=paragraph | preview: DAFTAR TABEL LIST OF TABLES  2.28 Pertumbuhan Nilai Pengeluaran Bahan Bangunan/Material yang Digunakan Konstruksi Menuru",auto,auto_labeled_needs_validation
Q007,DOC02_BSK,element,56,1,"score=0.326 hits=2/4 pages=[24,25] page_match=False ev_type=paragraph | preview: 2.2.4 Benchmark of Construction Indices  Benchmarking is a technigue of combining data with the same variable from two s",auto,auto_labeled_needs_validation
Q007,DOC02_BSK,element,117,1,"score=0.324 hits=2/4 pages=[57,58] page_match=False ev_type=paragraph | preview: TABEL maBiE  Papua  7.910.003 9.522.281 7.926.765 8.231.438 8.560.590 8.646.714  INDONESIA  685.233.536 836.840.121 690.",auto,auto_labeled_needs_validation
Q007,DOC02_BSK,element,23,1,score=0.321 hits=2/4 pages=[19] page_match=False ev_type=paragraph | preview: RUANG LINGKUP  Statistik konstruksi yang menjadi dasar benchmarking adalah hasil Survei Perusahaan Konstruksi Triwulanan,auto,auto_labeled_needs_validation
Q007,DOC02_BSK,element,44,1,"score=0.316 hits=2/4 pages=[22] page_match=False ev_type=paragraph | preview: 2.1 Rasio Konstruksi  Perhitungan rasio pekerja tetap, pekerja harian, balas jasa dan upah, serta nilai konstruksi triwu",auto,auto_labeled_needs_validation
Q007,DOC02_BSK,element,58,1,"score=0.316 hits=2/4 pages=[25,26] page_match=False ev_type=paragraph | preview: 2.2.5 Benchmark of Construction Statistics  a.  Benchmarked Construction Permanent Workers Benchmarked — Construction — ",auto,auto_labeled_needs_validation
Q007,DOC02_BSK,element,12,1,"score=0.312 hits=2/4 pages=[11] page_match=False ev_type=paragraph | preview: 21 Benchmark Statistik Konstruksi, 2018-2023 Benchmark of Construction Statistics, 2018-2023 2.2 Banyaknya Pekerja Tetap",auto,auto_labeled_needs_validation
Q007,DOC02_BSK,element,148,1,"score=0.297 hits=2/4 pages=[79,80,81] page_match=False ev_type=paragraph | preview: GAMBAR GAMBAR-  Average Compensation of Permanent Workers  Gambi ar  Benchmark Rata-Rata Balas Jasa Pekerja Tetap Konstr",auto,auto_labeled_needs_validation
Q007,DOC02_BSK,element,57,1,score=0.288 hits=2/4 pages=[25] page_match=False ev_type=paragraph | preview: 2.2.5 Benchmark Statistik Konstruksi  a. Benchmark Pekerja Tetap Konstruksi Benchmark Pekerja Tetap Konstruksi masing- m,auto,auto_labeled_needs_validation
Q007,DOC02_BSK,element,164,1,score=0.284 hits=1/4 pages=[98] page_match=False ev_type=paragraph | preview: BLOK VII. PENDAPATAN DAN PENGELUARAN  2. Rata-rata Persentase penggunaan bahan/material terhadap nilai konstruksi yang d,auto,auto_labeled_needs_validation
Q007,DOC02_BSK,element,45,1,"score=0.275 hits=2/4 pages=[22,23] page_match=False ev_type=paragraph | preview: 2.1 Construction Ratio  The guarterly ratio for permanent workers, casual workers, compensation and wages, as well as va",auto,auto_labeled_needs_validation
Q007,DOC02_BSK,element,150,1,"score=0.271 hits=1/4 pages=[82,83,84,85,86] page_match=False ev_type=paragraph | preview: GAMBAR GAMBAR-  Average Wages of Casual Workers  Gambar Figure Benchmark Rata-Rata Upah Pekerja Harian Konstruksi Menuru",auto,auto_labeled_needs_validation
Q007,DOC02_BSK,element,47,1,"score=0.252 hits=2/4 pages=[23] page_match=False ev_type=paragraph | preview: 2.21 Dari Indeks Triwulanan  a. Indeks yang diolah adalah: pekerja tetap, hari-orang, balas jasa dan upah, balas jasa, U",auto,auto_labeled_needs_validation
Q007,DOC02_BSK,element,159,1,score=0.239 hits=1/4 pages=[97] page_match=False ev_type=paragraph | preview: BLOK V. BIAYA/PENGELUARAN OPERASIONAL SELAMA TAHUN 2023 Uraian Nilai (000 Rp) 2 3 Bahan Bakar dan Pelumas : (atbt ... th,auto,auto_labeled_needs_validation
Q007,DOC02_BSK,element,166,1,"score=0.235 hits=1/4 pages=[99] page_match=False ev_type=paragraph | preview: tahun sebelumnya maupun yang dimulai pada tahun 2023, baik di dalam negeri maupun di luar negeri. Bulan/Tah Kumulatif Bi",auto,auto_labeled_needs_validation
Q007,DOC02_BSK,element,170,1,"score=0.235 hits=1/4 pages=[101] page_match=False ev_type=paragraph | preview: Nilai (000 Rp) ro) el Rincian .. RINCIAN PENGELUARAN . Balas Jasa dan Upah Pekerja (Blok II, Rincian B Baris 4 Jumlah Ko",auto,auto_labeled_needs_validation
Q007,DOC02_BSK,element,61,1,"score=0.234 hits=1/4 pages=[27] page_match=False ev_type=paragraph | preview: where,  d.  Benchmark Nilai Konstruksi Diselesaikan BenchmarkNilaiKonstruksiyangDiselesaikan diperoleh dengan cara menet",auto,auto_labeled_needs_validation
Q007,DOC02_BSK,element,62,1,"score=0.229 hits=1/4 pages=[27,29,31] page_match=False ev_type=paragraph | preview: where,  M, - Pengeluaran bahan/material yang digunakan provinsi ke-i tahun ke-t  M,.  -  Cost of Construction Material U",auto,auto_labeled_needs_validation
Q007,DOC02_BSK,element,39,1,score=0.211 hits=1/4 pages=[21] page_match=False ev_type=paragraph | preview: 8. Pengeluaran Bahan/Material yang Digunakan  Pengeluaran bahan/material yang digunakan adalah seluruh biaya/ pengeluara,auto,auto_labeled_needs_validation
Q007,DOC02_BSK,element,167,1,"score=0.211 hits=1/4 pages=[99,100] page_match=False ev_type=paragraph | preview: PEKERJAAN KONSTRUKSI TAHUN 2023  4 Nilai Kontrak/Pekerjaan adalah nilai kontrak/pekerjaan yang dikerjakan oleh pihak pem",auto,auto_labeled_needs_validation
Q007,DOC02_BSK,element,21,1,"score=0.210 hits=1/4 pages=[16,17] page_match=False ev_type=paragraph | preview: Halaman Page  3.13 Benchmark Pengeluaran Bahan Material Konstruksi Menurut Provins (miliar rupiah)i, 2023  Benchmarked C",auto,auto_labeled_needs_validation
Q007,DOC02_BSK,semantic_maxmin,2,2,"score=0.649 hits=4/4 pages=[?] page_match=False ev_type=paragraph | preview: Kondisi konstruksi Indonesia yang dicakup dalam publikasi ini meliputi beberapa indikator, yaitu: pekerja tetap, hari-or",auto,auto_labeled_needs_validation
Q007,DOC02_BSK,semantic_maxmin,7,2,score=0.631 hits=4/4 pages=[?] page_match=False ev_type=paragraph | preview: Tabel-Tabel/Tables ...  13 3. Gambar-Gambar/Figures ...  57 Daftar Pustaka/Bibliography...  75 Lampiran/Appendix ...  77,auto,auto_labeled_needs_validation
Q007,DOC02_BSK,semantic_maxmin,8,2,"score=0.526 hits=3/4 pages=[?] page_match=False ev_type=paragraph | preview: ...  44 xi Tabel/Table Halaman .31  Banyaknya Perusahaan Konstruksi Menurut Provinsi, 2018–2023 Number of Construction E",auto,auto_labeled_needs_validation
Q007,DOC02_BSK,semantic_maxmin,82,1,score=0.468 hits=4/4 pages=[?] page_match=False ev_type=paragraph [TABLE]| preview: Yogyakarta 6.899 7.093 7.001 7.040 7.092 7.214 Jawa Timur 141.902 145.529 142.987 143.191 143.276 145.038 Banten 57.189 ,auto,auto_labeled_needs_validation
Q007,DOC02_BSK,semantic_maxmin,73,1,score=0.372 hits=2/4 pages=[?] page_match=False ev_type=paragraph | preview: it it it it BJ Publikasi BJ Benchmark BJU Benchmark BJU Publikasi = × it it it it BJ Publikasi BJ Benchmark BJU Benchmar,auto,auto_labeled_needs_validation
Q007,DOC02_BSK,semantic_maxmin,61,1,score=0.316 hits=2/4 pages=[?] page_match=False ev_type=paragraph | preview: Hal tersebut dilakukan dengan meminimalkan perbedaan (selisih terkecil) persentase perubahan dari triwulan ke triwulan d,auto,auto_labeled_needs_validation
Q007,DOC02_BSK,semantic_maxmin,10,1,score=0.303 hits=2/4 pages=[?] page_match=False ev_type=paragraph | preview: Series data yang digunakan dalam benchmarking adalah: a. Indeks dan Banyaknya Pekerja Tetap Konstruksi b. Indeks Hari-Or,auto,auto_labeled_needs_validation
Q007,DOC02_BSK,semantic_maxmin,106,1,"score=0.298 hits=1/4 pages=[?] page_match=False ev_type=paragraph | preview: Contoh: hotmix, tiang pancang, keramik, baja ringan, wallpaper, eskalator, plafon, trafo, kabel, steker dll. Jika lebih ",auto,auto_labeled_needs_validation
Q007,DOC02_BSK,semantic_maxmin,49,1,"score=0.294 hits=2/4 pages=[?] page_match=False ev_type=paragraph | preview: dimana, NK =  Nilai konstruksi yang diselesaikan NP =  Nilai kontrak proyek NS =  Nilai pekerjaan yang disubkontrakkan k",auto,auto_labeled_needs_validation
Q007,DOC02_BSK,semantic_maxmin,44,1,"score=0.275 hits=2/4 pages=[?] page_match=False ev_type=paragraph | preview: Formula rasio tersebut adalah sebagai berikut: dimana, Rt =  Rasio pekerja tetap, hari-orang, balas jasa dan upah, nilai",auto,auto_labeled_needs_validation
Q007,DOC02_BSK,semantic_maxmin,48,1,"score=0.275 hits=2/4 pages=[?] page_match=False ev_type=paragraph | preview: 2. Computation 2.1  Construction Ratio The quarterly ratio for permanent workers, casual workers, compensation and wages",auto,auto_labeled_needs_validation
Q007,DOC02_BSK,semantic_maxmin,111,1,score=0.253 hits=1/4 pages=[?] page_match=False ev_type=paragraph | preview: / / % % / / % % / / % % % / / % / / % % / / % % / / % % / / % % / / % % / / % % % / / % s/d 31/12/22 s/d 31/12/23 Bulan/,auto,auto_labeled_needs_validation
Q007,DOC02_BSK,semantic_maxmin,112,1,score=0.244 hits=1/4 pages=[?] page_match=False ev_type=paragraph | preview: J U M L A H (1+2+ … +11) No APBD APBN APBD Volume Pekerjaan KBLI 2021 Kode Kab/Kota Kota Surakarta Kota Surakarta Kab. G,auto,auto_labeled_needs_validation
Q007,DOC02_BSK,semantic_maxmin,110,1,"score=0.234 hits=1/4 pages=[?] page_match=False ev_type=paragraph | preview: PENDAPATAN DAN PENGELUARAN No Provinsi dan Kabupaten/Kota Lokasi Proyek Volume Pekerjaan Satuan (m, m2, m3, km, dll) Nil",auto,auto_labeled_needs_validation
Q007,DOC02_BSK,semantic_maxmin,108,1,score=0.220 hits=1/4 pages=[?] page_match=False ev_type=paragraph | preview: 2. Rata-rata Persentase penggunaan bahan/material terhadap nilai konstruksi yang diselesaikan selama tahun 2023 % 3. Rat,auto,auto_labeled_needs_validation
Q007,DOC02_BSK,semantic_maxmin,29,1,score=0.206 hits=1/4 pages=[?] page_match=False ev_type=paragraph | preview: 8. Pengeluaran Bahan/Material yang Digunakan Pengeluaran bahan/material yang digunakan adalah seluruh biaya/ pengeluaran,auto,auto_labeled_needs_validation
Q007,DOC02_BSK,semantic_maxmin,133,1,"score=0.197 hits=1/4 pages=[?] page_match=False ev_type=paragraph | preview: i. Intramural (000 Rp) ii. Extramural (000 Rp) iii. Jumlah (000 Rp) 1. Menurut perusahaan, metode pengisian kuesioner se",auto,auto_labeled_needs_validation
Q007,DOC02_BSK,semantic_maxmin,81,1,score=0.194 hits=2/4 pages=[?] page_match=False ev_type=paragraph [TABLE]| preview: Balas Jasa dan Upah Pekerja Konstruksi Compensation and Wages of Construction Workers juta rupiah million rupiahs 218.06,auto,auto_labeled_needs_validation
Q007,DOC02_BSK,semantic_maxmin,68,1,score=0.183 hits=1/4 pages=[?] page_match=False ev_type=paragraph | preview: 2.2.5  Benchmark of Construction Statistics a. Benchmarked Construction Permanent Workers Benchmarked Construction Perma,auto,auto_labeled_needs_validation
Q007,DOC02_BSK,semantic_maxmin,126,1,"score=0.183 hits=1/4 pages=[?] page_match=False ev_type=paragraph | preview: C. % D. % [Blok II, Rincian B Baris 4 Jumlah Kolom + Blok VII, Rincian 1 Baris 12 Jumlah Kolom ] Nilai Pemakaian Bahan/M",auto,auto_labeled_needs_validation
Q007,DOC02_BSK,semantic_maxmin,74,1,score=0.182 hits=1/4 pages=[?] page_match=False ev_type=paragraph | preview: This variable is used as the basis for the calculation of other variables. e. Benchmarked Cost of Construction Material ,auto,auto_labeled_needs_validation
Q007,DOC02_BSK,semantic_maxmin,69,1,score=0.179 hits=1/4 pages=[?] page_match=False ev_type=paragraph | preview: c. Benchmark Balas Jasa dan Upah Pekerja Konstruksi Benchmark Balas Jasa dan Upah Pekerja setiap provinsi diperoleh deng,auto,auto_labeled_needs_validation
Q007,DOC02_BSK,semantic_maxmin,19,1,"score=0.174 hits=1/4 pages=[?] page_match=False ev_type=paragraph | preview: Balas Jasa Pekerja Tetap Balas jasa adalah seluruh pengeluaran yang dibayarkan kepada pekerja tetap berupa upah gaji, up",auto,auto_labeled_needs_validation
Q007,DOC02_BSK,semantic_maxmin,63,1,"score=0.174 hits=1/4 pages=[?] page_match=False ev_type=paragraph | preview: Setelah indeks benchmark tahunan tahun dasar 2016 diperoleh, lalu dijalankan Program Bench dengan Metode Proportional De",auto,auto_labeled_needs_validation
Q007,DOC02_BSK,semantic_maxmin,70,1,"score=0.166 hits=1/4 pages=[?] page_match=False ev_type=paragraph | preview: dimana, BJit =  Balas jasa pekerja tetap provinsi ke-i tahun ke-t BJUit  =  Balas jasa dan upah pekerja provinsi ke-i ta",auto,auto_labeled_needs_validation
Q007,DOC02_BSK,recursive,2,2,score=0.649 hits=4/4 pages=[?] page_match=False ev_type=paragraph | preview: Perusahaan Konstruksi Tahunan. Melalui publikasi ini akan terlihat perkembangan sektor konstruksi Indonesia selama tahun,auto,auto_labeled_needs_validation
Q007,DOC02_BSK,recursive,16,2,"score=0.490 hits=3/4 pages=[?] page_match=False ev_type=paragraph | preview: 2.41  Struktur Realisasi Pengadaan Semen Menurut Provinsi (persen), 2018–2023 Structure of Actual Supply of Cement by Pr",auto,auto_labeled_needs_validation
Q007,DOC02_BSK,recursive,163,2,score=0.490 hits=3/4 pages=[?] page_match=False ev_type=paragraph | preview: Banyaknya Pekerja Tetap Konstruksi/Number of Construction Permanent Workers Balas Jasa Pekerja Tetap Konstruksi/Compensa,auto,auto_labeled_needs_validation
Q007,DOC02_BSK,recursive,52,1,score=0.372 hits=2/4 pages=[?] page_match=False ev_type=paragraph | preview: it it it it BJ Publikasi BJ Benchmark BJU Benchmark BJU Publikasi = × it it it it BJ Publikasi BJ Benchmark BJU Benchmar,auto,auto_labeled_needs_validation
Q007,DOC02_BSK,recursive,11,1,score=0.358 hits=2/4 pages=[?] page_match=False ev_type=paragraph | preview: 2023 ...  36 2.23  Persentase Balas Jasa dan Upah Pekerja Konstruksi terhadap Nilai Konstruksi yang Diselesaikan Menurut,auto,auto_labeled_needs_validation
Q007,DOC02_BSK,recursive,17,1,"score=0.358 hits=2/4 pages=[?] page_match=False ev_type=paragraph | preview: Pengeluaran Bahan Material Konstruksi yang Digunakan (miliar rupiah), 2018–2023 Benchmarked Value of Construction Works ",auto,auto_labeled_needs_validation
Q007,DOC02_BSK,recursive,45,1,score=0.335 hits=2/4 pages=[?] page_match=False ev_type=paragraph | preview: (selisih terkecil) persentase perubahan dari triwulan ke triwulan dalam series benchmark aslinya. Teknik penghitungannya,auto,auto_labeled_needs_validation
Q007,DOC02_BSK,recursive,12,1,"score=0.334 hits=2/4 pages=[?] page_match=False ev_type=paragraph | preview: 2.27  Nilai Pengeluaran Bahan Bangunan/Material yang Digunakan Konstruksi Menurut Provinsi (juta rupiah), 2018–2023 Cost",auto,auto_labeled_needs_validation
Q007,DOC02_BSK,recursive,22,1,score=0.326 hits=2/4 pages=[?] page_match=False ev_type=paragraph | preview: Konstruksi Triwulanan dan Tahunan tahun 2018 sampai dengan 2023. Series data yang digunakan dalam benchmarking adalah: a,auto,auto_labeled_needs_validation
Q007,DOC02_BSK,recursive,54,1,score=0.297 hits=2/4 pages=[?] page_match=False ev_type=paragraph | preview: e. Benchmarked Cost of Construction Material Used Benchmarked Cost of Construction Material Used is calculated from the ,auto,auto_labeled_needs_validation
Q007,DOC02_BSK,recursive,37,1,score=0.294 hits=2/4 pages=[?] page_match=False ev_type=paragraph | preview: NK =  Nilai konstruksi yang diselesaikan NP =  Nilai kontrak proyek NS =  Nilai pekerjaan yang disubkontrakkan ke kontra,auto,auto_labeled_needs_validation
Q007,DOC02_BSK,recursive,26,1,score=0.289 hits=2/4 pages=[?] page_match=False ev_type=paragraph | preview: 4. Hari-Orang Pekerja Harian Hari-Orang adalah jumlah pekerja harian dan hari yang dibutuhkan untuk menyelesaikan suatu ,auto,auto_labeled_needs_validation
Q007,DOC02_BSK,recursive,46,1,score=0.288 hits=2/4 pages=[?] page_match=False ev_type=paragraph | preview: 2.2.5  Benchmark Statistik Konstruksi a. Benchmark Pekerja Tetap Konstruksi Benchmark Pekerja Tetap Konstruksi masing- m,auto,auto_labeled_needs_validation
Q007,DOC02_BSK,recursive,191,1,"score=0.284 hits=1/4 pages=[?] page_match=False ev_type=paragraph | preview: Perjalanan Dinas Pekerja Penelitian dan Pengembangan (Research and Development ) h. Pelumas Listrik Air Telepon, Interne",auto,auto_labeled_needs_validation
Q007,DOC02_BSK,recursive,18,1,"score=0.284 hits=2/4 pages=[?] page_match=False ev_type=paragraph | preview: Benchmarked Compensation of Construction Permanent Workers by Province (billion rupiahs), 2023 ...  62 3.7  Benchmark Ra",auto,auto_labeled_needs_validation
Q007,DOC02_BSK,recursive,34,1,"score=0.280 hits=2/4 pages=[?] page_match=False ev_type=paragraph | preview: Perhitungan rasio pekerja tetap, pekerja harian, balas jasa dan upah, serta nilai konstruksi triwulanan menggunakan rasi",auto,auto_labeled_needs_validation
Q007,DOC02_BSK,recursive,36,1,"score=0.275 hits=2/4 pages=[?] page_match=False ev_type=paragraph | preview: The quarterly ratio for permanent workers, casual workers, compensation and wages, as well as value of onstruction works",auto,auto_labeled_needs_validation
Q007,DOC02_BSK,recursive,25,1,"score=0.261 hits=2/4 pages=[?] page_match=False ev_type=paragraph | preview: CV, PT (Persero), Koperasi, dan lainnya. 3. Pekerja Pekerja adalah semua orang yang pada saat pencacahan bekerja di peru",auto,auto_labeled_needs_validation
Q007,DOC02_BSK,recursive,195,1,score=0.253 hits=1/4 pages=[?] page_match=False ev_type=paragraph | preview: % / / % / / % % / / % % / / % % / / % % / / % % / / % % % / / % s/d 31/12/22 s/d 31/12/23 Bulan/Tahun Pelaksanaan Pekerj,auto,auto_labeled_needs_validation
Q007,DOC02_BSK,recursive,19,1,"score=0.248 hits=1/4 pages=[?] page_match=False ev_type=paragraph | preview: Benchmarked Average Wages of Construction Casual Workers by Province (rupiahs), 2023 ...  66 3.11  Benchmark Balas Jasa ",auto,auto_labeled_needs_validation
Q007,DOC02_BSK,recursive,28,1,score=0.243 hits=1/4 pages=[?] page_match=False ev_type=paragraph | preview: 6. Wages of Casual Worker Wages is all expenses paid to the casual worker either in the form of money or goods as compen,auto,auto_labeled_needs_validation
Q007,DOC02_BSK,recursive,197,1,score=0.239 hits=1/4 pages=[?] page_match=False ev_type=paragraph | preview: Tahun 2023 7) {[ - ] * (12-11)/100} + Biaya Bahan/Material yang Digunakan Selama Tahun 2023 6) Nama Proyek/Jenis Pekerja,auto,auto_labeled_needs_validation
Q007,DOC02_BSK,recursive,53,1,score=0.229 hits=1/4 pages=[?] page_match=False ev_type=paragraph | preview: e. Benchmark Pengeluaran Bahan/Material yang Digunakan Benchmark Pengeluaran Bahan/Material yang Digunakan dihitung deng,auto,auto_labeled_needs_validation
Q007,DOC02_BSK,recursive,176,1,score=0.228 hits=1/4 pages=[?] page_match=False ev_type=paragraph | preview: 5.630 12.647 1.809 10.071 1.974 4.655 78.516 49.264 4.816 105.605 22.378 8.324 7.276 5.569 10.647 7.303 10.367 21.097 3.,auto,auto_labeled_needs_validation
Q007,DOC02_BSK,recursive,175,1,score=0.224 hits=1/4 pages=[?] page_match=False ev_type=paragraph | preview: A c e h Sumatera Utara Sumatera Barat R i a u J a m b i Sumatera Selatan Bengkulu Lampung Kep. Bangka Belitung Kepulauan,auto,auto_labeled_needs_validation
Q008,DOC02_BSK,element,4,2,score=0.632 hits=2/3 pages=[7] page_match=True ev_type=paragraph | preview: KATA PENGANTAR  selaras antara Survei Perusahaan Konstruksi Triwulanan dan Survei Perusahaan Konstruksi Tahunan. Melalui,auto,auto_labeled_needs_validation
Q008,DOC02_BSK,element,57,1,score=0.493 hits=2/3 pages=[25] page_match=False ev_type=paragraph | preview: 2.2.5 Benchmark Statistik Konstruksi  a. Benchmark Pekerja Tetap Konstruksi Benchmark Pekerja Tetap Konstruksi masing- m,auto,auto_labeled_needs_validation
Q008,DOC02_BSK,element,58,1,"score=0.493 hits=2/3 pages=[25,26] page_match=False ev_type=paragraph | preview: 2.2.5 Benchmark of Construction Statistics  a.  Benchmarked Construction Permanent Workers Benchmarked — Construction — ",auto,auto_labeled_needs_validation
Q008,DOC02_BSK,element,46,1,score=0.437 hits=2/3 pages=[23] page_match=False ev_type=paragraph | preview: 2.2 Indeks Tahun Dasar 2016  Indeks tahun dasar 2016 masing-masing provinsi diperoleh dari indeks triwulanan dan nilai s,auto,auto_labeled_needs_validation
Q008,DOC02_BSK,element,56,1,"score=0.371 hits=1/3 pages=[24,25] page_match=False ev_type=paragraph | preview: 2.2.4 Benchmark of Construction Indices  Benchmarking is a technigue of combining data with the same variable from two s",auto,auto_labeled_needs_validation
Q008,DOC02_BSK,element,61,1,"score=0.351 hits=1/3 pages=[27] page_match=False ev_type=paragraph | preview: where,  d.  Benchmark Nilai Konstruksi Diselesaikan BenchmarkNilaiKonstruksiyangDiselesaikan diperoleh dengan cara menet",auto,auto_labeled_needs_validation
Q008,DOC02_BSK,element,51,1,"score=0.279 hits=1/3 pages=[24] page_match=False ev_type=paragraph | preview: 2.2.2 Dari Nilai Statistik Konstruksi Tahunan  a.  Data yang diolah adalah: pekerja tetap, hari- orang, balas jasa dan u",auto,auto_labeled_needs_validation
Q008,DOC02_BSK,element,47,1,"score=0.245 hits=1/3 pages=[23] page_match=False ev_type=paragraph | preview: 2.21 Dari Indeks Triwulanan  a. Indeks yang diolah adalah: pekerja tetap, hari-orang, balas jasa dan upah, balas jasa, U",auto,auto_labeled_needs_validation
Q008,DOC02_BSK,element,164,1,score=0.241 hits=1/3 pages=[98] page_match=False ev_type=paragraph | preview: BLOK VII. PENDAPATAN DAN PENGELUARAN  2. Rata-rata Persentase penggunaan bahan/material terhadap nilai konstruksi yang d,auto,auto_labeled_needs_validation
Q008,DOC02_BSK,element,16,1,"score=0.236 hits=1/3 pages=[13] page_match=False ev_type=paragraph | preview: Number of Construction Establishment by Province, 2018-2028 “erreerooooooooooooccoocoooooo oo 2.32 Struktur Banyaknya Pe",auto,auto_labeled_needs_validation
Q008,DOC02_BSK,element,62,1,"score=0.232 hits=1/3 pages=[27,29,31] page_match=False ev_type=paragraph | preview: where,  M, - Pengeluaran bahan/material yang digunakan provinsi ke-i tahun ke-t  M,.  -  Cost of Construction Material U",auto,auto_labeled_needs_validation
Q008,DOC02_BSK,element,12,1,"score=0.216 hits=1/3 pages=[11] page_match=False ev_type=paragraph | preview: 21 Benchmark Statistik Konstruksi, 2018-2023 Benchmark of Construction Statistics, 2018-2023 2.2 Banyaknya Pekerja Tetap",auto,auto_labeled_needs_validation
Q008,DOC02_BSK,element,66,1,"score=0.216 hits=1/3 pages=[32,33] page_match=False ev_type=paragraph | preview: TABEL TABLE  Papua  35.849  INDONESIA  1.130.815 1.162.297 1.138.186 1147170 1.157.245 1.174.009  16  Benchmark Statisti",auto,auto_labeled_needs_validation
Q008,DOC02_BSK,element,91,1,"score=0.216 hits=1/3 pages=[44,45] page_match=False ev_type=paragraph | preview: TABEL maBiE  INDONESIA  163.359.265 191.555.042 165.375.557 175.306.035 184.776493 197.479.260  Benchmark Statistik Kons",auto,auto_labeled_needs_validation
Q008,DOC02_BSK,element,139,1,"score=0.216 hits=1/3 pages=[68,69] page_match=False ev_type=paragraph | preview: TABEL maBiE  Papua  INDONESIA  100,00  100,00  100,00  100,00  100,00  100,00  Benchmark Statistik Konstruksi, 2018-2023",auto,auto_labeled_needs_validation
Q008,DOC02_BSK,element,146,1,"score=0.216 hits=1/3 pages=[73,75,76,77,78] page_match=False ev_type=paragraph | preview: GAMBAR GAMBAR-  —e—  Benchmark Banyaknya Pekerja Tetap (orang) dan Balas Jasa Pekerja Tetap Konstruksi Gambar (miliar ru",auto,auto_labeled_needs_validation
Q008,DOC02_BSK,element,150,1,"score=0.216 hits=1/3 pages=[82,83,84,85,86] page_match=False ev_type=paragraph | preview: GAMBAR GAMBAR-  Average Wages of Casual Workers  Gambar Figure Benchmark Rata-Rata Upah Pekerja Harian Konstruksi Menuru",auto,auto_labeled_needs_validation
Q008,DOC02_BSK,element,151,1,"score=0.216 hits=1/3 pages=[87,88,89] page_match=False ev_type=paragraph | preview: GAMBAR GAMBAR-  0  50.000 100.000 150.000 200.000 250.000 300.000 350.000 400.000  PDRB Atas Dasar Harga Berlaku/ GRDP a",auto,auto_labeled_needs_validation
Q008,DOC02_BSK,element,14,1,"score=0.212 hits=1/3 pages=[12] page_match=False ev_type=paragraph | preview: 2.16 Struktur Upah Pekerja Harian Konstruksi Menurut Provinsi (persen), 2018-2023 Structure of Wages of Construction Cas",auto,auto_labeled_needs_validation
Q008,DOC02_BSK,element,19,1,"score=0.212 hits=1/3 pages=[15] page_match=False ev_type=paragraph | preview: 31 Benchmark Banyaknya Pekerja Tetap (orang) dan Balas Jasa Pekerja Tetap Konstruksi (miliar rupiah), 2018-2023 Benchmar",auto,auto_labeled_needs_validation
Q008,DOC02_BSK,element,21,1,"score=0.212 hits=1/3 pages=[16,17] page_match=False ev_type=paragraph | preview: Halaman Page  3.13 Benchmark Pengeluaran Bahan Material Konstruksi Menurut Provins (miliar rupiah)i, 2023  Benchmarked C",auto,auto_labeled_needs_validation
Q008,DOC02_BSK,element,50,1,"score=0.212 hits=1/3 pages=[23,24] page_match=False ev_type=paragraph | preview: 2.2.1 From Ouarterly Indices  a. Process the following indices: permanent workers, mandays, compensation and wages, comp",auto,auto_labeled_needs_validation
Q008,DOC02_BSK,element,123,1,"score=0.192 hits=1/3 pages=[60,61] page_match=False ev_type=paragraph | preview: TABEL maBiE  INDONESIA  51,47  52,49  52,25  53,61  53,13  Pa  Benchmark Statistik Konstruksi, 2018-2023 Benchmark Const",auto,auto_labeled_needs_validation
Q008,DOC02_BSK,element,148,1,"score=0.192 hits=1/3 pages=[79,80,81] page_match=False ev_type=paragraph | preview: GAMBAR GAMBAR-  Average Compensation of Permanent Workers  Gambi ar  Benchmark Rata-Rata Balas Jasa Pekerja Tetap Konstr",auto,auto_labeled_needs_validation
Q008,DOC02_BSK,element,15,1,"score=0.187 hits=1/3 pages=[12,13] page_match=False ev_type=paragraph | preview: DAFTAR TABEL LIST OF TABLES  2.28 Pertumbuhan Nilai Pengeluaran Bahan Bangunan/Material yang Digunakan Konstruksi Menuru",auto,auto_labeled_needs_validation
Q008,DOC02_BSK,semantic_maxmin,63,2,"score=0.675 hits=3/3 pages=[?] page_match=False ev_type=paragraph | preview: Setelah indeks benchmark tahunan tahun dasar 2016 diperoleh, lalu dijalankan Program Bench dengan Metode Proportional De",auto,auto_labeled_needs_validation
Q008,DOC02_BSK,semantic_maxmin,2,2,"score=0.522 hits=2/3 pages=[?] page_match=False ev_type=paragraph | preview: Kondisi konstruksi Indonesia yang dicakup dalam publikasi ini meliputi beberapa indikator, yaitu: pekerja tetap, hari-or",auto,auto_labeled_needs_validation
Q008,DOC02_BSK,semantic_maxmin,73,2,score=0.508 hits=2/3 pages=[?] page_match=False ev_type=paragraph | preview: it it it it BJ Publikasi BJ Benchmark BJU Benchmark BJU Publikasi = × it it it it BJ Publikasi BJ Benchmark BJU Benchmar,auto,auto_labeled_needs_validation
Q008,DOC02_BSK,semantic_maxmin,68,1,score=0.468 hits=2/3 pages=[?] page_match=False ev_type=paragraph | preview: 2.2.5  Benchmark of Construction Statistics a. Benchmarked Construction Permanent Workers Benchmarked Construction Perma,auto,auto_labeled_needs_validation
Q008,DOC02_BSK,semantic_maxmin,69,1,score=0.468 hits=2/3 pages=[?] page_match=False ev_type=paragraph | preview: c. Benchmark Balas Jasa dan Upah Pekerja Konstruksi Benchmark Balas Jasa dan Upah Pekerja setiap provinsi diperoleh deng,auto,auto_labeled_needs_validation
Q008,DOC02_BSK,semantic_maxmin,49,1,"score=0.437 hits=2/3 pages=[?] page_match=False ev_type=paragraph | preview: dimana, NK =  Nilai konstruksi yang diselesaikan NP =  Nilai kontrak proyek NS =  Nilai pekerjaan yang disubkontrakkan k",auto,auto_labeled_needs_validation
Q008,DOC02_BSK,semantic_maxmin,56,1,"score=0.328 hits=1/3 pages=[?] page_match=False ev_type=paragraph | preview: dimana, It =  Indeks tahun ke t Xt =  Data tahun t XD =  Data tahun dasar 2016 2.2.3  Laju Pertumbuhan Pertumbuhan menun",auto,auto_labeled_needs_validation
Q008,DOC02_BSK,semantic_maxmin,62,1,"score=0.319 hits=1/3 pages=[?] page_match=False ev_type=paragraph | preview: Kemudian, masing- masing variabel tersebut dibuat indeks benchmark tahun dasar 2016=100. Selanjutnya untuk indeks benchm",auto,auto_labeled_needs_validation
Q008,DOC02_BSK,semantic_maxmin,8,1,"score=0.290 hits=1/3 pages=[?] page_match=False ev_type=paragraph | preview: ...  44 xi Tabel/Table Halaman .31  Banyaknya Perusahaan Konstruksi Menurut Provinsi, 2018–2023 Number of Construction E",auto,auto_labeled_needs_validation
Q008,DOC02_BSK,semantic_maxmin,7,1,score=0.265 hits=1/3 pages=[?] page_match=False ev_type=paragraph | preview: Tabel-Tabel/Tables ...  13 3. Gambar-Gambar/Figures ...  57 Daftar Pustaka/Bibliography...  75 Lampiran/Appendix ...  77,auto,auto_labeled_needs_validation
Q008,DOC02_BSK,semantic_maxmin,70,1,"score=0.256 hits=1/3 pages=[?] page_match=False ev_type=paragraph | preview: dimana, BJit =  Balas jasa pekerja tetap provinsi ke-i tahun ke-t BJUit  =  Balas jasa dan upah pekerja provinsi ke-i ta",auto,auto_labeled_needs_validation
Q008,DOC02_BSK,semantic_maxmin,50,1,score=0.245 hits=1/3 pages=[?] page_match=False ev_type=paragraph | preview: b. Buat nilai indeks sama dengan 100 pada awal triwulan yang ada indeksnya. c. Bagi setiap indeks triwulan t dengan rata,auto,auto_labeled_needs_validation
Q008,DOC02_BSK,semantic_maxmin,55,1,"score=0.245 hits=1/3 pages=[?] page_match=False ev_type=paragraph | preview: Data yang diolah adalah: pekerja tetap, hari- orang, balas jasa dan upah, balas jasa, upah, serta nilai kontruksi yang d",auto,auto_labeled_needs_validation
Q008,DOC02_BSK,semantic_maxmin,110,1,"score=0.245 hits=1/3 pages=[?] page_match=False ev_type=paragraph | preview: PENDAPATAN DAN PENGELUARAN No Provinsi dan Kabupaten/Kota Lokasi Proyek Volume Pekerjaan Satuan (m, m2, m3, km, dll) Nil",auto,auto_labeled_needs_validation
Q008,DOC02_BSK,semantic_maxmin,112,1,score=0.245 hits=1/3 pages=[?] page_match=False ev_type=paragraph | preview: J U M L A H (1+2+ … +11) No APBD APBN APBD Volume Pekerjaan KBLI 2021 Kode Kab/Kota Kota Surakarta Kota Surakarta Kab. G,auto,auto_labeled_needs_validation
Q008,DOC02_BSK,semantic_maxmin,113,1,"score=0.236 hits=1/3 pages=[?] page_match=False ev_type=paragraph | preview: Untuk kasus perusahaan di bawah ini, maka pengisiannya adalah sbb : Perusahaan CV. WIDYAS INDAH di Provinsi Jawa Tengah ",auto,auto_labeled_needs_validation
Q008,DOC02_BSK,semantic_maxmin,133,1,"score=0.236 hits=1/3 pages=[?] page_match=False ev_type=paragraph | preview: i. Intramural (000 Rp) ii. Extramural (000 Rp) iii. Jumlah (000 Rp) 1. Menurut perusahaan, metode pengisian kuesioner se",auto,auto_labeled_needs_validation
Q008,DOC02_BSK,semantic_maxmin,90,1,score=0.187 hits=1/3 pages=[?] page_match=False ev_type=paragraph | preview: DAFTAR PUSTAKA BIBLIOGRAPHY Lampiran Appendix LAMPIRAN APPENDIX Kuesioner Survei Perusahaan Konstruksi Tahunan 2023 (SKT,auto,auto_labeled_needs_validation
Q008,DOC02_BSK,semantic_maxmin,108,1,score=0.187 hits=1/3 pages=[?] page_match=False ev_type=paragraph | preview: 2. Rata-rata Persentase penggunaan bahan/material terhadap nilai konstruksi yang diselesaikan selama tahun 2023 % 3. Rat,auto,auto_labeled_needs_validation
Q008,DOC02_BSK,recursive,2,2,score=0.522 hits=2/3 pages=[?] page_match=False ev_type=paragraph | preview: Perusahaan Konstruksi Tahunan. Melalui publikasi ini akan terlihat perkembangan sektor konstruksi Indonesia selama tahun,auto,auto_labeled_needs_validation
Q008,DOC02_BSK,recursive,48,2,"score=0.493 hits=2/3 pages=[?] page_match=False ev_type=paragraph | preview: After annual benchmark indices base year 2016 of four variables is obtained, then run Bench Program with Denton Proporti",auto,auto_labeled_needs_validation
Q008,DOC02_BSK,recursive,46,2,score=0.468 hits=2/3 pages=[?] page_match=False ev_type=paragraph | preview: 2.2.5  Benchmark Statistik Konstruksi a. Benchmark Pekerja Tetap Konstruksi Benchmark Pekerja Tetap Konstruksi masing- m,auto,auto_labeled_needs_validation
Q008,DOC02_BSK,recursive,49,1,score=0.468 hits=2/3 pages=[?] page_match=False ev_type=paragraph | preview: c. Benchmark Balas Jasa dan Upah Pekerja Konstruksi Benchmark Balas Jasa dan Upah Pekerja setiap provinsi diperoleh deng,auto,auto_labeled_needs_validation
Q008,DOC02_BSK,recursive,37,1,score=0.446 hits=2/3 pages=[?] page_match=False ev_type=paragraph | preview: NK =  Nilai konstruksi yang diselesaikan NP =  Nilai kontrak proyek NS =  Nilai pekerjaan yang disubkontrakkan ke kontra,auto,auto_labeled_needs_validation
Q008,DOC02_BSK,recursive,45,1,score=0.366 hits=1/3 pages=[?] page_match=False ev_type=paragraph | preview: (selisih terkecil) persentase perubahan dari triwulan ke triwulan dalam series benchmark aslinya. Teknik penghitungannya,auto,auto_labeled_needs_validation
Q008,DOC02_BSK,recursive,52,1,score=0.351 hits=1/3 pages=[?] page_match=False ev_type=paragraph | preview: it it it it BJ Publikasi BJ Benchmark BJU Benchmark BJU Publikasi = × it it it it BJ Publikasi BJ Benchmark BJU Benchmar,auto,auto_labeled_needs_validation
Q008,DOC02_BSK,recursive,40,1,"score=0.328 hits=1/3 pages=[?] page_match=False ev_type=paragraph | preview: percent. d. Index at year i is the average of index at quarter t at year i. where, IDt =  Base year index at period t NK",auto,auto_labeled_needs_validation
Q008,DOC02_BSK,recursive,50,1,score=0.261 hits=1/3 pages=[?] page_match=False ev_type=paragraph | preview: Uit =  Upah pekerja harian provinsi ke-i tahun ke-t Setelah didapatkan nilai balas jasa pekerja tetap benchmark dan upah,auto,auto_labeled_needs_validation
Q008,DOC02_BSK,recursive,198,1,"score=0.261 hits=1/3 pages=[?] page_match=False ev_type=paragraph | preview: Untuk kasus perusahaan di bawah ini, maka pengisiannya adalah sbb : Perusahaan CV. WIDYAS INDAH di Provinsi Jawa Tengah ",auto,auto_labeled_needs_validation
Q008,DOC02_BSK,recursive,38,1,score=0.245 hits=1/3 pages=[?] page_match=False ev_type=paragraph | preview: c. Bagi setiap indeks triwulan t dengan rata- rata indeks pada tahun dasar 2016 dan dikalikan dengan 100 persen. d. Inde,auto,auto_labeled_needs_validation
Q008,DOC02_BSK,recursive,53,1,score=0.245 hits=1/3 pages=[?] page_match=False ev_type=paragraph | preview: e. Benchmark Pengeluaran Bahan/Material yang Digunakan Benchmark Pengeluaran Bahan/Material yang Digunakan dihitung deng,auto,auto_labeled_needs_validation
Q008,DOC02_BSK,recursive,197,1,score=0.245 hits=1/3 pages=[?] page_match=False ev_type=paragraph | preview: Tahun 2023 7) {[ - ] * (12-11)/100} + Biaya Bahan/Material yang Digunakan Selama Tahun 2023 6) Nama Proyek/Jenis Pekerja,auto,auto_labeled_needs_validation
Q008,DOC02_BSK,recursive,15,1,"score=0.236 hits=1/3 pages=[?] page_match=False ev_type=paragraph | preview: Konstruksi Menurut Provinsi (persen), 2018–2023 Growth of Gross Regional Domestic Product at 2010 Constant Market Prices",auto,auto_labeled_needs_validation
Q008,DOC02_BSK,recursive,19,1,"score=0.236 hits=1/3 pages=[?] page_match=False ev_type=paragraph | preview: Benchmarked Average Wages of Construction Casual Workers by Province (rupiahs), 2023 ...  66 3.11  Benchmark Balas Jasa ",auto,auto_labeled_needs_validation
Q008,DOC02_BSK,recursive,204,1,score=0.236 hits=1/3 pages=[?] page_match=False ev_type=paragraph | preview: Jabatan E-mail Tanggal BLOK XI. PERNYATAAN CATATAN Tanda Tangan dan Stempel Perusahaan ………... s.d. ………… ………... s.d. …………,auto,auto_labeled_needs_validation
Q008,DOC02_BSK,recursive,193,1,score=0.221 hits=1/3 pages=[?] page_match=False ev_type=paragraph | preview: Pekerjaan 3) (000 Rp) BLOK VII. PENDAPATAN DAN PENGELUARAN No Provinsi dan Kabupaten/Kota Lokasi Proyek Volume Pekerjaan,auto,auto_labeled_needs_validation
Q008,DOC02_BSK,recursive,5,1,"score=0.216 hits=1/3 pages=[?] page_match=False ev_type=paragraph | preview: PREFACE Jakarta, October 2025 Chief Statistician Amalia Adininggar Widyasanti vii ISSN 2460-4674 DAFTAR ISI/CONTENTS Ben",auto,auto_labeled_needs_validation
Q008,DOC02_BSK,recursive,179,1,score=0.216 hits=1/3 pages=[?] page_match=False ev_type=paragraph | preview: R i a u J a m b i Sumatera Selatan Bengkulu Lampung Kep. Bangka Belitung Kepulauan Riau DKI Jakarta Jawa Barat Jawa Teng,auto,auto_labeled_needs_validation
Q008,DOC02_BSK,recursive,182,1,score=0.216 hits=1/3 pages=[?] page_match=False ev_type=paragraph | preview: Jawa Timur B a n t e n B a l i Nusa Tenggara Barat Nusa Tenggara Timur Kalimantan Barat Kalimantan Tengah Kalimantan Sel,auto,auto_labeled_needs_validation
Q008,DOC02_BSK,recursive,196,1,score=0.216 hits=1/3 pages=[?] page_match=False ev_type=paragraph | preview: 3. 1 5 4. 5. 6. 7. 8. 9. 10. 11. 24 400 000 9 630 500 20 000 5 510 250 24 320 000 22 000 000 2 000 000 320 000 Jawa Teng,auto,auto_labeled_needs_validation
Q008,DOC02_BSK,recursive,6,1,"score=0.212 hits=1/3 pages=[?] page_match=False ev_type=paragraph | preview: Benchmark of Construction Statistics, 2018–2023 ...  15 2.2 Banyaknya Pekerja Tetap Konstruksi Menurut Provinsi, 2018–20",auto,auto_labeled_needs_validation
Q008,DOC02_BSK,recursive,10,1,"score=0.212 hits=1/3 pages=[?] page_match=False ev_type=paragraph | preview: 2.19  Persentase Upah Pekerja Harian Konstruksi terhadap Nilai Konstruksi yang Diselesaikan Menurut Provinsi (persen), 2",auto,auto_labeled_needs_validation
Q008,DOC02_BSK,recursive,11,1,score=0.212 hits=1/3 pages=[?] page_match=False ev_type=paragraph | preview: 2023 ...  36 2.23  Persentase Balas Jasa dan Upah Pekerja Konstruksi terhadap Nilai Konstruksi yang Diselesaikan Menurut,auto,auto_labeled_needs_validation
Q008,DOC02_BSK,recursive,13,1,"score=0.212 hits=1/3 pages=[?] page_match=False ev_type=paragraph | preview: Percentage of Cost of Construction Material Used to Value of Construction Works Completed by Province (percent), 2018–20",auto,auto_labeled_needs_validation
Q009,DOC02_BSK,element,12,2,"score=0.487 hits=2/4 pages=[11] page_match=True ev_type=table_of_contents | preview: 21 Benchmark Statistik Konstruksi, 2018-2023 Benchmark of Construction Statistics, 2018-2023 2.2 Banyaknya Pekerja Tetap",auto,auto_labeled_needs_validation
Q009,DOC02_BSK,element,64,1,"score=0.397 hits=2/4 pages=[31,32] page_match=False ev_type=table_of_contents | preview: where,  / UBILIN  pasn ponarow uondnugsuo) Jo 350) JO yiMo12 Isynaysuoy ueyeungig ueyeg uesenjabuag Uryngwnyag BL pasn j",auto,auto_labeled_needs_validation
Q009,DOC02_BSK,element,19,1,"score=0.371 hits=2/4 pages=[15] page_match=False ev_type=table_of_contents | preview: 31 Benchmark Banyaknya Pekerja Tetap (orang) dan Balas Jasa Pekerja Tetap Konstruksi (miliar rupiah), 2018-2023 Benchmar",auto,auto_labeled_needs_validation
Q009,DOC02_BSK,element,66,1,"score=0.371 hits=2/4 pages=[32,33] page_match=False ev_type=table_of_contents | preview: TABEL TABLE  Papua  35.849  INDONESIA  1.130.815 1.162.297 1.138.186 1147170 1.157.245 1.174.009  16  Benchmark Statisti",auto,auto_labeled_needs_validation
Q009,DOC02_BSK,element,77,1,"score=0.371 hits=2/4 pages=[38] page_match=False ev_type=table_of_contents | preview: TABEL maBiE  28  Rata-Rata Balas Jasa Pekerja Tetap Konstruksi Menurut Provinsi (ribu rupiah), 2018- 2023  Average Compe",auto,auto_labeled_needs_validation
Q009,DOC02_BSK,element,146,1,"score=0.371 hits=2/4 pages=[73,75,76,77,78] page_match=False ev_type=table_of_contents | preview: GAMBAR GAMBAR-  —e—  Benchmark Banyaknya Pekerja Tetap (orang) dan Balas Jasa Pekerja Tetap Konstruksi Gambar (miliar ru",auto,auto_labeled_needs_validation
Q009,DOC02_BSK,element,57,1,score=0.345 hits=2/4 pages=[25] page_match=False ev_type=table_of_contents | preview: 2.2.5 Benchmark Statistik Konstruksi  a. Benchmark Pekerja Tetap Konstruksi Benchmark Pekerja Tetap Konstruksi masing- m,auto,auto_labeled_needs_validation
Q009,DOC02_BSK,element,148,1,"score=0.345 hits=2/4 pages=[79,80,81] page_match=False ev_type=table_of_contents | preview: GAMBAR GAMBAR-  Average Compensation of Permanent Workers  Gambi ar  Benchmark Rata-Rata Balas Jasa Pekerja Tetap Konstr",auto,auto_labeled_needs_validation
Q009,DOC02_BSK,element,15,1,"score=0.319 hits=1/4 pages=[12,13] page_match=False ev_type=table_of_contents | preview: DAFTAR TABEL LIST OF TABLES  2.28 Pertumbuhan Nilai Pengeluaran Bahan Bangunan/Material yang Digunakan Konstruksi Menuru",auto,auto_labeled_needs_validation
Q009,DOC02_BSK,element,58,1,"score=0.278 hits=1/4 pages=[25,26] page_match=False ev_type=table_of_contents | preview: 2.2.5 Benchmark of Construction Statistics  a.  Benchmarked Construction Permanent Workers Benchmarked — Construction — ",auto,auto_labeled_needs_validation
Q009,DOC02_BSK,element,14,1,"score=0.275 hits=1/4 pages=[12] page_match=False ev_type=table_of_contents | preview: 2.16 Struktur Upah Pekerja Harian Konstruksi Menurut Provinsi (persen), 2018-2023 Structure of Wages of Construction Cas",auto,auto_labeled_needs_validation
Q009,DOC02_BSK,element,16,1,"score=0.275 hits=1/4 pages=[13] page_match=False ev_type=table_of_contents | preview: Number of Construction Establishment by Province, 2018-2028 “erreerooooooooooooccoocoooooo oo 2.32 Struktur Banyaknya Pe",auto,auto_labeled_needs_validation
Q009,DOC02_BSK,element,4,1,score=0.252 hits=1/4 pages=[7] page_match=False ev_type=table_of_contents | preview: KATA PENGANTAR  selaras antara Survei Perusahaan Konstruksi Triwulanan dan Survei Perusahaan Konstruksi Tahunan. Melalui,auto,auto_labeled_needs_validation
Q009,DOC02_BSK,element,164,1,score=0.252 hits=1/4 pages=[98] page_match=False ev_type=table_of_contents | preview: BLOK VII. PENDAPATAN DAN PENGELUARAN  2. Rata-rata Persentase penggunaan bahan/material terhadap nilai konstruksi yang d,auto,auto_labeled_needs_validation
Q009,DOC02_BSK,element,91,1,"score=0.245 hits=1/4 pages=[44,45] page_match=False ev_type=table_of_contents | preview: TABEL maBiE  INDONESIA  163.359.265 191.555.042 165.375.557 175.306.035 184.776493 197.479.260  Benchmark Statistik Kons",auto,auto_labeled_needs_validation
Q009,DOC02_BSK,element,123,1,"score=0.245 hits=1/4 pages=[60,61] page_match=False ev_type=table_of_contents | preview: TABEL maBiE  INDONESIA  51,47  52,49  52,25  53,61  53,13  Pa  Benchmark Statistik Konstruksi, 2018-2023 Benchmark Const",auto,auto_labeled_needs_validation
Q009,DOC02_BSK,element,150,1,"score=0.245 hits=1/4 pages=[82,83,84,85,86] page_match=False ev_type=table_of_contents | preview: GAMBAR GAMBAR-  Average Wages of Casual Workers  Gambar Figure Benchmark Rata-Rata Upah Pekerja Harian Konstruksi Menuru",auto,auto_labeled_needs_validation
Q009,DOC02_BSK,element,117,1,"score=0.219 hits=1/4 pages=[57,58] page_match=False ev_type=table_of_contents | preview: TABEL maBiE  Papua  7.910.003 9.522.281 7.926.765 8.231.438 8.560.590 8.646.714  INDONESIA  685.233.536 836.840.121 690.",auto,auto_labeled_needs_validation
Q009,DOC02_BSK,element,139,1,"score=0.219 hits=1/4 pages=[68,69] page_match=False ev_type=table_of_contents | preview: TABEL maBiE  Papua  INDONESIA  100,00  100,00  100,00  100,00  100,00  100,00  Benchmark Statistik Konstruksi, 2018-2023",auto,auto_labeled_needs_validation
Q009,DOC02_BSK,element,21,1,"score=0.211 hits=1/4 pages=[16,17] page_match=False ev_type=table_of_contents | preview: Halaman Page  3.13 Benchmark Pengeluaran Bahan Material Konstruksi Menurut Provins (miliar rupiah)i, 2023  Benchmarked C",auto,auto_labeled_needs_validation
Q009,DOC02_BSK,element,68,1,"score=0.197 hits=2/4 pages=[33,34] page_match=False ev_type=table_of_contents [TABLE]| preview: TABEL TABLE  Papua  2,60  2,85  -1,39  0,31  0,20  INDONESIA  2,49  2,78  -2,07  0,79  0,88  Tabel-Tabel Tables  0,71  1",auto,auto_labeled_needs_validation
Q009,DOC02_BSK,element,141,1,"score=0.193 hits=1/4 pages=[69,70] page_match=False ev_type=table_of_contents | preview: TABEL maBiE  Clinker  57.532.843 59.728.547 55.824.910 59.152.773 54.690.652 58.675.090  Catatan/Note — : Pengadaan dala",auto,auto_labeled_needs_validation
Q009,DOC02_BSK,element,151,1,"score=0.193 hits=1/4 pages=[87,88,89] page_match=False ev_type=table_of_contents | preview: GAMBAR GAMBAR-  0  50.000 100.000 150.000 200.000 250.000 300.000 350.000 400.000  PDRB Atas Dasar Harga Berlaku/ GRDP a",auto,auto_labeled_needs_validation
Q009,DOC02_BSK,semantic_maxmin,8,2,"score=0.559 hits=3/4 pages=[?] page_match=False ev_type=table_of_contents | preview: ...  44 xi Tabel/Table Halaman .31  Banyaknya Perusahaan Konstruksi Menurut Provinsi, 2018–2023 Number of Construction E",auto,auto_labeled_needs_validation
Q009,DOC02_BSK,semantic_maxmin,7,2,score=0.541 hits=3/4 pages=[?] page_match=False ev_type=table_of_contents | preview: Tabel-Tabel/Tables ...  13 3. Gambar-Gambar/Figures ...  57 Daftar Pustaka/Bibliography...  75 Lampiran/Appendix ...  77,auto,auto_labeled_needs_validation
Q009,DOC02_BSK,semantic_maxmin,63,1,"score=0.363 hits=2/4 pages=[?] page_match=False ev_type=table_of_contents | preview: Setelah indeks benchmark tahunan tahun dasar 2016 diperoleh, lalu dijalankan Program Bench dengan Metode Proportional De",auto,auto_labeled_needs_validation
Q009,DOC02_BSK,semantic_maxmin,82,1,score=0.348 hits=3/4 pages=[?] page_match=False ev_type=table_of_contents [TABLE]| preview: Yogyakarta 6.899 7.093 7.001 7.040 7.092 7.214 Jawa Timur 141.902 145.529 142.987 143.191 143.276 145.038 Banten 57.189 ,auto,auto_labeled_needs_validation
Q009,DOC02_BSK,semantic_maxmin,2,1,"score=0.334 hits=2/4 pages=[?] page_match=False ev_type=table_of_contents | preview: Kondisi konstruksi Indonesia yang dicakup dalam publikasi ini meliputi beberapa indikator, yaitu: pekerja tetap, hari-or",auto,auto_labeled_needs_validation
Q009,DOC02_BSK,semantic_maxmin,112,1,score=0.271 hits=1/4 pages=[?] page_match=False ev_type=table_of_contents | preview: J U M L A H (1+2+ … +11) No APBD APBN APBD Volume Pekerjaan KBLI 2021 Kode Kab/Kota Kota Surakarta Kota Surakarta Kab. G,auto,auto_labeled_needs_validation
Q009,DOC02_BSK,semantic_maxmin,69,1,score=0.245 hits=1/4 pages=[?] page_match=False ev_type=table_of_contents | preview: c. Benchmark Balas Jasa dan Upah Pekerja Konstruksi Benchmark Balas Jasa dan Upah Pekerja setiap provinsi diperoleh deng,auto,auto_labeled_needs_validation
Q009,DOC02_BSK,semantic_maxmin,108,1,score=0.245 hits=1/4 pages=[?] page_match=False ev_type=table_of_contents | preview: 2. Rata-rata Persentase penggunaan bahan/material terhadap nilai konstruksi yang diselesaikan selama tahun 2023 % 3. Rat,auto,auto_labeled_needs_validation
Q009,DOC02_BSK,semantic_maxmin,49,1,"score=0.237 hits=1/4 pages=[?] page_match=False ev_type=table_of_contents | preview: dimana, NK =  Nilai konstruksi yang diselesaikan NP =  Nilai kontrak proyek NS =  Nilai pekerjaan yang disubkontrakkan k",auto,auto_labeled_needs_validation
Q009,DOC02_BSK,semantic_maxmin,73,1,score=0.237 hits=1/4 pages=[?] page_match=False ev_type=table_of_contents | preview: it it it it BJ Publikasi BJ Benchmark BJU Benchmark BJU Publikasi = × it it it it BJ Publikasi BJ Benchmark BJU Benchmar,auto,auto_labeled_needs_validation
Q009,DOC02_BSK,semantic_maxmin,133,1,"score=0.237 hits=1/4 pages=[?] page_match=False ev_type=table_of_contents | preview: i. Intramural (000 Rp) ii. Extramural (000 Rp) iii. Jumlah (000 Rp) 1. Menurut perusahaan, metode pengisian kuesioner se",auto,auto_labeled_needs_validation
Q009,DOC02_BSK,semantic_maxmin,68,1,score=0.234 hits=1/4 pages=[?] page_match=False ev_type=table_of_contents | preview: 2.2.5  Benchmark of Construction Statistics a. Benchmarked Construction Permanent Workers Benchmarked Construction Perma,auto,auto_labeled_needs_validation
Q009,DOC02_BSK,semantic_maxmin,6,1,"score=0.211 hits=1/4 pages=[?] page_match=False ev_type=table_of_contents | preview: PREFACE Jakarta, October 2025 Chief Statistician Amalia Adininggar Widyasanti vii ISSN 2460-4674 DAFTAR ISI/CONTENTS Ben",auto,auto_labeled_needs_validation
Q009,DOC02_BSK,semantic_maxmin,113,1,"score=0.211 hits=1/4 pages=[?] page_match=False ev_type=table_of_contents | preview: Untuk kasus perusahaan di bawah ini, maka pengisiannya adalah sbb : Perusahaan CV. WIDYAS INDAH di Provinsi Jawa Tengah ",auto,auto_labeled_needs_validation
Q009,DOC02_BSK,semantic_maxmin,10,1,score=0.203 hits=1/4 pages=[?] page_match=False ev_type=table_of_contents | preview: Series data yang digunakan dalam benchmarking adalah: a. Indeks dan Banyaknya Pekerja Tetap Konstruksi b. Indeks Hari-Or,auto,auto_labeled_needs_validation
Q009,DOC02_BSK,semantic_maxmin,70,1,"score=0.203 hits=1/4 pages=[?] page_match=False ev_type=table_of_contents | preview: dimana, BJit =  Balas jasa pekerja tetap provinsi ke-i tahun ke-t BJUit  =  Balas jasa dan upah pekerja provinsi ke-i ta",auto,auto_labeled_needs_validation
Q009,DOC02_BSK,semantic_maxmin,90,1,score=0.203 hits=1/4 pages=[?] page_match=False ev_type=table_of_contents | preview: DAFTAR PUSTAKA BIBLIOGRAPHY Lampiran Appendix LAMPIRAN APPENDIX Kuesioner Survei Perusahaan Konstruksi Tahunan 2023 (SKT,auto,auto_labeled_needs_validation
Q009,DOC02_BSK,semantic_maxmin,74,1,score=0.193 hits=1/4 pages=[?] page_match=False ev_type=table_of_contents | preview: This variable is used as the basis for the calculation of other variables. e. Benchmarked Cost of Construction Material ,auto,auto_labeled_needs_validation
Q009,DOC02_BSK,semantic_maxmin,110,1,"score=0.193 hits=1/4 pages=[?] page_match=False ev_type=table_of_contents | preview: PENDAPATAN DAN PENGELUARAN No Provinsi dan Kabupaten/Kota Lokasi Proyek Volume Pekerjaan Satuan (m, m2, m3, km, dll) Nil",auto,auto_labeled_needs_validation
Q009,DOC02_BSK,semantic_maxmin,0,1,"score=0.185 hits=1/4 pages=[?] page_match=False ev_type=table_of_contents | preview: BENCHMARK STATISTIK KONSTRUKSI, 2018–2023 Benchmark of Construction Statistics, 2018–2023 Volume 14, 2025 Katalog/Catalo",auto,auto_labeled_needs_validation
Q009,DOC02_BSK,semantic_maxmin,3,1,"score=0.175 hits=1/4 pages=[?] page_match=False ev_type=table_of_contents | preview: Buku ini merupakan salah satu dari dwilogi publikasi yang diluncurkan serentak, yaitu: 1. Benchmark Indeks Konstruksi (2",auto,auto_labeled_needs_validation
Q009,DOC02_BSK,semantic_maxmin,1,1,"score=0.167 hits=1/4 pages=[?] page_match=False ev_type=table_of_contents | preview: ISSN 2460-4674 TIM PENYUSUN/COMPILERS Benchmark Statistik Konstruksi 2018–2023 Benchmark of Construction Statistics, 201",auto,auto_labeled_needs_validation
Q009,DOC02_BSK,recursive,5,2,"score=0.541 hits=3/4 pages=[?] page_match=False ev_type=table_of_contents | preview: PREFACE Jakarta, October 2025 Chief Statistician Amalia Adininggar Widyasanti vii ISSN 2460-4674 DAFTAR ISI/CONTENTS Ben",auto,auto_labeled_needs_validation
Q009,DOC02_BSK,recursive,16,2,"score=0.515 hits=3/4 pages=[?] page_match=False ev_type=table_of_contents | preview: 2.41  Struktur Realisasi Pengadaan Semen Menurut Provinsi (persen), 2018–2023 Structure of Actual Supply of Cement by Pr",auto,auto_labeled_needs_validation
Q009,DOC02_BSK,recursive,6,2,"score=0.497 hits=3/4 pages=[?] page_match=False ev_type=table_of_contents | preview: Benchmark of Construction Statistics, 2018–2023 ...  15 2.2 Banyaknya Pekerja Tetap Konstruksi Menurut Provinsi, 2018–20",auto,auto_labeled_needs_validation
Q009,DOC02_BSK,recursive,7,1,"score=0.471 hits=3/4 pages=[?] page_match=False ev_type=table_of_contents | preview: Growth of Compensation of Construction Permanent Workers by Province (percent), 2018–2023   20 2.7 Struktur Balas Jasa P",auto,auto_labeled_needs_validation
Q009,DOC02_BSK,recursive,17,1,"score=0.471 hits=3/4 pages=[?] page_match=False ev_type=table_of_contents | preview: Pengeluaran Bahan Material Konstruksi yang Digunakan (miliar rupiah), 2018–2023 Benchmarked Value of Construction Works ",auto,auto_labeled_needs_validation
Q009,DOC02_BSK,recursive,166,1,score=0.397 hits=2/4 pages=[?] page_match=False ev_type=table_of_contents | preview: Sumatera Selatan Bengkulu Lampung Kep. Bangka Belitung Kepulauan Riau DKI Jakarta Jawa Barat Jawa Tengah DI. Yogyakarta ,auto,auto_labeled_needs_validation
Q009,DOC02_BSK,recursive,9,1,"score=0.371 hits=2/4 pages=[?] page_match=False ev_type=table_of_contents | preview: Wages of Construction Casual Workers by Province (million rupiah), 2018–2023 ...  28 2.15  Pertumbuhan Upah Pekerja Hari",auto,auto_labeled_needs_validation
Q009,DOC02_BSK,recursive,13,1,"score=0.371 hits=2/4 pages=[?] page_match=False ev_type=table_of_contents | preview: Percentage of Cost of Construction Material Used to Value of Construction Works Completed by Province (percent), 2018–20",auto,auto_labeled_needs_validation
Q009,DOC02_BSK,recursive,167,1,score=0.363 hits=2/4 pages=[?] page_match=False ev_type=table_of_contents | preview: 1.848 5.817 2.334 1.575 1.300 5.000 10.000 15.000 20.000 25.000 30.000 35.000 40.000 A c e h Sumatera Utara Sumatera Bar,auto,auto_labeled_needs_validation
Q009,DOC02_BSK,recursive,2,1,score=0.360 hits=2/4 pages=[?] page_match=False ev_type=table_of_contents | preview: Perusahaan Konstruksi Tahunan. Melalui publikasi ini akan terlihat perkembangan sektor konstruksi Indonesia selama tahun,auto,auto_labeled_needs_validation
Q009,DOC02_BSK,recursive,8,1,"score=0.345 hits=2/4 pages=[?] page_match=False ev_type=table_of_contents | preview: Menurut Provinsi (persen), 2018–2023 Percentage of Compensation of Construction Permanent Workers to Value of Constructi",auto,auto_labeled_needs_validation
Q009,DOC02_BSK,recursive,10,1,"score=0.345 hits=2/4 pages=[?] page_match=False ev_type=table_of_contents | preview: 2.19  Persentase Upah Pekerja Harian Konstruksi terhadap Nilai Konstruksi yang Diselesaikan Menurut Provinsi (persen), 2",auto,auto_labeled_needs_validation
Q009,DOC02_BSK,recursive,11,1,score=0.345 hits=2/4 pages=[?] page_match=False ev_type=table_of_contents | preview: 2023 ...  36 2.23  Persentase Balas Jasa dan Upah Pekerja Konstruksi terhadap Nilai Konstruksi yang Diselesaikan Menurut,auto,auto_labeled_needs_validation
Q009,DOC02_BSK,recursive,12,1,"score=0.345 hits=2/4 pages=[?] page_match=False ev_type=table_of_contents | preview: 2.27  Nilai Pengeluaran Bahan Bangunan/Material yang Digunakan Konstruksi Menurut Provinsi (juta rupiah), 2018–2023 Cost",auto,auto_labeled_needs_validation
Q009,DOC02_BSK,recursive,46,1,score=0.345 hits=2/4 pages=[?] page_match=False ev_type=table_of_contents | preview: 2.2.5  Benchmark Statistik Konstruksi a. Benchmark Pekerja Tetap Konstruksi Benchmark Pekerja Tetap Konstruksi masing- m,auto,auto_labeled_needs_validation
Q009,DOC02_BSK,recursive,54,1,score=0.345 hits=2/4 pages=[?] page_match=False ev_type=table_of_contents | preview: e. Benchmarked Cost of Construction Material Used Benchmarked Cost of Construction Material Used is calculated from the ,auto,auto_labeled_needs_validation
Q009,DOC02_BSK,recursive,15,1,"score=0.337 hits=2/4 pages=[?] page_match=False ev_type=table_of_contents | preview: Konstruksi Menurut Provinsi (persen), 2018–2023 Growth of Gross Regional Domestic Product at 2010 Constant Market Prices",auto,auto_labeled_needs_validation
Q009,DOC02_BSK,recursive,18,1,"score=0.337 hits=2/4 pages=[?] page_match=False ev_type=table_of_contents | preview: Benchmarked Compensation of Construction Permanent Workers by Province (billion rupiahs), 2023 ...  62 3.7  Benchmark Ra",auto,auto_labeled_needs_validation
Q009,DOC02_BSK,recursive,163,1,score=0.327 hits=2/4 pages=[?] page_match=False ev_type=table_of_contents | preview: Banyaknya Pekerja Tetap Konstruksi/Number of Construction Permanent Workers Balas Jasa Pekerja Tetap Konstruksi/Compensa,auto,auto_labeled_needs_validation
Q009,DOC02_BSK,recursive,60,1,score=0.322 hits=3/4 pages=[?] page_match=False ev_type=table_of_contents [TABLE]| preview: 11.165 11.305 11.080 11.425 11.511 11.709 Kalimantan Selatan 7.629 7.842 7.626 7.794 7.895 7.952 Kalimantan Timur 30.289,auto,auto_labeled_needs_validation
Q009,DOC02_BSK,recursive,61,1,"score=0.322 hits=3/4 pages=[?] page_match=False ev_type=table_of_contents [TABLE]| preview: 1.147.170 1.157.245 1.174.009 Banyaknya Pekerja Tetap Konstruksi Menurut Provinsi, 2018–2023 Number of Construction Perm",auto,auto_labeled_needs_validation
Q009,DOC02_BSK,recursive,14,1,"score=0.319 hits=2/4 pages=[?] page_match=False ev_type=table_of_contents | preview: Menurut Provinsi (persen), 2018–2023 Growth of Gross Regional Domestic Product at Current Market Prices of Construction ",auto,auto_labeled_needs_validation
Q009,DOC02_BSK,recursive,63,1,"score=0.297 hits=3/4 pages=[?] page_match=False ev_type=table_of_contents [TABLE]| preview: 2,54 3,32 0,07 0,03 1,31 Sulawesi Barat 1,62 1,72 2,63 1,52 0,54 0,46 Maluku 3,17 3,23 6,44 1,90 1,65 0,50 Maluku Utara ",auto,auto_labeled_needs_validation
Q009,DOC02_BSK,recursive,65,1,"score=0.297 hits=3/4 pages=[?] page_match=False ev_type=table_of_contents [TABLE]| preview: 0,54 0,54 0,54 0,54 0,54 0,53 Sulawesi Tengah 0,88 0,87 0,86 0,85 0,86 0,85 Sulawesi Selatan 2,06 2,07 2,07 2,08 2,08 2,",auto,auto_labeled_needs_validation
Q009,DOC02_BSK,recursive,70,1,"score=0.297 hits=3/4 pages=[?] page_match=False ev_type=table_of_contents [TABLE]| preview: 6,29 2,14 4,19 2,74 4,59 Kalimantan Barat 7,76 8,59 2,67 7,99 3,04 4,96 Kalimantan Tengah 7,79 8,33 2,87 6,82 2,50 4,74 ",auto,auto_labeled_needs_validation
Q010,DOC02_BSK,element,15,2,"score=0.578 hits=2/3 pages=[12,13] page_match=True ev_type=table_of_contents | preview: DAFTAR TABEL LIST OF TABLES  2.28 Pertumbuhan Nilai Pengeluaran Bahan Bangunan/Material yang Digunakan Konstruksi Menuru",auto,auto_labeled_needs_validation
Q010,DOC02_BSK,element,14,2,"score=0.561 hits=2/3 pages=[12] page_match=True ev_type=table_of_contents | preview: 2.16 Struktur Upah Pekerja Harian Konstruksi Menurut Provinsi (persen), 2018-2023 Structure of Wages of Construction Cas",auto,auto_labeled_needs_validation
Q010,DOC02_BSK,element,12,1,"score=0.501 hits=2/3 pages=[11] page_match=False ev_type=table_of_contents | preview: 21 Benchmark Statistik Konstruksi, 2018-2023 Benchmark of Construction Statistics, 2018-2023 2.2 Banyaknya Pekerja Tetap",auto,auto_labeled_needs_validation
Q010,DOC02_BSK,element,164,1,score=0.431 hits=2/3 pages=[98] page_match=False ev_type=table_of_contents | preview: BLOK VII. PENDAPATAN DAN PENGELUARAN  2. Rata-rata Persentase penggunaan bahan/material terhadap nilai konstruksi yang d,auto,auto_labeled_needs_validation
Q010,DOC02_BSK,element,19,1,"score=0.424 hits=2/3 pages=[15] page_match=False ev_type=table_of_contents | preview: 31 Benchmark Banyaknya Pekerja Tetap (orang) dan Balas Jasa Pekerja Tetap Konstruksi (miliar rupiah), 2018-2023 Benchmar",auto,auto_labeled_needs_validation
Q010,DOC02_BSK,element,146,1,"score=0.424 hits=2/3 pages=[73,75,76,77,78] page_match=False ev_type=table_of_contents | preview: GAMBAR GAMBAR-  —e—  Benchmark Banyaknya Pekerja Tetap (orang) dan Balas Jasa Pekerja Tetap Konstruksi Gambar (miliar ru",auto,auto_labeled_needs_validation
Q010,DOC02_BSK,element,150,1,"score=0.424 hits=2/3 pages=[82,83,84,85,86] page_match=False ev_type=table_of_contents | preview: GAMBAR GAMBAR-  Average Wages of Casual Workers  Gambar Figure Benchmark Rata-Rata Upah Pekerja Harian Konstruksi Menuru",auto,auto_labeled_needs_validation
Q010,DOC02_BSK,element,4,1,score=0.414 hits=2/3 pages=[7] page_match=False ev_type=table_of_contents | preview: KATA PENGANTAR  selaras antara Survei Perusahaan Konstruksi Triwulanan dan Survei Perusahaan Konstruksi Tahunan. Melalui,auto,auto_labeled_needs_validation
Q010,DOC02_BSK,element,62,1,"score=0.393 hits=2/3 pages=[27,29,31] page_match=False ev_type=table_of_contents | preview: where,  M, - Pengeluaran bahan/material yang digunakan provinsi ke-i tahun ke-t  M,.  -  Cost of Construction Material U",auto,auto_labeled_needs_validation
Q010,DOC02_BSK,element,58,1,"score=0.281 hits=1/3 pages=[25,26] page_match=False ev_type=table_of_contents | preview: 2.2.5 Benchmark of Construction Statistics  a.  Benchmarked Construction Permanent Workers Benchmarked — Construction — ",auto,auto_labeled_needs_validation
Q010,DOC02_BSK,element,44,1,"score=0.274 hits=1/3 pages=[22] page_match=False ev_type=table_of_contents | preview: 2.1 Rasio Konstruksi  Perhitungan rasio pekerja tetap, pekerja harian, balas jasa dan upah, serta nilai konstruksi triwu",auto,auto_labeled_needs_validation
Q010,DOC02_BSK,element,166,1,"score=0.274 hits=1/3 pages=[99] page_match=False ev_type=table_of_contents | preview: tahun sebelumnya maupun yang dimulai pada tahun 2023, baik di dalam negeri maupun di luar negeri. Bulan/Tah Kumulatif Bi",auto,auto_labeled_needs_validation
Q010,DOC02_BSK,element,16,1,"score=0.273 hits=1/3 pages=[13] page_match=False ev_type=table_of_contents | preview: Number of Construction Establishment by Province, 2018-2028 “erreerooooooooooooccoocoooooo oo 2.32 Struktur Banyaknya Pe",auto,auto_labeled_needs_validation
Q010,DOC02_BSK,element,56,1,"score=0.267 hits=1/3 pages=[24,25] page_match=False ev_type=table_of_contents | preview: 2.2.4 Benchmark of Construction Indices  Benchmarking is a technigue of combining data with the same variable from two s",auto,auto_labeled_needs_validation
Q010,DOC02_BSK,element,117,1,"score=0.267 hits=1/3 pages=[57,58] page_match=False ev_type=table_of_contents | preview: TABEL maBiE  Papua  7.910.003 9.522.281 7.926.765 8.231.438 8.560.590 8.646.714  INDONESIA  685.233.536 836.840.121 690.",auto,auto_labeled_needs_validation
Q010,DOC02_BSK,element,45,1,"score=0.260 hits=1/3 pages=[22,23] page_match=False ev_type=table_of_contents | preview: 2.1 Construction Ratio  The guarterly ratio for permanent workers, casual workers, compensation and wages, as well as va",auto,auto_labeled_needs_validation
Q010,DOC02_BSK,element,38,1,score=0.252 hits=1/3 pages=[21] page_match=False ev_type=table_of_contents | preview: 7. Nilai Konstruksi yang Diselesaikan  Nilai konstruksi yang diselesaikan adalah nilai pekerjaan yang telah diselesaikan,auto,auto_labeled_needs_validation
Q010,DOC02_BSK,element,170,1,"score=0.252 hits=1/3 pages=[101] page_match=False ev_type=table_of_contents | preview: Nilai (000 Rp) ro) el Rincian .. RINCIAN PENGELUARAN . Balas Jasa dan Upah Pekerja (Blok II, Rincian B Baris 4 Jumlah Ko",auto,auto_labeled_needs_validation
Q010,DOC02_BSK,element,109,1,"score=0.248 hits=2/3 pages=[53,54] page_match=False ev_type=table_of_contents [TABLE]| preview: TABEL maBiE  Papua  17,64  16,57  17,76  18,04  18,18  18,08  INDONESIA  16,38  15,77  16,92  16,78  16,61  16,44  Tabel",auto,auto_labeled_needs_validation
Q010,DOC02_BSK,element,61,1,"score=0.243 hits=1/3 pages=[27] page_match=False ev_type=table_of_contents | preview: where,  d.  Benchmark Nilai Konstruksi Diselesaikan BenchmarkNilaiKonstruksiyangDiselesaikan diperoleh dengan cara menet",auto,auto_labeled_needs_validation
Q010,DOC02_BSK,element,64,1,"score=0.243 hits=1/3 pages=[31,32] page_match=False ev_type=table_of_contents | preview: where,  / UBILIN  pasn ponarow uondnugsuo) Jo 350) JO yiMo12 Isynaysuoy ueyeungig ueyeg uesenjabuag Uryngwnyag BL pasn j",auto,auto_labeled_needs_validation
Q010,DOC02_BSK,element,66,1,"score=0.243 hits=1/3 pages=[32,33] page_match=False ev_type=table_of_contents | preview: TABEL TABLE  Papua  35.849  INDONESIA  1.130.815 1.162.297 1.138.186 1147170 1.157.245 1.174.009  16  Benchmark Statisti",auto,auto_labeled_needs_validation
Q010,DOC02_BSK,element,77,1,"score=0.243 hits=1/3 pages=[38] page_match=False ev_type=table_of_contents | preview: TABEL maBiE  28  Rata-Rata Balas Jasa Pekerja Tetap Konstruksi Menurut Provinsi (ribu rupiah), 2018- 2023  Average Compe",auto,auto_labeled_needs_validation
Q010,DOC02_BSK,element,91,1,"score=0.243 hits=1/3 pages=[44,45] page_match=False ev_type=table_of_contents | preview: TABEL maBiE  INDONESIA  163.359.265 191.555.042 165.375.557 175.306.035 184.776493 197.479.260  Benchmark Statistik Kons",auto,auto_labeled_needs_validation
Q010,DOC02_BSK,element,123,1,"score=0.243 hits=1/3 pages=[60,61] page_match=False ev_type=table_of_contents | preview: TABEL maBiE  INDONESIA  51,47  52,49  52,25  53,61  53,13  Pa  Benchmark Statistik Konstruksi, 2018-2023 Benchmark Const",auto,auto_labeled_needs_validation
Q010,DOC02_BSK,semantic_maxmin,7,2,score=0.512 hits=2/3 pages=[?] page_match=False ev_type=table_of_contents | preview: Tabel-Tabel/Tables ...  13 3. Gambar-Gambar/Figures ...  57 Daftar Pustaka/Bibliography...  75 Lampiran/Appendix ...  77,auto,auto_labeled_needs_validation
Q010,DOC02_BSK,semantic_maxmin,8,2,"score=0.488 hits=2/3 pages=[?] page_match=False ev_type=table_of_contents | preview: ...  44 xi Tabel/Table Halaman .31  Banyaknya Perusahaan Konstruksi Menurut Provinsi, 2018–2023 Number of Construction E",auto,auto_labeled_needs_validation
Q010,DOC02_BSK,semantic_maxmin,112,2,score=0.431 hits=2/3 pages=[?] page_match=False ev_type=table_of_contents | preview: J U M L A H (1+2+ … +11) No APBD APBN APBD Volume Pekerjaan KBLI 2021 Kode Kab/Kota Kota Surakarta Kota Surakarta Kab. G,auto,auto_labeled_needs_validation
Q010,DOC02_BSK,semantic_maxmin,108,1,score=0.424 hits=2/3 pages=[?] page_match=False ev_type=table_of_contents | preview: 2. Rata-rata Persentase penggunaan bahan/material terhadap nilai konstruksi yang diselesaikan selama tahun 2023 % 3. Rat,auto,auto_labeled_needs_validation
Q010,DOC02_BSK,semantic_maxmin,49,1,"score=0.417 hits=2/3 pages=[?] page_match=False ev_type=table_of_contents | preview: dimana, NK =  Nilai konstruksi yang diselesaikan NP =  Nilai kontrak proyek NS =  Nilai pekerjaan yang disubkontrakkan k",auto,auto_labeled_needs_validation
Q010,DOC02_BSK,semantic_maxmin,2,1,"score=0.414 hits=2/3 pages=[?] page_match=False ev_type=table_of_contents | preview: Kondisi konstruksi Indonesia yang dicakup dalam publikasi ini meliputi beberapa indikator, yaitu: pekerja tetap, hari-or",auto,auto_labeled_needs_validation
Q010,DOC02_BSK,semantic_maxmin,110,1,"score=0.407 hits=2/3 pages=[?] page_match=False ev_type=table_of_contents | preview: PENDAPATAN DAN PENGELUARAN No Provinsi dan Kabupaten/Kota Lokasi Proyek Volume Pekerjaan Satuan (m, m2, m3, km, dll) Nil",auto,auto_labeled_needs_validation
Q010,DOC02_BSK,semantic_maxmin,73,1,score=0.400 hits=2/3 pages=[?] page_match=False ev_type=table_of_contents | preview: it it it it BJ Publikasi BJ Benchmark BJU Benchmark BJU Publikasi = × it it it it BJ Publikasi BJ Benchmark BJU Benchmar,auto,auto_labeled_needs_validation
Q010,DOC02_BSK,semantic_maxmin,82,1,score=0.319 hits=2/3 pages=[?] page_match=False ev_type=table_of_contents [TABLE]| preview: Yogyakarta 6.899 7.093 7.001 7.040 7.092 7.214 Jawa Timur 141.902 145.529 142.987 143.191 143.276 145.038 Banten 57.189 ,auto,auto_labeled_needs_validation
Q010,DOC02_BSK,semantic_maxmin,111,1,score=0.305 hits=1/3 pages=[?] page_match=False ev_type=table_of_contents | preview: / / % % / / % % / / % % % / / % / / % % / / % % / / % % / / % % / / % % / / % % % / / % s/d 31/12/22 s/d 31/12/23 Bulan/,auto,auto_labeled_needs_validation
Q010,DOC02_BSK,semantic_maxmin,129,1,"score=0.274 hits=1/3 pages=[?] page_match=False ev_type=table_of_contents | preview: Nilai dari Pendapatan Lain [Blok VIII, Baris 9 Jumlah Kolom ] JUMLAH A [ 1 + 2 + 3] RINCIAN PENDAPATAN Nilai Konstruksi ",auto,auto_labeled_needs_validation
Q010,DOC02_BSK,semantic_maxmin,81,1,score=0.271 hits=2/3 pages=[?] page_match=False ev_type=table_of_contents [TABLE]| preview: Balas Jasa dan Upah Pekerja Konstruksi Compensation and Wages of Construction Workers juta rupiah million rupiahs 218.06,auto,auto_labeled_needs_validation
Q010,DOC02_BSK,semantic_maxmin,113,1,"score=0.267 hits=1/3 pages=[?] page_match=False ev_type=table_of_contents | preview: Untuk kasus perusahaan di bawah ini, maka pengisiannya adalah sbb : Perusahaan CV. WIDYAS INDAH di Provinsi Jawa Tengah ",auto,auto_labeled_needs_validation
Q010,DOC02_BSK,semantic_maxmin,133,1,"score=0.267 hits=1/3 pages=[?] page_match=False ev_type=table_of_contents | preview: i. Intramural (000 Rp) ii. Extramural (000 Rp) iii. Jumlah (000 Rp) 1. Menurut perusahaan, metode pengisian kuesioner se",auto,auto_labeled_needs_validation
Q010,DOC02_BSK,semantic_maxmin,48,1,"score=0.260 hits=1/3 pages=[?] page_match=False ev_type=table_of_contents | preview: 2. Computation 2.1  Construction Ratio The quarterly ratio for permanent workers, casual workers, compensation and wages",auto,auto_labeled_needs_validation
Q010,DOC02_BSK,semantic_maxmin,28,1,score=0.252 hits=1/3 pages=[?] page_match=False ev_type=table_of_contents | preview: Wages of Casual Worker Wages is all expenses paid to the casual worker either in the form of money or goods as compensat,auto,auto_labeled_needs_validation
Q010,DOC02_BSK,semantic_maxmin,69,1,score=0.243 hits=1/3 pages=[?] page_match=False ev_type=table_of_contents | preview: c. Benchmark Balas Jasa dan Upah Pekerja Konstruksi Benchmark Balas Jasa dan Upah Pekerja setiap provinsi diperoleh deng,auto,auto_labeled_needs_validation
Q010,DOC02_BSK,semantic_maxmin,44,1,"score=0.236 hits=1/3 pages=[?] page_match=False ev_type=table_of_contents | preview: Formula rasio tersebut adalah sebagai berikut: dimana, Rt =  Rasio pekerja tetap, hari-orang, balas jasa dan upah, nilai",auto,auto_labeled_needs_validation
Q010,DOC02_BSK,semantic_maxmin,68,1,score=0.233 hits=1/3 pages=[?] page_match=False ev_type=table_of_contents | preview: 2.2.5  Benchmark of Construction Statistics a. Benchmarked Construction Permanent Workers Benchmarked Construction Perma,auto,auto_labeled_needs_validation
Q010,DOC02_BSK,semantic_maxmin,10,1,score=0.229 hits=1/3 pages=[?] page_match=False ev_type=table_of_contents | preview: Series data yang digunakan dalam benchmarking adalah: a. Indeks dan Banyaknya Pekerja Tetap Konstruksi b. Indeks Hari-Or,auto,auto_labeled_needs_validation
Q010,DOC02_BSK,semantic_maxmin,61,1,score=0.229 hits=1/3 pages=[?] page_match=False ev_type=table_of_contents | preview: Hal tersebut dilakukan dengan meminimalkan perbedaan (selisih terkecil) persentase perubahan dari triwulan ke triwulan d,auto,auto_labeled_needs_validation
Q010,DOC02_BSK,semantic_maxmin,90,1,score=0.229 hits=1/3 pages=[?] page_match=False ev_type=table_of_contents | preview: DAFTAR PUSTAKA BIBLIOGRAPHY Lampiran Appendix LAMPIRAN APPENDIX Kuesioner Survei Perusahaan Konstruksi Tahunan 2023 (SKT,auto,auto_labeled_needs_validation
Q010,DOC02_BSK,semantic_maxmin,63,1,"score=0.219 hits=1/3 pages=[?] page_match=False ev_type=table_of_contents | preview: Setelah indeks benchmark tahunan tahun dasar 2016 diperoleh, lalu dijalankan Program Bench dengan Metode Proportional De",auto,auto_labeled_needs_validation
Q010,DOC02_BSK,semantic_maxmin,70,1,"score=0.212 hits=1/3 pages=[?] page_match=False ev_type=table_of_contents | preview: dimana, BJit =  Balas jasa pekerja tetap provinsi ke-i tahun ke-t BJUit  =  Balas jasa dan upah pekerja provinsi ke-i ta",auto,auto_labeled_needs_validation
Q010,DOC02_BSK,recursive,7,2,"score=0.471 hits=2/3 pages=[?] page_match=False ev_type=table_of_contents | preview: Growth of Compensation of Construction Permanent Workers by Province (percent), 2018–2023   20 2.7 Struktur Balas Jasa P",auto,auto_labeled_needs_validation
Q010,DOC02_BSK,recursive,9,2,"score=0.471 hits=2/3 pages=[?] page_match=False ev_type=table_of_contents | preview: Wages of Construction Casual Workers by Province (million rupiah), 2018–2023 ...  28 2.15  Pertumbuhan Upah Pekerja Hari",auto,auto_labeled_needs_validation
Q010,DOC02_BSK,recursive,11,2,score=0.471 hits=2/3 pages=[?] page_match=False ev_type=table_of_contents | preview: 2023 ...  36 2.23  Persentase Balas Jasa dan Upah Pekerja Konstruksi terhadap Nilai Konstruksi yang Diselesaikan Menurut,auto,auto_labeled_needs_validation
Q010,DOC02_BSK,recursive,12,1,"score=0.471 hits=2/3 pages=[?] page_match=False ev_type=table_of_contents | preview: 2.27  Nilai Pengeluaran Bahan Bangunan/Material yang Digunakan Konstruksi Menurut Provinsi (juta rupiah), 2018–2023 Cost",auto,auto_labeled_needs_validation
Q010,DOC02_BSK,recursive,16,1,"score=0.464 hits=2/3 pages=[?] page_match=False ev_type=table_of_contents | preview: 2.41  Struktur Realisasi Pengadaan Semen Menurut Provinsi (persen), 2018–2023 Structure of Actual Supply of Cement by Pr",auto,auto_labeled_needs_validation
Q010,DOC02_BSK,recursive,196,1,score=0.455 hits=2/3 pages=[?] page_match=False ev_type=table_of_contents | preview: 3. 1 5 4. 5. 6. 7. 8. 9. 10. 11. 24 400 000 9 630 500 20 000 5 510 250 24 320 000 22 000 000 2 000 000 320 000 Jawa Teng,auto,auto_labeled_needs_validation
Q010,DOC02_BSK,recursive,10,1,"score=0.448 hits=2/3 pages=[?] page_match=False ev_type=table_of_contents | preview: 2.19  Persentase Upah Pekerja Harian Konstruksi terhadap Nilai Konstruksi yang Diselesaikan Menurut Provinsi (persen), 2",auto,auto_labeled_needs_validation
Q010,DOC02_BSK,recursive,175,1,score=0.440 hits=2/3 pages=[?] page_match=False ev_type=table_of_contents | preview: A c e h Sumatera Utara Sumatera Barat R i a u J a m b i Sumatera Selatan Bengkulu Lampung Kep. Bangka Belitung Kepulauan,auto,auto_labeled_needs_validation
Q010,DOC02_BSK,recursive,2,1,score=0.438 hits=2/3 pages=[?] page_match=False ev_type=table_of_contents | preview: Perusahaan Konstruksi Tahunan. Melalui publikasi ini akan terlihat perkembangan sektor konstruksi Indonesia selama tahun,auto,auto_labeled_needs_validation
Q010,DOC02_BSK,recursive,37,1,score=0.424 hits=2/3 pages=[?] page_match=False ev_type=table_of_contents | preview: NK =  Nilai konstruksi yang diselesaikan NP =  Nilai kontrak proyek NS =  Nilai pekerjaan yang disubkontrakkan ke kontra,auto,auto_labeled_needs_validation
Q010,DOC02_BSK,recursive,192,1,score=0.424 hits=2/3 pages=[?] page_match=False ev_type=table_of_contents | preview: % 3. Rata-rata Persentase upah pekerja tidak tetap/harian terhadap nilai konstruksi yang diselesaikan selama tahun 2023 ,auto,auto_labeled_needs_validation
Q010,DOC02_BSK,recursive,19,1,"score=0.417 hits=2/3 pages=[?] page_match=False ev_type=table_of_contents | preview: Benchmarked Average Wages of Construction Casual Workers by Province (rupiahs), 2023 ...  66 3.11  Benchmark Balas Jasa ",auto,auto_labeled_needs_validation
Q010,DOC02_BSK,recursive,53,1,score=0.393 hits=2/3 pages=[?] page_match=False ev_type=table_of_contents | preview: e. Benchmark Pengeluaran Bahan/Material yang Digunakan Benchmark Pengeluaran Bahan/Material yang Digunakan dihitung deng,auto,auto_labeled_needs_validation
Q010,DOC02_BSK,recursive,195,1,score=0.305 hits=1/3 pages=[?] page_match=False ev_type=table_of_contents | preview: % / / % / / % % / / % % / / % % / / % % / / % % / / % % % / / % s/d 31/12/22 s/d 31/12/23 Bulan/Tahun Pelaksanaan Pekerj,auto,auto_labeled_needs_validation
Q010,DOC02_BSK,recursive,101,1,"score=0.295 hits=2/3 pages=[?] page_match=False ev_type=table_of_contents [TABLE]| preview: 1,49 Kalimantan Tengah 6,29 5,54 0,08 3,08 1,62 3,27 Kalimantan Selatan 6,47 3,96 0,09 4,18 2,15 1,79 Kalimantan Timur 6",auto,auto_labeled_needs_validation
Q010,DOC02_BSK,recursive,112,1,"score=0.295 hits=2/3 pages=[?] page_match=False ev_type=table_of_contents [TABLE]| preview: 0,25 0,24 0,24 0,24 0,24 0,22 Maluku 0,30 0,29 0,29 0,29 0,28 0,27 Maluku Utara 0,23 0,23 0,23 0,24 0,23 0,22 Papua Bara",auto,auto_labeled_needs_validation
Q010,DOC02_BSK,recursive,114,1,"score=0.295 hits=2/3 pages=[?] page_match=False ev_type=table_of_contents [TABLE]| preview: 12,89 12,25 12,79 12,64 12,72 12,53 Kalimantan Timur 17,36 16,59 17,39 17,39 17,35 17,24 Kalimantan Utara 17,43 17,67 17",auto,auto_labeled_needs_validation
Q010,DOC02_BSK,recursive,131,1,"score=0.295 hits=2/3 pages=[?] page_match=False ev_type=table_of_contents [TABLE]| preview: 0,28 0,31 0,31 0,30 0,29 Maluku 0,29 0,28 0,30 0,30 0,30 0,29 Maluku Utara 0,25 0,24 0,25 0,25 0,25 0,23 Papua Barat 0,4",auto,auto_labeled_needs_validation
Q010,DOC02_BSK,recursive,5,1,"score=0.283 hits=1/3 pages=[?] page_match=False ev_type=table_of_contents | preview: PREFACE Jakarta, October 2025 Chief Statistician Amalia Adininggar Widyasanti vii ISSN 2460-4674 DAFTAR ISI/CONTENTS Ben",auto,auto_labeled_needs_validation
Q010,DOC02_BSK,recursive,191,1,"score=0.274 hits=1/3 pages=[?] page_match=False ev_type=table_of_contents | preview: Perjalanan Dinas Pekerja Penelitian dan Pengembangan (Research and Development ) h. Pelumas Listrik Air Telepon, Interne",auto,auto_labeled_needs_validation
Q010,DOC02_BSK,recursive,198,1,"score=0.274 hits=1/3 pages=[?] page_match=False ev_type=table_of_contents | preview: Untuk kasus perusahaan di bawah ini, maka pengisiannya adalah sbb : Perusahaan CV. WIDYAS INDAH di Provinsi Jawa Tengah ",auto,auto_labeled_needs_validation
Q010,DOC02_BSK,recursive,202,1,score=0.274 hits=1/3 pages=[?] page_match=False ev_type=table_of_contents | preview: JUMLAH B [ 1 + 2 ] #REF! Efisiensi Perusahaan (A / B x 100%) #REF! 1. Pendapatan Konsultan Perencanaan dan/atau Pengawas,auto,auto_labeled_needs_validation
Q010,DOC02_BSK,recursive,78,1,"score=0.271 hits=2/3 pages=[?] page_match=False ev_type=table_of_contents [TABLE]| preview: 0,49 4,11 3,09 0,09 Papua 6,19 6,43 0,56 4,44 2,44 0,52 INDONESIA 6,30 6,56 0,69 3,09 4,98 3,93 Benchmark Statistik Kons",auto,auto_labeled_needs_validation
Q010,DOC02_BSK,recursive,118,1,score=0.271 hits=2/3 pages=[?] page_match=False ev_type=table_of_contents [TABLE]| preview: 4.149.759 4.397.222 4.530.111 4.593.080 Maluku 3.898.919 4.585.959 4.097.091 4.349.910 4.472.078 4.654.092 Maluku Utara ,auto,auto_labeled_needs_validation
Q010,DOC02_BSK,recursive,120,1,"score=0.271 hits=2/3 pages=[?] page_match=False ev_type=table_of_contents [TABLE]| preview: 17,32 21,73 13,92 8,88 3,80 6,08 Kalimantan Timur 16,95 20,53 6,59 3,69 4,35 5,45 Kalimantan Utara 15,93 18,84 1,71 4,58",auto,auto_labeled_needs_validation
Q011,DOC03_CERDAS,element,10,2,"score=0.741 hits=3/3 pages=[7,8] page_match=True ev_type=bullet | preview: IKHTISAR  Indonesia menghadapi tantangan bonus demografi, ketika jumlah penduduk usia produktif melimpah tetapi Tingkat ",auto,auto_labeled_needs_validation
Q011,DOC03_CERDAS,element,13,1,"score=0.484 hits=2/3 pages=[10] page_match=False ev_type=bullet | preview: Ledakan Pemuda: Bonus Demografi atau Bom Waktu  wirausaha, serta akses kredit bagi pemuda— kecenderungan mereka untuk ma",auto,auto_labeled_needs_validation
Q011,DOC03_CERDAS,element,7,1,"score=0.353 hits=1/3 pages=[5] page_match=False ev_type=bullet | preview: KATA PENGANTAR  |  Kepada para Sahabat Data yang budiman,  Puji syukur kehadirat Allah SWT yang telah memberikan rahmat ",auto,auto_labeled_needs_validation
Q011,DOC03_CERDAS,element,14,1,"score=0.322 hits=1/3 pages=[10,11] page_match=False ev_type=bullet | preview: Ledakan Pemuda: Bonus Demografi atau Bom Waktu  Fenomena mismatch pendidikan-pekerjaan di kalangan angkatan kerja muda I",auto,auto_labeled_needs_validation
Q011,DOC03_CERDAS,element,9,1,score=0.208 hits=1/3 pages=[6] page_match=False ev_type=bullet | preview: MISMATCH PENDIDIKAN-PEKERJAAN PEMUDA INDONESIA: IMPLIKASI BAGI BONUS DEMOGRAFI  Ledakan Pemuda: Bonus Demografi atau Bom,auto,auto_labeled_needs_validation
Q011,DOC03_CERDAS,semantic_maxmin,7,2,"score=0.642 hits=3/3 pages=[?] page_match=False ev_type=bullet | preview: Salah satu akar masalahnya adalah fenomena vertical mismatch dimana lebih dari sepertiga (36,36 persen) angkatan kerja m",auto,auto_labeled_needs_validation
Q011,DOC03_CERDAS,semantic_maxmin,2,1,"score=0.303 hits=1/3 pages=[?] page_match=False ev_type=bullet | preview: Pada edisi kali ini, CERDAS Untuk Indonesia membahas tentang isu ketidaksesuaian antara pekerjaan dan pendidikan di kala",auto,auto_labeled_needs_validation
Q011,DOC03_CERDAS,semantic_maxmin,21,1,"score=0.282 hits=1/3 pages=[?] page_match=False ev_type=bullet | preview: Data menunjukkan bahwa hanya sekitar 64,64 persen pekerja muda yang bekerja sesuai dengan kualifikasi pendidikannya, sem",auto,auto_labeled_needs_validation
Q011,DOC03_CERDAS,semantic_maxmin,19,1,"score=0.274 hits=1/3 pages=[?] page_match=False ev_type=bullet | preview: Pendidikan Tinggi, Kerja Rendah? Fenomena Vertical Mismatch Salah satu manifestasi paling nyata dari ketidakselarasan pa",auto,auto_labeled_needs_validation
Q011,DOC03_CERDAS,semantic_maxmin,6,1,score=0.212 hits=1/3 pages=[?] page_match=False ev_type=bullet | preview: Fenomena Vertical Mismatch �����������������10 Menunggu di Pintu Kerja: Survival Analysis Pencari Kerja�����������������,auto,auto_labeled_needs_validation
Q011,DOC03_CERDAS,semantic_maxmin,20,1,score=0.176 hits=1/3 pages=[?] page_match=False ev_type=bullet | preview: Contoh jamak kasus klasik overeducated yang kita temui adalah seorang sarjana yang bekerja sebagai staf administrasi ata,auto,auto_labeled_needs_validation
Q011,DOC03_CERDAS,recursive,5,2,score=0.642 hits=3/3 pages=[?] page_match=False ev_type=bullet | preview: Mengapa Bisa Begitu? Mengurai Akar Masalah��������������������������������19 Referensi����������������������������������,auto,auto_labeled_needs_validation
Q011,DOC03_CERDAS,recursive,15,2,"score=0.421 hits=2/3 pages=[?] page_match=False ev_type=bullet | preview: Pendidikan Tinggi, Kerja Rendah? Fenomena Vertical Mismatch Salah satu manifestasi paling nyata dari ketidakselarasan pa",auto,auto_labeled_needs_validation
Q011,DOC03_CERDAS,recursive,3,1,score=0.303 hits=1/3 pages=[?] page_match=False ev_type=bullet | preview: Untuk Indonesia membahas tentang isu ketidaksesuaian antara pekerjaan dan pendidikan di kalangan pemuda. Indonesia mengh,auto,auto_labeled_needs_validation
Q011,DOC03_CERDAS,recursive,16,1,score=0.282 hits=1/3 pages=[?] page_match=False ev_type=bullet | preview: Fenomena mismatch pendidikan dan pekerjaan di kalangan angkatan kerja muda Indonesia bukanlah sekadar persoalan anekdot ,auto,auto_labeled_needs_validation
Q011,DOC03_CERDAS,recursive,17,1,score=0.268 hits=1/3 pages=[?] page_match=False ev_type=bullet | preview: (Quintini 2011). Fenomena mismatch pendidikan-pekerjaan di kalangan angkatan kerja muda Indonesia terus menjadi persoala,auto,auto_labeled_needs_validation
Q011,DOC03_CERDAS,recursive,6,1,score=0.257 hits=1/3 pages=[?] page_match=False ev_type=bullet | preview: angkatan kerja muda bekerja pada posisi yang tidak sesuai dengan tingkat pendidikannya. Kondisi overeducated maupun unde,auto,auto_labeled_needs_validation
Q011,DOC03_CERDAS,recursive,4,1,"score=0.256 hits=1/3 pages=[?] page_match=False ev_type=bullet | preview: Buklet ini tidak sekadar sekumpulan angka, tetapi juga menggali esensi dari tiap-tiap nilai statistik. Ulasannya disampa",auto,auto_labeled_needs_validation
Q011,DOC03_CERDAS,recursive,14,1,"score=0.212 hits=1/3 pages=[?] page_match=False ev_type=bullet | preview: Gambar 2 Persentase Pemuda Bekerja dengan Status Berusaha White Collar, 2017–2024 Cerita Data Statistik Untuk Indonesia ",auto,auto_labeled_needs_validation
Q012,DOC03_CERDAS,element,11,1,score=0.679 hits=3/3 pages=[8] page_match=False ev_type=bullet | preview: Ledakan Pemuda: Bonus Demografi atau Bom Waktu  Indonesia saat ini berada di tengah periode emas yang disebut sebagai “b,auto,auto_labeled_needs_validation
Q012,DOC03_CERDAS,element,10,2,"score=0.594 hits=2/3 pages=[7,8] page_match=True ev_type=bullet | preview: IKHTISAR  Indonesia menghadapi tantangan bonus demografi, ketika jumlah penduduk usia produktif melimpah tetapi Tingkat ",auto,auto_labeled_needs_validation
Q012,DOC03_CERDAS,element,7,1,"score=0.385 hits=1/3 pages=[5] page_match=False ev_type=bullet | preview: KATA PENGANTAR  |  Kepada para Sahabat Data yang budiman,  Puji syukur kehadirat Allah SWT yang telah memberikan rahmat ",auto,auto_labeled_needs_validation
Q012,DOC03_CERDAS,semantic_maxmin,15,2,"score=0.594 hits=3/3 pages=[?] page_match=False ev_type=bullet | preview: Namun, ketika lensa diperbesar ke kelompok pemuda, situasinya memperlihatkan tantangan yang lebih serius. Pada 2024, TPT",auto,auto_labeled_needs_validation
Q012,DOC03_CERDAS,semantic_maxmin,6,2,score=0.496 hits=2/3 pages=[?] page_match=False ev_type=bullet | preview: Fenomena Vertical Mismatch �����������������10 Menunggu di Pintu Kerja: Survival Analysis Pencari Kerja�����������������,auto,auto_labeled_needs_validation
Q012,DOC03_CERDAS,semantic_maxmin,2,2,"score=0.488 hits=2/3 pages=[?] page_match=False ev_type=bullet | preview: Pada edisi kali ini, CERDAS Untuk Indonesia membahas tentang isu ketidaksesuaian antara pekerjaan dan pendidikan di kala",auto,auto_labeled_needs_validation
Q012,DOC03_CERDAS,semantic_maxmin,16,1,"score=0.350 hits=2/3 pages=[?] page_match=False ev_type=bullet | preview: Bahkan, jika menengok ke belakang, tren pengangguran pemuda pernah melonjak hingga hampir 15,7 persen pada 2020, beririn",auto,auto_labeled_needs_validation
Q012,DOC03_CERDAS,semantic_maxmin,17,1,"score=0.272 hits=1/3 pages=[?] page_match=False ev_type=bullet | preview: Pemuda yang baru lulus pendidikan menengah maupun tinggi sering kali menghadapi “jebakan transisi”, yakni kesenjangan ke",auto,auto_labeled_needs_validation
Q012,DOC03_CERDAS,semantic_maxmin,13,1,"score=0.252 hits=1/3 pages=[?] page_match=False ev_type=bullet | preview: Ketika jumlah pemuda1 melimpah, mengapa justru tingkat pengangguran di kalangan mereka menjadi yang paling tinggi diband",auto,auto_labeled_needs_validation
Q012,DOC03_CERDAS,recursive,9,2,"score=0.594 hits=3/3 pages=[?] page_match=False ev_type=bullet | preview: Merujuk pada Undang-Undang Republik Indonesia Nomor 40 Tahun 2009 tentang Kepemudaan, pemuda adalah warga negara Indones",auto,auto_labeled_needs_validation
Q012,DOC03_CERDAS,recursive,5,2,score=0.496 hits=2/3 pages=[?] page_match=False ev_type=bullet | preview: Mengapa Bisa Begitu? Mengurai Akar Masalah��������������������������������19 Referensi����������������������������������,auto,auto_labeled_needs_validation
Q012,DOC03_CERDAS,recursive,3,2,score=0.488 hits=2/3 pages=[?] page_match=False ev_type=bullet | preview: Untuk Indonesia membahas tentang isu ketidaksesuaian antara pekerjaan dan pendidikan di kalangan pemuda. Indonesia mengh,auto,auto_labeled_needs_validation
Q012,DOC03_CERDAS,recursive,10,1,"score=0.405 hits=2/3 pages=[?] page_match=False ev_type=bullet | preview: 15,7 persen pada 2020, beriringan dengan dampak pandemi yang menutup banyak peluang kerja baru. Perbedaan tajam antara T",auto,auto_labeled_needs_validation
Q012,DOC03_CERDAS,recursive,8,1,"score=0.272 hits=1/3 pages=[?] page_match=False ev_type=bullet | preview: Cerita Data Statistik Untuk Indonesia Volume 2, Nomor 10, 2025 Ledakan Pemuda: Bonus Demografi atau Bom Waktu Indonesia ",auto,auto_labeled_needs_validation
Q012,DOC03_CERDAS,recursive,11,1,"score=0.224 hits=1/3 pages=[?] page_match=False ev_type=bullet | preview: Sumber: Badan Pusat Statistik, Survei Angkatan Kerja Nasional Agustus 2017–2024 Gambar 1 Tren Perkembangan TPT Penduduk ",auto,auto_labeled_needs_validation
Q013,DOC03_CERDAS,element,10,2,"score=0.762 hits=4/4 pages=[7,8] page_match=True ev_type=bullet | preview: IKHTISAR  Indonesia menghadapi tantangan bonus demografi, ketika jumlah penduduk usia produktif melimpah tetapi Tingkat ",auto,auto_labeled_needs_validation
Q013,DOC03_CERDAS,element,7,1,"score=0.658 hits=4/4 pages=[5] page_match=False ev_type=bullet | preview: KATA PENGANTAR  |  Kepada para Sahabat Data yang budiman,  Puji syukur kehadirat Allah SWT yang telah memberikan rahmat ",auto,auto_labeled_needs_validation
Q013,DOC03_CERDAS,element,14,1,"score=0.499 hits=3/4 pages=[10,11] page_match=False ev_type=bullet | preview: Ledakan Pemuda: Bonus Demografi atau Bom Waktu  Fenomena mismatch pendidikan-pekerjaan di kalangan angkatan kerja muda I",auto,auto_labeled_needs_validation
Q013,DOC03_CERDAS,element,13,1,"score=0.496 hits=3/4 pages=[10] page_match=False ev_type=bullet | preview: Ledakan Pemuda: Bonus Demografi atau Bom Waktu  wirausaha, serta akses kredit bagi pemuda— kecenderungan mereka untuk ma",auto,auto_labeled_needs_validation
Q013,DOC03_CERDAS,element,15,1,"score=0.496 hits=3/4 pages=[11,12] page_match=False ev_type=bullet | preview: Ledakan Pemuda: Bonus Demografi atau Bom Waktu  Mismatch Pendidikan-Perkerjaan Pemuda Indonesia: Implikasi bagi Bonus De",auto,auto_labeled_needs_validation
Q013,DOC03_CERDAS,element,18,1,"score=0.349 hits=2/4 pages=[13,14] page_match=False ev_type=bullet | preview: Mimpi vs Realita: Apa Kata Data?  Fenomena ini sangat relevan dengan kondisi pemuda Indonesia saat ini. Di tengah bonus ",auto,auto_labeled_needs_validation
Q013,DOC03_CERDAS,element,16,1,"score=0.326 hits=2/4 pages=[12,13] page_match=False ev_type=bullet | preview: Menunggu di Pintu Kerja: Survival Analysis Pencari Kerja  Jika dianalogikan dengan sebuah perlombaan lari, setiap pemuda",auto,auto_labeled_needs_validation
Q013,DOC03_CERDAS,element,22,1,score=0.326 hits=2/4 pages=[18] page_match=False ev_type=bullet | preview: Mimpi vs Realita: Apa Kata Data?  Habis Kontrak » Pendapatan Kurang » Lingkungan Tak Cocok  dengan upah yang lebih renda,auto,auto_labeled_needs_validation
Q013,DOC03_CERDAS,element,21,1,score=0.320 hits=2/4 pages=[17] page_match=False ev_type=bullet | preview: Mimpi vs Realita: Apa Kata Data?  mulus atau berliku perjalanan setiap pemuda untuk mendapatkan sebuah pekerjaan. Pertan,auto,auto_labeled_needs_validation
Q013,DOC03_CERDAS,semantic_maxmin,7,2,"score=0.643 hits=4/4 pages=[?] page_match=False ev_type=bullet | preview: Salah satu akar masalahnya adalah fenomena vertical mismatch dimana lebih dari sepertiga (36,36 persen) angkatan kerja m",auto,auto_labeled_needs_validation
Q013,DOC03_CERDAS,semantic_maxmin,3,2,"score=0.599 hits=4/4 pages=[?] page_match=False ev_type=bullet | preview: Kondisi overeducated dan undereducated menimbulkan wage penalty dan inefisiensi ekonomi. Pemuda perempuan, berpendidikan",auto,auto_labeled_needs_validation
Q013,DOC03_CERDAS,semantic_maxmin,24,2,"score=0.499 hits=3/4 pages=[?] page_match=False ev_type=bullet | preview: Bagi individu, overeducated seringkali berkorelasi dengan kepuasan kerja yang lebih rendah dan upah yang lebih kecil (wa",auto,auto_labeled_needs_validation
Q013,DOC03_CERDAS,semantic_maxmin,28,1,"score=0.496 hits=3/4 pages=[?] page_match=False ev_type=bullet | preview: Dengan demikian, mismatch pendidikan– pekerjaan dapat dilihat sebagai bentuk inefisiensi struktural dalam pasar kerja, s",auto,auto_labeled_needs_validation
Q013,DOC03_CERDAS,semantic_maxmin,21,1,"score=0.483 hits=3/4 pages=[?] page_match=False ev_type=bullet | preview: Data menunjukkan bahwa hanya sekitar 64,64 persen pekerja muda yang bekerja sesuai dengan kualifikasi pendidikannya, sem",auto,auto_labeled_needs_validation
Q013,DOC03_CERDAS,semantic_maxmin,9,1,"score=0.342 hits=2/4 pages=[?] page_match=False ev_type=bullet | preview: Faktor demografi, sosial, dan ekonomi ikut menentukan peluang mendapatkan pekerjaan. Pemuda perempuan, tinggal di Pulau ",auto,auto_labeled_needs_validation
Q013,DOC03_CERDAS,semantic_maxmin,19,1,"score=0.314 hits=2/4 pages=[?] page_match=False ev_type=bullet | preview: Pendidikan Tinggi, Kerja Rendah? Fenomena Vertical Mismatch Salah satu manifestasi paling nyata dari ketidakselarasan pa",auto,auto_labeled_needs_validation
Q013,DOC03_CERDAS,semantic_maxmin,60,1,"score=0.314 hits=2/4 pages=[?] page_match=False ev_type=bullet | preview: Dengan kata lain, mereka cenderung bertahan atau kembali ke sektor yang sama dengan pengalaman sebelumnya. Pola ini akan",auto,auto_labeled_needs_validation
Q013,DOC03_CERDAS,semantic_maxmin,43,1,"score=0.279 hits=2/4 pages=[?] page_match=False ev_type=bullet | preview: Pemuda yang overeducated memiliki peluang 7,37 persen lebih cepat untuk kembali bekerja dibandingkan dengan yang matched",auto,auto_labeled_needs_validation
Q013,DOC03_CERDAS,semantic_maxmin,8,1,score=0.257 hits=2/4 pages=[?] page_match=False ev_type=bullet | preview: Status mismatch berpengaruh besar terhadap lama waktu mencari pekerjaan atau transisi kerja. Pemuda overeducated lebih c,auto,auto_labeled_needs_validation
Q013,DOC03_CERDAS,semantic_maxmin,22,1,"score=0.185 hits=1/4 pages=[?] page_match=False ev_type=bullet | preview: Sebagai contoh, penelitian Khoiruddin menunjukkan bahwa pekerja muda dengan tingkat pendidikan yang lebih tinggi lebih r",auto,auto_labeled_needs_validation
Q013,DOC03_CERDAS,semantic_maxmin,68,1,"score=0.185 hits=1/4 pages=[?] page_match=False ev_type=bullet | preview: Sumber: Badan Pusat Statistik, Survei Angkatan Kerja Nasional Agustus 2024, diolah Gambar 12 Alasan Pemuda Undereducated",auto,auto_labeled_needs_validation
Q013,DOC03_CERDAS,semantic_maxmin,10,1,score=0.179 hits=1/4 pages=[?] page_match=False ev_type=bullet | preview: Percepatan kerja pada pemuda overeducated umumnya terjadi karena fleksibilitas sektor informal yang identik dengan upah ,auto,auto_labeled_needs_validation
Q013,DOC03_CERDAS,semantic_maxmin,37,1,score=0.179 hits=1/4 pages=[?] page_match=False ev_type=bullet | preview: Berstatus undereducated justru dapat menjadi batu sandungan yang memperlambat langkah mereka. Hal ini sejalan dengan lit,auto,auto_labeled_needs_validation
Q013,DOC03_CERDAS,semantic_maxmin,20,1,score=0.163 hits=1/4 pages=[?] page_match=False ev_type=bullet | preview: Contoh jamak kasus klasik overeducated yang kita temui adalah seorang sarjana yang bekerja sebagai staf administrasi ata,auto,auto_labeled_needs_validation
Q013,DOC03_CERDAS,semantic_maxmin,56,1,"score=0.163 hits=1/4 pages=[?] page_match=False ev_type=bullet | preview: Hal ini menegaskan bahwa pengalaman bukan sekadar rekam jejak, tetapi modal sosial dan profesional yang berperan penting",auto,auto_labeled_needs_validation
Q013,DOC03_CERDAS,semantic_maxmin,31,1,score=0.157 hits=1/4 pages=[?] page_match=False ev_type=bullet | preview: Pemuda dengan pendidikan lebih tinggi dari yang dibutuhkan (overeducated) tampak seperti pelari yang kencang. Kurvanya y,auto,auto_labeled_needs_validation
Q013,DOC03_CERDAS,semantic_maxmin,32,1,"score=0.157 hits=1/4 pages=[?] page_match=False ev_type=bullet | preview: Sebaliknya, mereka yang memiliki pendidikan di bawah standar posisi mereka (undereducated) cenderung lebih lambat. Kurva",auto,auto_labeled_needs_validation
Q013,DOC03_CERDAS,semantic_maxmin,39,1,"score=0.157 hits=1/4 pages=[?] page_match=False ev_type=bullet | preview: Sementara itu, Huertas & Raymond menegaskan bahwa overeducated umumnya bersifat sementara karena pekerja berpendidikan t",auto,auto_labeled_needs_validation
Q013,DOC03_CERDAS,semantic_maxmin,58,1,"score=0.157 hits=1/4 pages=[?] page_match=False ev_type=bullet | preview: Sektor informal identik mulus atau berliku perjalanan setiap pemuda untuk mendapatkan sebuah pekerjaan. Pertanyaannya, m",auto,auto_labeled_needs_validation
Q013,DOC03_CERDAS,semantic_maxmin,62,1,"score=0.157 hits=1/4 pages=[?] page_match=False ev_type=bullet | preview: Begitu kontrak berakhir, pendidikan yang relatif rendah membatasi pilihan pekerjaan, sementara syarat dan kualifikasi di",auto,auto_labeled_needs_validation
Q013,DOC03_CERDAS,semantic_maxmin,63,1,score=0.157 hits=1/4 pages=[?] page_match=False ev_type=bullet | preview: Alasan ini mencerminkan adanya dorongan untuk mencari pekerjaan yang lebih layak dengan pendapatan yang lebih memuaskan.,auto,auto_labeled_needs_validation
Q013,DOC03_CERDAS,semantic_maxmin,57,1,"score=0.151 hits=1/4 pages=[?] page_match=False ev_type=bullet | preview: Gambar 11 memperlihatkan bahwa 42,83 persen pemuda overeducated jatuh atau kembali terserap ke sektor informal, lebih ti",auto,auto_labeled_needs_validation
Q013,DOC03_CERDAS,semantic_maxmin,27,1,score=0.147 hits=1/4 pages=[?] page_match=False ev_type=bullet | preview: Temuan grafik yang menunjukkan bahwa pekerja overeducated memperoleh keunggulan upah pada awal karier namun kemudian ter,auto,auto_labeled_needs_validation
Q013,DOC03_CERDAS,semantic_maxmin,59,1,"score=0.141 hits=1/4 pages=[?] page_match=False ev_type=bullet | preview: Perpindahan sektor ini membutuhkan waktu adaptasi yang lebih panjang, baik dalam hal keterampilan, jejaring, maupun pema",auto,auto_labeled_needs_validation
Q013,DOC03_CERDAS,recursive,6,2,score=0.672 hits=4/4 pages=[?] page_match=False ev_type=bullet | preview: angkatan kerja muda bekerja pada posisi yang tidak sesuai dengan tingkat pendidikannya. Kondisi overeducated maupun unde,auto,auto_labeled_needs_validation
Q013,DOC03_CERDAS,recursive,3,2,score=0.622 hits=4/4 pages=[?] page_match=False ev_type=bullet | preview: Untuk Indonesia membahas tentang isu ketidaksesuaian antara pekerjaan dan pendidikan di kalangan pemuda. Indonesia mengh,auto,auto_labeled_needs_validation
Q013,DOC03_CERDAS,recursive,19,2,"score=0.499 hits=3/4 pages=[?] page_match=False ev_type=bullet | preview: Dampaknya tidak bisa dianggap remeh. Bagi individu, overeducated seringkali berkorelasi dengan kepuasan kerja yang lebih",auto,auto_labeled_needs_validation
Q013,DOC03_CERDAS,recursive,22,1,"score=0.490 hits=3/4 pages=[?] page_match=False ev_type=bullet | preview: 6,5 persen, efek tersebut bervariasi menurut kemampuan, bidang studi, dan gender. Artinya, ada kelompok pekerja tertentu",auto,auto_labeled_needs_validation
Q013,DOC03_CERDAS,recursive,16,1,score=0.483 hits=3/4 pages=[?] page_match=False ev_type=bullet | preview: Fenomena mismatch pendidikan dan pekerjaan di kalangan angkatan kerja muda Indonesia bukanlah sekadar persoalan anekdot ,auto,auto_labeled_needs_validation
Q013,DOC03_CERDAS,recursive,18,1,"score=0.342 hits=2/4 pages=[?] page_match=False ev_type=bullet | preview: Nasional Agustus 2024, diolah Gambar 3 Persentase Pekerja Pemuda Berdasarkan Status Mismatch, Mismatch Pendidikan–Perker",auto,auto_labeled_needs_validation
Q013,DOC03_CERDAS,recursive,29,1,"score=0.330 hits=2/4 pages=[?] page_match=False ev_type=bullet | preview: Dari informasi ini dapat diketahui siapa yang melaju kencang, siapa yang tertahan, dan faktor apa saja yang membuat lang",auto,auto_labeled_needs_validation
Q013,DOC03_CERDAS,recursive,21,1,"score=0.326 hits=2/4 pages=[?] page_match=False ev_type=bullet | preview: Mismatch, 2024 Cerita Data Statistik Untuk Indonesia Volume 2, Nomor 10, 2025 sebuah pemborosan investasi pendidikan dan",auto,auto_labeled_needs_validation
Q013,DOC03_CERDAS,recursive,25,1,score=0.320 hits=2/4 pages=[?] page_match=False ev_type=bullet | preview: Gambar memperlihatkan jalannya perlombaan ini melalui kurva Kaplan-Meier. Pemuda dengan pendidikan lebih tinggi dari yan,auto,auto_labeled_needs_validation
Q013,DOC03_CERDAS,recursive,27,1,score=0.320 hits=2/4 pages=[?] page_match=False ev_type=bullet | preview: tengah yang mengindikasikan pola transisi kerja yang lebih stabil. Temuan ini memberi sinyal bahwa status pendidikan pad,auto,auto_labeled_needs_validation
Q013,DOC03_CERDAS,recursive,39,1,"score=0.320 hits=2/4 pages=[?] page_match=False ev_type=bullet | preview: Pertanyaannya, mengapa sebagian kelompok seperti undereducated justru mengalami durasi transisi yang lebih lama menuju p",auto,auto_labeled_needs_validation
Q013,DOC03_CERDAS,recursive,7,1,score=0.314 hits=2/4 pages=[?] page_match=False ev_type=bullet | preview: Pengalaman lintas sektor dapat memengaruhi durasi pencarian kerja. Pemuda undereducated lebih banyak berpindah antar sek,auto,auto_labeled_needs_validation
Q013,DOC03_CERDAS,recursive,15,1,"score=0.314 hits=2/4 pages=[?] page_match=False ev_type=bullet | preview: Pendidikan Tinggi, Kerja Rendah? Fenomena Vertical Mismatch Salah satu manifestasi paling nyata dari ketidakselarasan pa",auto,auto_labeled_needs_validation
Q013,DOC03_CERDAS,recursive,38,1,"score=0.308 hits=2/4 pages=[?] page_match=False ev_type=bullet | preview: Tak kalah menarik, status formal dan informal juga memberi gambaran penting mengenai lebih cepatnya pemuda overeducated ",auto,auto_labeled_needs_validation
Q013,DOC03_CERDAS,recursive,23,1,"score=0.192 hits=1/4 pages=[?] page_match=False ev_type=bullet | preview: 7,57 persen lebih rendah dan mengalami stagnasi upah setelah awal karier dibandingkan pekerja matched. Sementara itu, ce",auto,auto_labeled_needs_validation
Q013,DOC03_CERDAS,recursive,24,1,"score=0.185 hits=1/4 pages=[?] page_match=False ev_type=bullet | preview: Menunggu di Pintu Kerja: Survival Analysis Pencari Kerja Jika dianalogikan dengan sebuah perlombaan lari, setiap pemuda ",auto,auto_labeled_needs_validation
Q013,DOC03_CERDAS,recursive,40,1,"score=0.185 hits=1/4 pages=[?] page_match=False ev_type=bullet | preview: Pola ini akan meminimalkan biaya adaptasi, Sumber: Badan Pusat Statistik, Survei Angkatan Kerja Nasional Agustus 2024, d",auto,auto_labeled_needs_validation
Q013,DOC03_CERDAS,recursive,41,1,"score=0.185 hits=1/4 pages=[?] page_match=False ev_type=bullet | preview: Lalu, alasan berhenti dari pekerjaan sebelumnya juga dapat memberikan petunjuk tambahan mengapa transisi kerja pemuda un",auto,auto_labeled_needs_validation
Q013,DOC03_CERDAS,recursive,17,1,score=0.179 hits=1/4 pages=[?] page_match=False ev_type=bullet | preview: (Quintini 2011). Fenomena mismatch pendidikan-pekerjaan di kalangan angkatan kerja muda Indonesia terus menjadi persoala,auto,auto_labeled_needs_validation
Q013,DOC03_CERDAS,recursive,42,1,score=0.163 hits=1/4 pages=[?] page_match=False ev_type=bullet | preview: Alasan ini mencerminkan adanya dorongan untuk mencari pekerjaan yang lebih layak dengan pendapatan yang lebih memuaskan.,auto,auto_labeled_needs_validation
Q013,DOC03_CERDAS,recursive,43,1,score=0.163 hits=1/4 pages=[?] page_match=False ev_type=bullet | preview: Dinamika ketenagakerjaan ini pada akhirnya menyingkap paradoks pasar kerja pemuda di Indonesia. Satu sisi diwarnai selek,auto,auto_labeled_needs_validation
Q014,DOC03_CERDAS,element,10,2,"score=0.768 hits=4/4 pages=[7,8] page_match=True ev_type=bullet | preview: IKHTISAR  Indonesia menghadapi tantangan bonus demografi, ketika jumlah penduduk usia produktif melimpah tetapi Tingkat ",auto,auto_labeled_needs_validation
Q014,DOC03_CERDAS,element,16,1,"score=0.541 hits=3/4 pages=[12,13] page_match=False ev_type=bullet | preview: Menunggu di Pintu Kerja: Survival Analysis Pencari Kerja  Jika dianalogikan dengan sebuah perlombaan lari, setiap pemuda",auto,auto_labeled_needs_validation
Q014,DOC03_CERDAS,element,18,1,"score=0.492 hits=3/4 pages=[13,14] page_match=False ev_type=bullet | preview: Mimpi vs Realita: Apa Kata Data?  Fenomena ini sangat relevan dengan kondisi pemuda Indonesia saat ini. Di tengah bonus ",auto,auto_labeled_needs_validation
Q014,DOC03_CERDAS,element,13,1,"score=0.463 hits=3/4 pages=[10] page_match=False ev_type=bullet | preview: Ledakan Pemuda: Bonus Demografi atau Bom Waktu  wirausaha, serta akses kredit bagi pemuda— kecenderungan mereka untuk ma",auto,auto_labeled_needs_validation
Q014,DOC03_CERDAS,element,22,1,score=0.456 hits=3/4 pages=[18] page_match=False ev_type=bullet | preview: Mimpi vs Realita: Apa Kata Data?  Habis Kontrak » Pendapatan Kurang » Lingkungan Tak Cocok  dengan upah yang lebih renda,auto,auto_labeled_needs_validation
Q014,DOC03_CERDAS,element,21,1,score=0.437 hits=2/4 pages=[17] page_match=False ev_type=bullet | preview: Mimpi vs Realita: Apa Kata Data?  mulus atau berliku perjalanan setiap pemuda untuk mendapatkan sebuah pekerjaan. Pertan,auto,auto_labeled_needs_validation
Q014,DOC03_CERDAS,element,14,1,"score=0.381 hits=2/4 pages=[10,11] page_match=False ev_type=bullet | preview: Ledakan Pemuda: Bonus Demografi atau Bom Waktu  Fenomena mismatch pendidikan-pekerjaan di kalangan angkatan kerja muda I",auto,auto_labeled_needs_validation
Q014,DOC03_CERDAS,element,7,1,"score=0.363 hits=2/4 pages=[5] page_match=False ev_type=bullet | preview: KATA PENGANTAR  |  Kepada para Sahabat Data yang budiman,  Puji syukur kehadirat Allah SWT yang telah memberikan rahmat ",auto,auto_labeled_needs_validation
Q014,DOC03_CERDAS,element,20,1,"score=0.290 hits=1/4 pages=[16] page_match=False ev_type=bullet | preview: Mimpi vs Realita: Apa Kata Data?  Sumber: Badan Pusat Statistik, Survei Angkatan Kerja Nasional Agustus 2024, diolah  Ga",auto,auto_labeled_needs_validation
Q014,DOC03_CERDAS,element,15,1,"score=0.259 hits=1/4 pages=[11,12] page_match=False ev_type=bullet | preview: Ledakan Pemuda: Bonus Demografi atau Bom Waktu  Mismatch Pendidikan-Perkerjaan Pemuda Indonesia: Implikasi bagi Bonus De",auto,auto_labeled_needs_validation
Q014,DOC03_CERDAS,semantic_maxmin,8,2,score=0.589 hits=4/4 pages=[?] page_match=False ev_type=bullet | preview: Status mismatch berpengaruh besar terhadap lama waktu mencari pekerjaan atau transisi kerja. Pemuda overeducated lebih c,auto,auto_labeled_needs_validation
Q014,DOC03_CERDAS,semantic_maxmin,9,1,"score=0.373 hits=2/4 pages=[?] page_match=False ev_type=bullet | preview: Faktor demografi, sosial, dan ekonomi ikut menentukan peluang mendapatkan pekerjaan. Pemuda perempuan, tinggal di Pulau ",auto,auto_labeled_needs_validation
Q014,DOC03_CERDAS,semantic_maxmin,60,1,"score=0.368 hits=2/4 pages=[?] page_match=False ev_type=bullet | preview: Dengan kata lain, mereka cenderung bertahan atau kembali ke sektor yang sama dengan pengalaman sebelumnya. Pola ini akan",auto,auto_labeled_needs_validation
Q014,DOC03_CERDAS,semantic_maxmin,22,1,"score=0.367 hits=2/4 pages=[?] page_match=False ev_type=bullet | preview: Sebagai contoh, penelitian Khoiruddin menunjukkan bahwa pekerja muda dengan tingkat pendidikan yang lebih tinggi lebih r",auto,auto_labeled_needs_validation
Q014,DOC03_CERDAS,semantic_maxmin,7,1,"score=0.322 hits=2/4 pages=[?] page_match=False ev_type=bullet | preview: Salah satu akar masalahnya adalah fenomena vertical mismatch dimana lebih dari sepertiga (36,36 persen) angkatan kerja m",auto,auto_labeled_needs_validation
Q014,DOC03_CERDAS,semantic_maxmin,19,1,"score=0.317 hits=2/4 pages=[?] page_match=False ev_type=bullet | preview: Pendidikan Tinggi, Kerja Rendah? Fenomena Vertical Mismatch Salah satu manifestasi paling nyata dari ketidakselarasan pa",auto,auto_labeled_needs_validation
Q014,DOC03_CERDAS,semantic_maxmin,21,1,"score=0.317 hits=2/4 pages=[?] page_match=False ev_type=bullet | preview: Data menunjukkan bahwa hanya sekitar 64,64 persen pekerja muda yang bekerja sesuai dengan kualifikasi pendidikannya, sem",auto,auto_labeled_needs_validation
Q014,DOC03_CERDAS,semantic_maxmin,32,1,"score=0.314 hits=2/4 pages=[?] page_match=False ev_type=bullet | preview: Sebaliknya, mereka yang memiliki pendidikan di bawah standar posisi mereka (undereducated) cenderung lebih lambat. Kurva",auto,auto_labeled_needs_validation
Q014,DOC03_CERDAS,semantic_maxmin,3,1,"score=0.284 hits=2/4 pages=[?] page_match=False ev_type=bullet | preview: Kondisi overeducated dan undereducated menimbulkan wage penalty dan inefisiensi ekonomi. Pemuda perempuan, berpendidikan",auto,auto_labeled_needs_validation
Q014,DOC03_CERDAS,semantic_maxmin,63,1,score=0.273 hits=2/4 pages=[?] page_match=False ev_type=bullet | preview: Alasan ini mencerminkan adanya dorongan untuk mencari pekerjaan yang lebih layak dengan pendapatan yang lebih memuaskan.,auto,auto_labeled_needs_validation
Q014,DOC03_CERDAS,semantic_maxmin,37,1,score=0.262 hits=1/4 pages=[?] page_match=False ev_type=bullet | preview: Berstatus undereducated justru dapat menjadi batu sandungan yang memperlambat langkah mereka. Hal ini sejalan dengan lit,auto,auto_labeled_needs_validation
Q014,DOC03_CERDAS,semantic_maxmin,43,1,"score=0.260 hits=2/4 pages=[?] page_match=False ev_type=bullet | preview: Pemuda yang overeducated memiliki peluang 7,37 persen lebih cepat untuk kembali bekerja dibandingkan dengan yang matched",auto,auto_labeled_needs_validation
Q014,DOC03_CERDAS,semantic_maxmin,54,1,"score=0.249 hits=1/4 pages=[?] page_match=False ev_type=bullet | preview: Pendidikan tinggi, tinggal di kota, atau status belum menikah tidak otomatis menjadi tiket emas untuk cepat bekerja. Ada",auto,auto_labeled_needs_validation
Q014,DOC03_CERDAS,semantic_maxmin,28,1,"score=0.244 hits=1/4 pages=[?] page_match=False ev_type=bullet | preview: Dengan demikian, mismatch pendidikan– pekerjaan dapat dilihat sebagai bentuk inefisiensi struktural dalam pasar kerja, s",auto,auto_labeled_needs_validation
Q014,DOC03_CERDAS,semantic_maxmin,58,1,"score=0.237 hits=1/4 pages=[?] page_match=False ev_type=bullet | preview: Sektor informal identik mulus atau berliku perjalanan setiap pemuda untuk mendapatkan sebuah pekerjaan. Pertanyaannya, m",auto,auto_labeled_needs_validation
Q014,DOC03_CERDAS,semantic_maxmin,68,1,"score=0.227 hits=1/4 pages=[?] page_match=False ev_type=bullet | preview: Sumber: Badan Pusat Statistik, Survei Angkatan Kerja Nasional Agustus 2024, diolah Gambar 12 Alasan Pemuda Undereducated",auto,auto_labeled_needs_validation
Q014,DOC03_CERDAS,semantic_maxmin,56,1,"score=0.222 hits=1/4 pages=[?] page_match=False ev_type=bullet | preview: Hal ini menegaskan bahwa pengalaman bukan sekadar rekam jejak, tetapi modal sosial dan profesional yang berperan penting",auto,auto_labeled_needs_validation
Q014,DOC03_CERDAS,semantic_maxmin,24,1,"score=0.217 hits=1/4 pages=[?] page_match=False ev_type=bullet | preview: Bagi individu, overeducated seringkali berkorelasi dengan kepuasan kerja yang lebih rendah dan upah yang lebih kecil (wa",auto,auto_labeled_needs_validation
Q014,DOC03_CERDAS,semantic_maxmin,42,1,"score=0.210 hits=1/4 pages=[?] page_match=False ev_type=bullet | preview: Dari informasi ini dapat diketahui siapa yang melaju kencang, siapa yang tertahan, dan faktor apa saja yang membuat lang",auto,auto_labeled_needs_validation
Q014,DOC03_CERDAS,semantic_maxmin,26,1,"score=0.203 hits=1/4 pages=[?] page_match=False ev_type=bullet | preview: Pemberi kerja akan membuat antrean kandidat berdasarkan sinyal “kemampuan untuk dilatih” (trainability), di mana tingkat",auto,auto_labeled_needs_validation
Q014,DOC03_CERDAS,semantic_maxmin,20,1,score=0.195 hits=1/4 pages=[?] page_match=False ev_type=bullet | preview: Contoh jamak kasus klasik overeducated yang kita temui adalah seorang sarjana yang bekerja sebagai staf administrasi ata,auto,auto_labeled_needs_validation
Q014,DOC03_CERDAS,semantic_maxmin,40,1,"score=0.186 hits=1/4 pages=[?] page_match=False ev_type=bullet | preview: Di tengah bonus Sumber: Badan Pusat Statistik, Survei Angkatan Kerja Nasional Agustus 2024, diolah Gambar 5 Kurva Kaplan",auto,auto_labeled_needs_validation
Q014,DOC03_CERDAS,semantic_maxmin,10,1,score=0.181 hits=1/4 pages=[?] page_match=False ev_type=bullet | preview: Percepatan kerja pada pemuda overeducated umumnya terjadi karena fleksibilitas sektor informal yang identik dengan upah ,auto,auto_labeled_needs_validation
Q014,DOC03_CERDAS,semantic_maxmin,57,1,"score=0.173 hits=1/4 pages=[?] page_match=False ev_type=bullet | preview: Gambar 11 memperlihatkan bahwa 42,83 persen pemuda overeducated jatuh atau kembali terserap ke sektor informal, lebih ti",auto,auto_labeled_needs_validation
Q014,DOC03_CERDAS,semantic_maxmin,62,1,"score=0.173 hits=1/4 pages=[?] page_match=False ev_type=bullet | preview: Begitu kontrak berakhir, pendidikan yang relatif rendah membatasi pilihan pekerjaan, sementara syarat dan kualifikasi di",auto,auto_labeled_needs_validation
Q014,DOC03_CERDAS,recursive,6,2,score=0.633 hits=4/4 pages=[?] page_match=False ev_type=bullet | preview: angkatan kerja muda bekerja pada posisi yang tidak sesuai dengan tingkat pendidikannya. Kondisi overeducated maupun unde,auto,auto_labeled_needs_validation
Q014,DOC03_CERDAS,recursive,29,2,"score=0.483 hits=3/4 pages=[?] page_match=False ev_type=bullet | preview: Dari informasi ini dapat diketahui siapa yang melaju kencang, siapa yang tertahan, dan faktor apa saja yang membuat lang",auto,auto_labeled_needs_validation
Q014,DOC03_CERDAS,recursive,25,2,score=0.446 hits=3/4 pages=[?] page_match=False ev_type=bullet | preview: Gambar memperlihatkan jalannya perlombaan ini melalui kurva Kaplan-Meier. Pemuda dengan pendidikan lebih tinggi dari yan,auto,auto_labeled_needs_validation
Q014,DOC03_CERDAS,recursive,27,1,score=0.432 hits=2/4 pages=[?] page_match=False ev_type=bullet | preview: tengah yang mengindikasikan pola transisi kerja yang lebih stabil. Temuan ini memberi sinyal bahwa status pendidikan pad,auto,auto_labeled_needs_validation
Q014,DOC03_CERDAS,recursive,7,1,score=0.390 hits=2/4 pages=[?] page_match=False ev_type=bullet | preview: Pengalaman lintas sektor dapat memengaruhi durasi pencarian kerja. Pemuda undereducated lebih banyak berpindah antar sek,auto,auto_labeled_needs_validation
Q014,DOC03_CERDAS,recursive,38,1,"score=0.386 hits=2/4 pages=[?] page_match=False ev_type=bullet | preview: Tak kalah menarik, status formal dan informal juga memberi gambaran penting mengenai lebih cepatnya pemuda overeducated ",auto,auto_labeled_needs_validation
Q014,DOC03_CERDAS,recursive,39,1,"score=0.383 hits=2/4 pages=[?] page_match=False ev_type=bullet | preview: Pertanyaannya, mengapa sebagian kelompok seperti undereducated justru mengalami durasi transisi yang lebih lama menuju p",auto,auto_labeled_needs_validation
Q014,DOC03_CERDAS,recursive,17,1,score=0.367 hits=2/4 pages=[?] page_match=False ev_type=bullet | preview: (Quintini 2011). Fenomena mismatch pendidikan-pekerjaan di kalangan angkatan kerja muda Indonesia terus menjadi persoala,auto,auto_labeled_needs_validation
Q014,DOC03_CERDAS,recursive,18,1,"score=0.344 hits=2/4 pages=[?] page_match=False ev_type=bullet | preview: Nasional Agustus 2024, diolah Gambar 3 Persentase Pekerja Pemuda Berdasarkan Status Mismatch, Mismatch Pendidikan–Perker",auto,auto_labeled_needs_validation
Q014,DOC03_CERDAS,recursive,41,1,"score=0.341 hits=2/4 pages=[?] page_match=False ev_type=bullet | preview: Lalu, alasan berhenti dari pekerjaan sebelumnya juga dapat memberikan petunjuk tambahan mengapa transisi kerja pemuda un",auto,auto_labeled_needs_validation
Q014,DOC03_CERDAS,recursive,3,1,score=0.333 hits=2/4 pages=[?] page_match=False ev_type=bullet | preview: Untuk Indonesia membahas tentang isu ketidaksesuaian antara pekerjaan dan pendidikan di kalangan pemuda. Indonesia mengh,auto,auto_labeled_needs_validation
Q014,DOC03_CERDAS,recursive,15,1,"score=0.327 hits=2/4 pages=[?] page_match=False ev_type=bullet | preview: Pendidikan Tinggi, Kerja Rendah? Fenomena Vertical Mismatch Salah satu manifestasi paling nyata dari ketidakselarasan pa",auto,auto_labeled_needs_validation
Q014,DOC03_CERDAS,recursive,16,1,score=0.317 hits=2/4 pages=[?] page_match=False ev_type=bullet | preview: Fenomena mismatch pendidikan dan pekerjaan di kalangan angkatan kerja muda Indonesia bukanlah sekadar persoalan anekdot ,auto,auto_labeled_needs_validation
Q014,DOC03_CERDAS,recursive,42,1,score=0.278 hits=2/4 pages=[?] page_match=False ev_type=bullet | preview: Alasan ini mencerminkan adanya dorongan untuk mencari pekerjaan yang lebih layak dengan pendapatan yang lebih memuaskan.,auto,auto_labeled_needs_validation
Q014,DOC03_CERDAS,recursive,37,1,"score=0.262 hits=1/4 pages=[?] page_match=False ev_type=bullet | preview: Sumber: Badan Pusat Statistik, Survei Angkatan Kerja Nasional Agustus 2024, diolah Gambar 9 Persentase Pemuda Berstatus ",auto,auto_labeled_needs_validation
Q014,DOC03_CERDAS,recursive,28,1,"score=0.249 hits=1/4 pages=[?] page_match=False ev_type=bullet | preview: Fenomena ini sangat relevan dengan kondisi pemuda Indonesia saat ini. Di tengah bonus Sumber: Badan Pusat Statistik, Sur",auto,auto_labeled_needs_validation
Q014,DOC03_CERDAS,recursive,23,1,"score=0.244 hits=1/4 pages=[?] page_match=False ev_type=bullet | preview: 7,57 persen lebih rendah dan mengalami stagnasi upah setelah awal karier dibandingkan pekerja matched. Sementara itu, ce",auto,auto_labeled_needs_validation
Q014,DOC03_CERDAS,recursive,40,1,"score=0.240 hits=1/4 pages=[?] page_match=False ev_type=bullet | preview: Pola ini akan meminimalkan biaya adaptasi, Sumber: Badan Pusat Statistik, Survei Angkatan Kerja Nasional Agustus 2024, d",auto,auto_labeled_needs_validation
Q014,DOC03_CERDAS,recursive,43,1,score=0.237 hits=1/4 pages=[?] page_match=False ev_type=bullet | preview: Dinamika ketenagakerjaan ini pada akhirnya menyingkap paradoks pasar kerja pemuda di Indonesia. Satu sisi diwarnai selek,auto,auto_labeled_needs_validation
Q014,DOC03_CERDAS,recursive,19,1,"score=0.222 hits=1/4 pages=[?] page_match=False ev_type=bullet | preview: Dampaknya tidak bisa dianggap remeh. Bagi individu, overeducated seringkali berkorelasi dengan kepuasan kerja yang lebih",auto,auto_labeled_needs_validation
Q014,DOC03_CERDAS,recursive,22,1,"score=0.217 hits=1/4 pages=[?] page_match=False ev_type=bullet | preview: 6,5 persen, efek tersebut bervariasi menurut kemampuan, bidang studi, dan gender. Artinya, ada kelompok pekerja tertentu",auto,auto_labeled_needs_validation
Q014,DOC03_CERDAS,recursive,20,1,"score=0.213 hits=1/4 pages=[?] page_match=False ev_type=bullet | preview: Secara teoretis, fenomena ini menantang asumsi dasar dari Teori Modal Manusia (Becker, 1964) yang menyatakan bahwa pendi",auto,auto_labeled_needs_validation
Q014,DOC03_CERDAS,recursive,21,1,"score=0.208 hits=1/4 pages=[?] page_match=False ev_type=bullet | preview: Mismatch, 2024 Cerita Data Statistik Untuk Indonesia Volume 2, Nomor 10, 2025 sebuah pemborosan investasi pendidikan dan",auto,auto_labeled_needs_validation
Q014,DOC03_CERDAS,recursive,24,1,"score=0.205 hits=1/4 pages=[?] page_match=False ev_type=bullet | preview: Menunggu di Pintu Kerja: Survival Analysis Pencari Kerja Jika dianalogikan dengan sebuah perlombaan lari, setiap pemuda ",auto,auto_labeled_needs_validation
Q015,DOC03_CERDAS,element,10,2,"score=0.777 hits=5/5 pages=[7,8] page_match=True ev_type=bullet | preview: IKHTISAR  Indonesia menghadapi tantangan bonus demografi, ketika jumlah penduduk usia produktif melimpah tetapi Tingkat ",auto,auto_labeled_needs_validation
Q015,DOC03_CERDAS,element,24,1,score=0.691 hits=5/5 pages=[20] page_match=False ev_type=bullet | preview: Mengapa Bisa Begitu? Mengurai Akar Masalah  praktis menjadi sangat berharga. Hasil studi ini secara gamblang menunjukkan,auto,auto_labeled_needs_validation
Q015,DOC03_CERDAS,element,30,1,"score=0.446 hits=4/5 pages=[23] page_match=False ev_type=bullet | preview: . PN , Kecenderungan Variabel B Std.Error Signifikansi Mismatch (1) (2) (3) (3) (5) Lama Bekerja (0-14 Tahun) 0,1425 0,0",auto,auto_labeled_needs_validation
Q015,DOC03_CERDAS,element,7,1,"score=0.418 hits=3/5 pages=[5] page_match=False ev_type=bullet | preview: KATA PENGANTAR  |  Kepada para Sahabat Data yang budiman,  Puji syukur kehadirat Allah SWT yang telah memberikan rahmat ",auto,auto_labeled_needs_validation
Q015,DOC03_CERDAS,element,25,1,"score=0.274 hits=2/5 pages=[20] page_match=False ev_type=bullet | preview: Mengapa Bisa Begitu? Mengurai Akar Masalah  Untuk mewujudkan hal tersebut, pemerintah perlumenyiapkan kebijakan yangteri",auto,auto_labeled_needs_validation
Q015,DOC03_CERDAS,element,14,1,"score=0.220 hits=2/5 pages=[10,11] page_match=False ev_type=bullet | preview: Ledakan Pemuda: Bonus Demografi atau Bom Waktu  Fenomena mismatch pendidikan-pekerjaan di kalangan angkatan kerja muda I",auto,auto_labeled_needs_validation
Q015,DOC03_CERDAS,element,12,1,"score=0.183 hits=1/5 pages=[9] page_match=False ev_type=bullet | preview: Ledakan Pemuda: Bonus Demografi atau Bom Waktu  menekan angka pengangguran secara umum, tantangan utama justru terletak ",auto,auto_labeled_needs_validation
Q015,DOC03_CERDAS,element,23,1,score=0.156 hits=1/5 pages=[19] page_match=False ev_type=bullet | preview: Mengapa Bisa Begitu? Mengurai Akar Masalah  menunjukkan hal sebaliknya. Nilai referensi terdapat pada masing-masing bari,auto,auto_labeled_needs_validation
Q015,DOC03_CERDAS,element,18,1,"score=0.135 hits=1/5 pages=[13,14] page_match=False ev_type=bullet | preview: Mimpi vs Realita: Apa Kata Data?  Fenomena ini sangat relevan dengan kondisi pemuda Indonesia saat ini. Di tengah bonus ",auto,auto_labeled_needs_validation
Q015,DOC03_CERDAS,element,9,1,score=0.114 hits=1/5 pages=[6] page_match=False ev_type=bullet | preview: MISMATCH PENDIDIKAN-PEKERJAAN PEMUDA INDONESIA: IMPLIKASI BAGI BONUS DEMOGRAFI  Ledakan Pemuda: Bonus Demografi atau Bom,auto,auto_labeled_needs_validation
Q015,DOC03_CERDAS,element,13,1,"score=0.110 hits=1/5 pages=[10] page_match=False ev_type=bullet | preview: Ledakan Pemuda: Bonus Demografi atau Bom Waktu  wirausaha, serta akses kredit bagi pemuda— kecenderungan mereka untuk ma",auto,auto_labeled_needs_validation
Q015,DOC03_CERDAS,element,15,1,"score=0.110 hits=1/5 pages=[11,12] page_match=False ev_type=bullet | preview: Ledakan Pemuda: Bonus Demografi atau Bom Waktu  Mismatch Pendidikan-Perkerjaan Pemuda Indonesia: Implikasi bagi Bonus De",auto,auto_labeled_needs_validation
Q015,DOC03_CERDAS,element,16,1,"score=0.110 hits=1/5 pages=[12,13] page_match=False ev_type=bullet | preview: Menunggu di Pintu Kerja: Survival Analysis Pencari Kerja  Jika dianalogikan dengan sebuah perlombaan lari, setiap pemuda",auto,auto_labeled_needs_validation
Q015,DOC03_CERDAS,element,19,1,"score=0.106 hits=1/5 pages=[15] page_match=False ev_type=bullet | preview: Mimpi vs Realita: Apa Kata Data?  terbatasnya posisi tawar pekerja perempuan. Meski demikian, terdapat indikasi bahwa ke",auto,auto_labeled_needs_validation
Q015,DOC03_CERDAS,element,21,1,score=0.106 hits=1/5 pages=[17] page_match=False ev_type=bullet | preview: Mimpi vs Realita: Apa Kata Data?  mulus atau berliku perjalanan setiap pemuda untuk mendapatkan sebuah pekerjaan. Pertan,auto,auto_labeled_needs_validation
Q015,DOC03_CERDAS,element,20,1,"score=0.102 hits=1/5 pages=[16] page_match=False ev_type=bullet | preview: Mimpi vs Realita: Apa Kata Data?  Sumber: Badan Pusat Statistik, Survei Angkatan Kerja Nasional Agustus 2024, diolah  Ga",auto,auto_labeled_needs_validation
Q015,DOC03_CERDAS,element,2,1,score=0.093 hits=1/5 pages=[2] page_match=False ev_type=bullet | preview: MISMATCH PENDIDIKAN-PEKERJAAN PEMUDA INDONESIA: IMPLIKASI BAGI BONUS DEMOGRAFI  Katalog: 1205057 Nomor Publikasi: 07300.,auto,auto_labeled_needs_validation
Q015,DOC03_CERDAS,element,26,1,"score=0.093 hits=1/5 pages=[21] page_match=False ev_type=bullet | preview: Referensi  Acemoglu, Daron, dan Pascual Restrepo. 2018. “The Race between Manand Machine: Implications of Technology for",auto,auto_labeled_needs_validation
Q015,DOC03_CERDAS,element,0,1,"score=0.084 hits=1/5 pages=[1] page_match=False ev_type=bullet | preview: Katalog: 1205057 IM  NI CERDAS F untuk Indonesia  Volume 2, Nomor 10, 2025  Volume 2, Nomor 10, 2025  Mismatch Pendidika",auto,auto_labeled_needs_validation
Q015,DOC03_CERDAS,element,27,1,"score=0.084 hits=1/5 pages=[21,22] page_match=False ev_type=bullet | preview: Referensi  Mismatch Pendidikan-Perkerjaan Pemuda Indonesia: Implikasi bagi Bonus Demografi  Ouintini, Glenda. “Over-gual",auto,auto_labeled_needs_validation
Q015,DOC03_CERDAS,element,29,1,"score=0.084 hits=1/5 pages=[23] page_match=False ev_type=bullet | preview: Lampiran  Lampiran 1 Hasil Model Regresi Logistik Determinan Mismatch Pemuda, 2024",auto,auto_labeled_needs_validation
Q015,DOC03_CERDAS,element,31,1,"score=0.084 hits=1/5 pages=[23,24,25] page_match=False ev_type=bullet | preview: Lampiran  Mismatch Pendidikan-Perkerjaan Pemuda Indonesia: Implikasi bagi Bonus Demografi  80-09SI ueyuesepung Useli2yad",auto,auto_labeled_needs_validation
Q015,DOC03_CERDAS,semantic_maxmin,11,2,score=0.687 hits=5/5 pages=[?] page_match=False ev_type=bullet | preview: Faktor-faktor yang terbukti signifikan mengurangi risiko mismatch adalah “sinyal” kompetensi tambahan seperti penguasaan,auto,auto_labeled_needs_validation
Q015,DOC03_CERDAS,semantic_maxmin,4,1,"score=0.383 hits=3/5 pages=[?] page_match=False ev_type=bullet | preview: Ijazah formal saja tidak cukup, perlu penguasaan digital, peningkatan sertifikasi, dan pelatihan yang relevan untuk meng",auto,auto_labeled_needs_validation
Q015,DOC03_CERDAS,semantic_maxmin,71,1,"score=0.358 hits=3/5 pages=[?] page_match=False ev_type=bullet | preview: Lebih menarik lagi, partisipasi dalam program pelatihan yang berorientasi pada keterampilan seperti Kartu Prakerja terbu",auto,auto_labeled_needs_validation
Q015,DOC03_CERDAS,semantic_maxmin,75,1,"score=0.278 hits=2/5 pages=[?] page_match=False ev_type=bullet | preview: Fenomena ini dapat diartikan sebagai “jebakan karir”, di mana seorang pekerja yang terjebak dalam peran yang tidak sesua",auto,auto_labeled_needs_validation
Q015,DOC03_CERDAS,semantic_maxmin,77,1,"score=0.270 hits=2/5 pages=[?] page_match=False ev_type=bullet | preview: Arah kebijakan mencakup penguatan pendidikan vokasi yang lebih aplikatif, perluasan program sertifikasi keterampilan, se",auto,auto_labeled_needs_validation
Q015,DOC03_CERDAS,semantic_maxmin,117,1,score=0.250 hits=4/5 pages=[?] page_match=False ev_type=bullet [TABLE]| preview: “Education–Occupation Mismatch and Its Wage Penalties: Evidence from Indonesia.” Cogent Business & Management 10 . doi:1,auto,auto_labeled_needs_validation
Q015,DOC03_CERDAS,semantic_maxmin,72,1,score=0.232 hits=2/5 pages=[?] page_match=False ev_type=bullet | preview: Sertifikasi dan pelatihan menjadi “sinyal” kuat yang meyakinkan perusahaan akan kesiapan dan relevansi seorang kandidat ,auto,auto_labeled_needs_validation
Q015,DOC03_CERDAS,semantic_maxmin,25,1,score=0.207 hits=2/5 pages=[?] page_match=False ev_type=bullet | preview: Studi tersebut menyimpulkan bahwa pendidikan vokasi dan pelatihan membantu menekan risiko pengangguran di sektor formal ,auto,auto_labeled_needs_validation
Q015,DOC03_CERDAS,semantic_maxmin,73,1,"score=0.207 hits=2/5 pages=[?] page_match=False ev_type=bullet | preview: Penguasaan teknologi digital, misalnya, bukanlah lagi sebuah pilihan melainkan keharusan. Mereka yang akrab dengan tekno",auto,auto_labeled_needs_validation
Q015,DOC03_CERDAS,semantic_maxmin,74,1,score=0.156 hits=1/5 pages=[?] page_match=False ev_type=bullet | preview: Ini menandakan bahwa literasi digital telah menjadi modal dasar yang sama pentingnya dengan kemampuan membaca dan menuli,auto,auto_labeled_needs_validation
Q015,DOC03_CERDAS,semantic_maxmin,68,1,"score=0.152 hits=1/5 pages=[?] page_match=False ev_type=bullet | preview: Sumber: Badan Pusat Statistik, Survei Angkatan Kerja Nasional Agustus 2024, diolah Gambar 12 Alasan Pemuda Undereducated",auto,auto_labeled_needs_validation
Q015,DOC03_CERDAS,semantic_maxmin,70,1,score=0.122 hits=1/5 pages=[?] page_match=False ev_type=bullet | preview: Hasil studi ini secara gamblang menunjukkan bahwa kredensial di luar ijazah formal memiliki dampak signifikan. Kepemilik,auto,auto_labeled_needs_validation
Q015,DOC03_CERDAS,semantic_maxmin,28,1,"score=0.110 hits=1/5 pages=[?] page_match=False ev_type=bullet | preview: Dengan demikian, mismatch pendidikan– pekerjaan dapat dilihat sebagai bentuk inefisiensi struktural dalam pasar kerja, s",auto,auto_labeled_needs_validation
Q015,DOC03_CERDAS,semantic_maxmin,22,1,"score=0.106 hits=1/5 pages=[?] page_match=False ev_type=bullet | preview: Sebagai contoh, penelitian Khoiruddin menunjukkan bahwa pekerja muda dengan tingkat pendidikan yang lebih tinggi lebih r",auto,auto_labeled_needs_validation
Q015,DOC03_CERDAS,semantic_maxmin,0,1,"score=0.102 hits=1/5 pages=[?] page_match=False ev_type=bullet | preview: CERITA DATA STATISTIK UNTUK INDONESIA Volume 2, Nomor 10, 2025 Katalog: 1205057 Mismatch Pendidikan–Perkerjaan Pemuda In",auto,auto_labeled_needs_validation
Q015,DOC03_CERDAS,semantic_maxmin,20,1,score=0.102 hits=1/5 pages=[?] page_match=False ev_type=bullet | preview: Contoh jamak kasus klasik overeducated yang kita temui adalah seorang sarjana yang bekerja sebagai staf administrasi ata,auto,auto_labeled_needs_validation
Q015,DOC03_CERDAS,semantic_maxmin,21,1,"score=0.102 hits=1/5 pages=[?] page_match=False ev_type=bullet | preview: Data menunjukkan bahwa hanya sekitar 64,64 persen pekerja muda yang bekerja sesuai dengan kualifikasi pendidikannya, sem",auto,auto_labeled_needs_validation
Q015,DOC03_CERDAS,semantic_maxmin,24,1,"score=0.102 hits=1/5 pages=[?] page_match=False ev_type=bullet | preview: Bagi individu, overeducated seringkali berkorelasi dengan kepuasan kerja yang lebih rendah dan upah yang lebih kecil (wa",auto,auto_labeled_needs_validation
Q015,DOC03_CERDAS,semantic_maxmin,42,1,"score=0.102 hits=1/5 pages=[?] page_match=False ev_type=bullet | preview: Dari informasi ini dapat diketahui siapa yang melaju kencang, siapa yang tertahan, dan faktor apa saja yang membuat lang",auto,auto_labeled_needs_validation
Q015,DOC03_CERDAS,semantic_maxmin,7,1,"score=0.097 hits=1/5 pages=[?] page_match=False ev_type=bullet | preview: Salah satu akar masalahnya adalah fenomena vertical mismatch dimana lebih dari sepertiga (36,36 persen) angkatan kerja m",auto,auto_labeled_needs_validation
Q015,DOC03_CERDAS,semantic_maxmin,37,1,score=0.097 hits=1/5 pages=[?] page_match=False ev_type=bullet | preview: Berstatus undereducated justru dapat menjadi batu sandungan yang memperlambat langkah mereka. Hal ini sejalan dengan lit,auto,auto_labeled_needs_validation
Q015,DOC03_CERDAS,semantic_maxmin,54,1,"score=0.097 hits=1/5 pages=[?] page_match=False ev_type=bullet | preview: Pendidikan tinggi, tinggal di kota, atau status belum menikah tidak otomatis menjadi tiket emas untuk cepat bekerja. Ada",auto,auto_labeled_needs_validation
Q015,DOC03_CERDAS,semantic_maxmin,2,1,"score=0.093 hits=1/5 pages=[?] page_match=False ev_type=bullet | preview: Pada edisi kali ini, CERDAS Untuk Indonesia membahas tentang isu ketidaksesuaian antara pekerjaan dan pendidikan di kala",auto,auto_labeled_needs_validation
Q015,DOC03_CERDAS,semantic_maxmin,17,1,"score=0.093 hits=1/5 pages=[?] page_match=False ev_type=bullet | preview: Pemuda yang baru lulus pendidikan menengah maupun tinggi sering kali menghadapi “jebakan transisi”, yakni kesenjangan ke",auto,auto_labeled_needs_validation
Q015,DOC03_CERDAS,semantic_maxmin,19,1,"score=0.093 hits=1/5 pages=[?] page_match=False ev_type=bullet | preview: Pendidikan Tinggi, Kerja Rendah? Fenomena Vertical Mismatch Salah satu manifestasi paling nyata dari ketidakselarasan pa",auto,auto_labeled_needs_validation
Q015,DOC03_CERDAS,recursive,7,2,score=0.687 hits=5/5 pages=[?] page_match=False ev_type=bullet | preview: Pengalaman lintas sektor dapat memengaruhi durasi pencarian kerja. Pemuda undereducated lebih banyak berpindah antar sek,auto,auto_labeled_needs_validation
Q015,DOC03_CERDAS,recursive,47,2,score=0.582 hits=5/5 pages=[?] page_match=False ev_type=bullet | preview: Kartu Prakerja terbukti mampu mengurangi risiko mismatch lebih dari 5 persen. Temuan ini menggarisbawahi sebuah realitas,auto,auto_labeled_needs_validation
Q015,DOC03_CERDAS,recursive,46,2,"score=0.485 hits=4/5 pages=[?] page_match=False ev_type=bullet | preview: Manusia dan Teori Sinyal. Menilik Gambar 13, peluang mismatch lebih dari satu menunjukkan semakin tinggi nilai referensi",auto,auto_labeled_needs_validation
Q015,DOC03_CERDAS,recursive,56,1,"score=0.446 hits=4/5 pages=[?] page_match=False ev_type=bullet | preview: Distribution on University Graduates: Incidence, Heterogeneity and Comparison.” International Journal of Manpower 43, no",auto,auto_labeled_needs_validation
Q015,DOC03_CERDAS,recursive,3,1,score=0.383 hits=3/5 pages=[?] page_match=False ev_type=bullet | preview: Untuk Indonesia membahas tentang isu ketidaksesuaian antara pekerjaan dan pendidikan di kalangan pemuda. Indonesia mengh,auto,auto_labeled_needs_validation
Q015,DOC03_CERDAS,recursive,49,1,"score=0.308 hits=2/5 pages=[?] page_match=False ev_type=bullet | preview: Pada akhirnya, narasi yang terbentuk dari data ini adalah bahwa untuk berhasil menavigasi dunia kerja saat ini, tenaga k",auto,auto_labeled_needs_validation
Q015,DOC03_CERDAS,recursive,50,1,"score=0.274 hits=2/5 pages=[?] page_match=False ev_type=bullet | preview: Untuk mewujudkan hal tersebut, pemerintah perlu menyiapkan kebijakan yang terintegrasi. Arah kebijakan mencakup penguata",auto,auto_labeled_needs_validation
Q015,DOC03_CERDAS,recursive,19,1,"score=0.215 hits=2/5 pages=[?] page_match=False ev_type=bullet | preview: Dampaknya tidak bisa dianggap remeh. Bagi individu, overeducated seringkali berkorelasi dengan kepuasan kerja yang lebih",auto,auto_labeled_needs_validation
Q015,DOC03_CERDAS,recursive,48,1,score=0.169 hits=1/5 pages=[?] page_match=False ev_type=bullet | preview: persen lebih rendah dibandingkan yang tidak. Ini menandakan bahwa literasi digital telah menjadi modal dasar yang sama p,auto,auto_labeled_needs_validation
Q015,DOC03_CERDAS,recursive,44,1,score=0.152 hits=1/5 pages=[?] page_match=False ev_type=bullet | preview: Mismatch Pendidikan–Perkerjaan Pemuda Indonesia: Implikasi bagi Bonus Demografi 19 menunjukkan hal sebaliknya. Nilai ref,auto,auto_labeled_needs_validation
Q015,DOC03_CERDAS,recursive,45,1,"score=0.152 hits=1/5 pages=[?] page_match=False ev_type=bullet | preview: untuk menjelaskan mengapa beberapa kandidat lebih unggul dari yang lain. Dalam pasar yang sesak, sinyal-sinyal tambahan ",auto,auto_labeled_needs_validation
Q015,DOC03_CERDAS,recursive,27,1,score=0.131 hits=1/5 pages=[?] page_match=False ev_type=bullet | preview: tengah yang mengindikasikan pola transisi kerja yang lebih stabil. Temuan ini memberi sinyal bahwa status pendidikan pad,auto,auto_labeled_needs_validation
Q015,DOC03_CERDAS,recursive,28,1,"score=0.131 hits=1/5 pages=[?] page_match=False ev_type=bullet | preview: Fenomena ini sangat relevan dengan kondisi pemuda Indonesia saat ini. Di tengah bonus Sumber: Badan Pusat Statistik, Sur",auto,auto_labeled_needs_validation
Q015,DOC03_CERDAS,recursive,21,1,"score=0.106 hits=1/5 pages=[?] page_match=False ev_type=bullet | preview: Mismatch, 2024 Cerita Data Statistik Untuk Indonesia Volume 2, Nomor 10, 2025 sebuah pemborosan investasi pendidikan dan",auto,auto_labeled_needs_validation
Q015,DOC03_CERDAS,recursive,22,1,"score=0.106 hits=1/5 pages=[?] page_match=False ev_type=bullet | preview: 6,5 persen, efek tersebut bervariasi menurut kemampuan, bidang studi, dan gender. Artinya, ada kelompok pekerja tertentu",auto,auto_labeled_needs_validation
Q015,DOC03_CERDAS,recursive,6,1,score=0.102 hits=1/5 pages=[?] page_match=False ev_type=bullet | preview: angkatan kerja muda bekerja pada posisi yang tidak sesuai dengan tingkat pendidikannya. Kondisi overeducated maupun unde,auto,auto_labeled_needs_validation
Q015,DOC03_CERDAS,recursive,11,1,"score=0.102 hits=1/5 pages=[?] page_match=False ev_type=bullet | preview: Sumber: Badan Pusat Statistik, Survei Angkatan Kerja Nasional Agustus 2017–2024 Gambar 1 Tren Perkembangan TPT Penduduk ",auto,auto_labeled_needs_validation
Q015,DOC03_CERDAS,recursive,14,1,"score=0.102 hits=1/5 pages=[?] page_match=False ev_type=bullet | preview: Gambar 2 Persentase Pemuda Bekerja dengan Status Berusaha White Collar, 2017–2024 Cerita Data Statistik Untuk Indonesia ",auto,auto_labeled_needs_validation
Q015,DOC03_CERDAS,recursive,16,1,score=0.102 hits=1/5 pages=[?] page_match=False ev_type=bullet | preview: Fenomena mismatch pendidikan dan pekerjaan di kalangan angkatan kerja muda Indonesia bukanlah sekadar persoalan anekdot ,auto,auto_labeled_needs_validation
Q015,DOC03_CERDAS,recursive,18,1,"score=0.102 hits=1/5 pages=[?] page_match=False ev_type=bullet | preview: Nasional Agustus 2024, diolah Gambar 3 Persentase Pekerja Pemuda Berdasarkan Status Mismatch, Mismatch Pendidikan–Perker",auto,auto_labeled_needs_validation
Q015,DOC03_CERDAS,recursive,25,1,score=0.102 hits=1/5 pages=[?] page_match=False ev_type=bullet | preview: Gambar memperlihatkan jalannya perlombaan ini melalui kurva Kaplan-Meier. Pemuda dengan pendidikan lebih tinggi dari yan,auto,auto_labeled_needs_validation
Q015,DOC03_CERDAS,recursive,29,1,"score=0.102 hits=1/5 pages=[?] page_match=False ev_type=bullet | preview: Dari informasi ini dapat diketahui siapa yang melaju kencang, siapa yang tertahan, dan faktor apa saja yang membuat lang",auto,auto_labeled_needs_validation
Q015,DOC03_CERDAS,recursive,4,1,"score=0.097 hits=1/5 pages=[?] page_match=False ev_type=bullet | preview: Buklet ini tidak sekadar sekumpulan angka, tetapi juga menggali esensi dari tiap-tiap nilai statistik. Ulasannya disampa",auto,auto_labeled_needs_validation
Q015,DOC03_CERDAS,recursive,15,1,"score=0.097 hits=1/5 pages=[?] page_match=False ev_type=bullet | preview: Pendidikan Tinggi, Kerja Rendah? Fenomena Vertical Mismatch Salah satu manifestasi paling nyata dari ketidakselarasan pa",auto,auto_labeled_needs_validation
Q015,DOC03_CERDAS,recursive,17,1,score=0.097 hits=1/5 pages=[?] page_match=False ev_type=bullet | preview: (Quintini 2011). Fenomena mismatch pendidikan-pekerjaan di kalangan angkatan kerja muda Indonesia terus menjadi persoala,auto,auto_labeled_needs_validation
Q016,DOC04_IUV,element,4,2,"score=0.790 hits=3/3 pages=[7,9] page_match=True ev_type=paragraph | preview: Kata Pengantar  Dengan penuh syukur dan rasa bangga, kami umumkan terbitnya publikasi Indeks Unit Value Ekspor-Impor Agu",auto,auto_labeled_needs_validation
Q016,DOC04_IUV,semantic_maxmin,0,2,"score=0.680 hits=3/3 pages=[?] page_match=False ev_type=paragraph | preview: BADAN PUSAT STATISTIK INDEKS UNIT VALUE EKSPOR-IMPOR AGUSTUS 2025 Volume 1, Nomor 8, 2025 Katalog: 8202001 Indeks Unit V",auto,auto_labeled_needs_validation
Q016,DOC04_IUV,recursive,1,2,score=0.700 hits=3/3 pages=[?] page_match=False ev_type=paragraph | preview: Mardiah Realita Eschachasthi Resti Denni Puspa Mira Restu Rahmat Sood Penata Letak: Seta Baehera Indeks Unit Value Ekspo,auto,auto_labeled_needs_validation
Q017,DOC04_IUV,element,4,2,"score=0.790 hits=2/2 pages=[7,9] page_match=True ev_type=paragraph | preview: Kata Pengantar  Dengan penuh syukur dan rasa bangga, kami umumkan terbitnya publikasi Indeks Unit Value Ekspor-Impor Agu",auto,auto_labeled_needs_validation
Q017,DOC04_IUV,element,24,1,"score=0.644 hits=2/2 pages=[27] page_match=False ev_type=paragraph | preview: Indeks Unit Value Ekspor, Agustus 2025  Selama tahun 2024, indeks unit value ekspor tercatat sebesar 96,82 atau mengalam",auto,auto_labeled_needs_validation
Q017,DOC04_IUV,element,12,1,"score=0.578 hits=2/2 pages=[17] page_match=False ev_type=paragraph | preview: INDEKS UNIT VALUE EKSPOR-IMPOR, AGUSTUS 2025 Tahun Dasar 2023  xv  Total  Total",auto,auto_labeled_needs_validation
Q017,DOC04_IUV,element,19,1,"score=0.444 hits=1/2 pages=[23,24] page_match=False ev_type=paragraph | preview: 2. Pemilihan Sampel Komoditas  Pemilihan sampel komoditas HS 8-digit dilakukan untuk setiap kelompok/subkelompok komodit",auto,auto_labeled_needs_validation
Q017,DOC04_IUV,element,18,1,score=0.433 hits=1/2 pages=[23] page_match=False ev_type=paragraph | preview: 1. Penentuan Tahun Dasar  https://www.bps.go.id  Tahun dasar (base year) adalah waktu atau suatu periode ataupun tahun i,auto,auto_labeled_needs_validation
Q017,DOC04_IUV,element,22,1,"score=0.400 hits=1/2 pages=[25,26] page_match=False ev_type=paragraph | preview: Penghitungan Indeks HS 2-Digit  Formula yang digunakan dalam menghitung indeks unit value ekspor- impor kelompok HS 2-di",auto,auto_labeled_needs_validation
Q017,DOC04_IUV,element,13,1,score=0.389 hits=1/2 pages=[19] page_match=False ev_type=paragraph | preview: I. PENDAHULUAN  Indeks unit value ekspor-impor merupakan indeks yang menggambarkan perkembangan harga komoditas ekspor-i,auto,auto_labeled_needs_validation
Q017,DOC04_IUV,element,6,1,score=0.374 hits=1/2 pages=[9] page_match=False ev_type=paragraph | preview: https://www.bps.go.id 1. Penentuan Tahun Dasar ……………………………………………… 2. Pemilihan Sampel Komoditas ……………………………………….. 3. Pen,auto,auto_labeled_needs_validation
Q017,DOC04_IUV,element,20,1,"score=0.367 hits=1/2 pages=[24,25] page_match=False ev_type=paragraph | preview: INDEKS UNIT VALUE EKSPOR-IMPOR, AGUSTUS 2025  PENDAHULUAN  In Pe.  Sementara itu, hasil dari tahapan pemilihan sampel ko",auto,auto_labeled_needs_validation
Q017,DOC04_IUV,element,3,1,"score=0.334 hits=1/2 pages=[5,7] page_match=True ev_type=paragraph | preview: Tim Penyusun Indeks Unit Value Ekspor-Impor, Agustus 2025 Volume 1, Nomor 8, 2025  Pengarah:  Sarpono  Penanggung Jawab:",auto,auto_labeled_needs_validation
Q017,DOC04_IUV,element,14,1,"score=0.333 hits=1/2 pages=[20] page_match=False ev_type=paragraph | preview: I. PENDAHULUAN  Sementara itu, pengumpulan data nilai dan berat komoditas impor berasal dari dokumen Pemberitahuan Impor",auto,auto_labeled_needs_validation
Q017,DOC04_IUV,element,17,1,"score=0.300 hits=1/2 pages=[23] page_match=False ev_type=paragraph | preview: II. METODOLOGI  Berkaitan dengan masalah heterogenitas, secara umum dalam penghitungan indeks unit value dilakukan beber",auto,auto_labeled_needs_validation
Q017,DOC04_IUV,element,25,1,"score=0.300 hits=1/2 pages=[28] page_match=False ev_type=paragraph | preview: Indeks Unit Value Ekspor, Agustus 2025  Indeks unit value ekspor produk seng dan barang daripadanya (HS 79) pada Agustus",auto,auto_labeled_needs_validation
Q017,DOC04_IUV,element,15,1,"score=0.289 hits=1/2 pages=[20,21] page_match=False ev_type=paragraph | preview: INDEKS UNIT VALUE EKSPOR-IMPOR, AGUSTUS 2025  2. Perubahan kualitas barang  Adanya kemungkinan perubahan unit value buka",auto,auto_labeled_needs_validation
Q017,DOC04_IUV,element,9,1,"score=0.289 hits=1/2 pages=[13] page_match=False ev_type=paragraph | preview: DAFTAR GAMBAR  Halaman  Gambar 1 Infografis Indeks Unit Value Ekspor-Impor (2023=100), Agustus 2025 xv Gambar 2 Perkemba",auto,auto_labeled_needs_validation
Q017,DOC04_IUV,element,27,1,"score=0.289 hits=1/2 pages=[29] page_match=False ev_type=paragraph | preview: Indeks Unit Value Impor, Agustus 2025  Pada Agustus 2025, indeks unit value impor tercatat sebesar 91,22. Jika dibanding",auto,auto_labeled_needs_validation
Q017,DOC04_IUV,element,40,1,"score=0.289 hits=1/2 pages=[45] page_match=False ev_type=paragraph | preview: Tabel 1 Indeks Unit Value Ekspor Total, Migas, dan Nonmigas (2023=100), Januari 2024–Agustus 2025  September  November  ",auto,auto_labeled_needs_validation
Q017,DOC04_IUV,element,41,1,"score=0.289 hits=1/2 pages=[45,46] page_match=False ev_type=paragraph | preview: TABEL-TABEL  27  Tabel 2 Indeks Unit Value Ekspor Menurut Kode HS 2 Digit (2023=100),  Agustus 2024–Agustus 2025",auto,auto_labeled_needs_validation
Q017,DOC04_IUV,element,49,1,"score=0.289 hits=1/2 pages=[48] page_match=False ev_type=paragraph | preview: Tabel 3 Indeks Unit Value Impor Total, Migas, dan Nonmigas (2023=100), Januari 2024–Agustus 2025  https://www.bps.go.id ",auto,auto_labeled_needs_validation
Q017,DOC04_IUV,element,7,1,"score=0.286 hits=1/2 pages=[9,11] page_match=False ev_type=paragraph | preview: DAFTAR ISI Indeks Unit Value Ekspor-Impor, Agustus 2025 Volume 1, Nomor 8, 2025  DAFTAR ISI………………………………………………………………………. ",auto,auto_labeled_needs_validation
Q017,DOC04_IUV,element,28,1,"score=0.278 hits=1/2 pages=[30] page_match=False ev_type=paragraph | preview: Indeks Unit Value Impor, Agustus 2025  Peningkatan terbesar selanjutnya adalah serealia (HS 10) yang indeksnya mengalami",auto,auto_labeled_needs_validation
Q017,DOC04_IUV,element,5,1,"score=0.274 hits=1/2 pages=[9] page_match=False ev_type=paragraph | preview: DAFTAR ISI Indeks Unit Value Ekspor-Impor, Agustus 2025 Volume 1, Nomor 8, 2025  Halaman  KATA PENGANTAR ………………………………………",auto,auto_labeled_needs_validation
Q017,DOC04_IUV,element,2,1,"score=0.267 hits=1/2 pages=[4] page_match=False ev_type=paragraph | preview: Indeks Unit Value Ekspor-Impor, Agustus 2025 Volume 1, Nomor 8, 2025  Katalog: 8202001 Nomor Publikasi: 06100.25038  Uku",auto,auto_labeled_needs_validation
Q017,DOC04_IUV,element,0,1,"score=0.244 hits=1/2 pages=[1,3] page_match=False ev_type=paragraph | preview: Katalog: 8202001  INDEKS UN/T VALUE EKSPOR-IMPOR AGUSTUS 2025 Volume 1, Nomor 8, 2025  https://www.bps.go.id  INDEKS UNI",auto,auto_labeled_needs_validation
Q017,DOC04_IUV,element,10,1,"score=0.244 hits=1/2 pages=[14] page_match=False ev_type=paragraph | preview: DAFTAR GAMBAR  Gambar 10  Perkembangan Indeks Unit Value Ekspor Kain Kempa, Benang Khusus, dan Benang Pintal (HS 56); Ka",auto,auto_labeled_needs_validation
Q017,DOC04_IUV,semantic_maxmin,0,2,"score=0.689 hits=2/2 pages=[?] page_match=False ev_type=paragraph | preview: BADAN PUSAT STATISTIK INDEKS UNIT VALUE EKSPOR-IMPOR AGUSTUS 2025 Volume 1, Nomor 8, 2025 Katalog: 8202001 Indeks Unit V",auto,auto_labeled_needs_validation
Q017,DOC04_IUV,semantic_maxmin,9,2,"score=0.633 hits=2/2 pages=[?] page_match=False ev_type=paragraph | preview: DAFTAR TABEL Halaman Gambar 1 Infografis Indeks Unit Value Ekspor-Impor (2023=100), Agustus xv Gambar 2 Perkembangan Ind",auto,auto_labeled_needs_validation
Q017,DOC04_IUV,semantic_maxmin,33,2,"score=0.589 hits=2/2 pages=[?] page_match=False ev_type=paragraph | preview: Indeks Unit Value Ekspor, Agustus 2025 Selama tahun 2024, indeks unit value ekspor tercatat sebesar 96,82 atau mengalami",auto,auto_labeled_needs_validation
Q017,DOC04_IUV,semantic_maxmin,28,1,"score=0.433 hits=1/2 pages=[?] page_match=False ev_type=paragraph | preview: 3. Penghitungan Unit Value Setelah sampel komoditas ditentukan, unit value untuk setiap produk (kode HS 8-digit) dihitun",auto,auto_labeled_needs_validation
Q017,DOC04_IUV,semantic_maxmin,22,1,score=0.400 hits=1/2 pages=[?] page_match=False ev_type=paragraph | preview: Saat ini tahun dasar yang digunakan untuk penghitungan indeks unit value adalah tahun 2023. 2.,auto,auto_labeled_needs_validation
Q017,DOC04_IUV,semantic_maxmin,24,1,score=0.356 hits=1/2 pages=[?] page_match=False ev_type=paragraph | preview: Syarat terpilihnya suatu komoditas masuk dalam sampel penghitungan indeks unit value ekspor-impor adalah sebagai berikut,auto,auto_labeled_needs_validation
Q017,DOC04_IUV,semantic_maxmin,10,1,"score=0.344 hits=1/2 pages=[?] page_match=False ev_type=paragraph | preview: nilai tukar perdagangan (terms of trade), yaitu dengan membandingkan perkembangan indeks harga ekspor dan impor. Unit va",auto,auto_labeled_needs_validation
Q017,DOC04_IUV,semantic_maxmin,19,1,score=0.322 hits=1/2 pages=[?] page_match=False ev_type=paragraph | preview: Pada dasarnya teknik yang digunakan dalam penghitungan indeks unit value ekspor-impor pada publikasi ini adalah teknik y,auto,auto_labeled_needs_validation
Q017,DOC04_IUV,semantic_maxmin,15,1,score=0.311 hits=1/2 pages=[?] page_match=False ev_type=paragraph | preview: Dengan demikian unit value yang digunakan dalam penghitungan indeks unit value ekspor-impor merupakan pendekatan yaitu n,auto,auto_labeled_needs_validation
Q017,DOC04_IUV,semantic_maxmin,38,1,"score=0.300 hits=1/2 pages=[?] page_match=False ev_type=paragraph | preview: Jika dibandingkan dengan Agustus 2024, indeks unit value komoditas tersebut tercatat mengalami peningkatan 16,35 poin. I",auto,auto_labeled_needs_validation
Q017,DOC04_IUV,semantic_maxmin,1,1,"score=0.289 hits=1/2 pages=[?] page_match=False ev_type=paragraph | preview: Di samping memuat metodologi penghitungan indeks, publikasi ini juga menyajikan grafik dan tabel indeks unit value ekspo",auto,auto_labeled_needs_validation
Q017,DOC04_IUV,semantic_maxmin,8,1,score=0.289 hits=1/2 pages=[?] page_match=False ev_type=paragraph | preview: GAMBAR-GAMBAR ………………………………………………………… V. TABEL-TABEL ……………………………………………………………….. DAFTAR PUSTAKA ……………………………………………………………...,auto,auto_labeled_needs_validation
Q017,DOC04_IUV,semantic_maxmin,16,1,score=0.278 hits=1/2 pages=[?] page_match=False ev_type=paragraph | preview: indeks unit value total ekspor dan impor; (b). indeks unit value ekspor dan impor menurut kelompok migas dan nonmigas. K,auto,auto_labeled_needs_validation
Q017,DOC04_IUV,semantic_maxmin,25,1,"score=0.278 hits=1/2 pages=[?] page_match=False ev_type=paragraph | preview: II. METODOLOGI PENDAHULUAN INDEKS UNIT VALUE EKSPOR-IMPOR, AGUSTUS 2025 c. Nilai Closeness Percentage (CP) komoditas eks",auto,auto_labeled_needs_validation
Q017,DOC04_IUV,semantic_maxmin,30,1,"score=0.278 hits=1/2 pages=[?] page_match=False ev_type=paragraph | preview: Selain itu, perubahan indeks unit value pada suatu komoditas dengan kode HS 8-digit yang sama juga dapat berasal dari pe",auto,auto_labeled_needs_validation
Q017,DOC04_IUV,semantic_maxmin,35,1,"score=0.278 hits=1/2 pages=[?] page_match=False ev_type=paragraph | preview: Kemudian, jika dibandingkan Agustus 2024, indeks unit value ekspor Agustus 2025 mengalami peningkatan sebesar 1,00 poin.",auto,auto_labeled_needs_validation
Q017,DOC04_IUV,semantic_maxmin,40,1,"score=0.278 hits=1/2 pages=[?] page_match=False ev_type=paragraph | preview: Indeks unit value ekspor pohon hidup dan bunga potong (HS 06) pada Agustus 2025 adalah sebesar 300,84. Indeks tersebut t",auto,auto_labeled_needs_validation
Q017,DOC04_IUV,semantic_maxmin,42,1,"score=0.278 hits=1/2 pages=[?] page_match=False ev_type=paragraph | preview: Indeks Unit Value Impor, Agustus 2025 Pada Agustus 2025, indeks unit value impor tercatat sebesar 91,22. Jika dibandingk",auto,auto_labeled_needs_validation
Q017,DOC04_IUV,semantic_maxmin,43,1,"score=0.278 hits=1/2 pages=[?] page_match=False ev_type=paragraph | preview: Sementara itu, jika indeks unit value Agustus 2025 dibandingkan dengan Agustus 2024 yang sebesar 94,56 maka nilainya men",auto,auto_labeled_needs_validation
Q017,DOC04_IUV,semantic_maxmin,45,1,"score=0.278 hits=1/2 pages=[?] page_match=False ev_type=paragraph | preview: Sementara itu, indeks unit value impor kelompok nonmigas pada Agustus 2025 sebesar 92,44; mengalami peningkatan 2,74 poi",auto,auto_labeled_needs_validation
Q017,DOC04_IUV,semantic_maxmin,46,1,score=0.278 hits=1/2 pages=[?] page_match=False ev_type=paragraph | preview: Kelompok komoditas nonmigas yang indeksnya mengalami peningkatan tertinggi pada Agustus 2025 dibandingkan dengan Juli 20,auto,auto_labeled_needs_validation
Q017,DOC04_IUV,semantic_maxmin,47,1,"score=0.278 hits=1/2 pages=[?] page_match=False ev_type=paragraph | preview: PENDAHULUAN INDEKS UNIT VALUE EKSPOR-IMPOR, AGUSTUS 2025 Peningkatan terbesar selanjutnya adalah serealia (HS 10) yang i",auto,auto_labeled_needs_validation
Q017,DOC04_IUV,semantic_maxmin,48,1,"score=0.278 hits=1/2 pages=[?] page_match=False ev_type=paragraph | preview: Sementara itu, kelompok komoditas nonmigas yang indeksnya mengalami penurunan terdalam pada Agustus 2025 dibandingkan de",auto,auto_labeled_needs_validation
Q017,DOC04_IUV,semantic_maxmin,11,1,score=0.267 hits=1/2 pages=[?] page_match=False ev_type=paragraph | preview: Sumber data yang digunakan dalam penghitungan indeks unit value berasal dari hasil kompilasi statistik yang dilakukan Ba,auto,auto_labeled_needs_validation
Q017,DOC04_IUV,semantic_maxmin,17,1,"score=0.267 hits=1/2 pages=[?] page_match=False ev_type=paragraph | preview: Dalam penyusunan indeks unit value ekspor-impor terdapat beberapa isu yang menjadi perhatian, yaitu: 1. Heterogenitas Wa",auto,auto_labeled_needs_validation
Q017,DOC04_IUV,recursive,1,2,score=0.700 hits=2/2 pages=[?] page_match=False ev_type=paragraph | preview: Mardiah Realita Eschachasthi Resti Denni Puspa Mira Restu Rahmat Sood Penata Letak: Seta Baehera Indeks Unit Value Ekspo,auto,auto_labeled_needs_validation
Q017,DOC04_IUV,recursive,25,2,"score=0.644 hits=2/2 pages=[?] page_match=False ev_type=paragraph | preview: HS. Selain itu, perubahan indeks unit value pada suatu komoditas dengan kode HS 8-digit yang sama juga dapat berasal dar",auto,auto_labeled_needs_validation
Q017,DOC04_IUV,recursive,13,2,"score=0.633 hits=2/2 pages=[?] page_match=False ev_type=paragraph | preview: Indeks Unit Value Tertinggi: Wol, bulu hewan halus atau kasar (HS 51) naik menjadi 119,62, dengan lonjakan 14,81 poin m-",auto,auto_labeled_needs_validation
Q017,DOC04_IUV,recursive,19,1,score=0.433 hits=1/2 pages=[?] page_match=False ev_type=paragraph | preview: menghitung banyaknya observasi unit value setiap kelompok barang. Penjelasan lebih rinci dari langkah-langkah teknis yan,auto,auto_labeled_needs_validation
Q017,DOC04_IUV,recursive,23,1,score=0.433 hits=1/2 pages=[?] page_match=False ev_type=paragraph | preview: (kode HS 8-digit) dihitung dengan membagi nilai dengan volume untuk setiap bulannya. 4. Penghitungan Indeks HS 2-Digit F,auto,auto_labeled_needs_validation
Q017,DOC04_IUV,recursive,22,1,"score=0.422 hits=1/2 pages=[?] page_match=False ev_type=paragraph | preview: METODOLOGI Sementara itu, hasil dari tahapan pemilihan sampel komoditas impor: a. Jumlah komoditas menurut HS 8-digit ya",auto,auto_labeled_needs_validation
Q017,DOC04_IUV,recursive,18,1,"score=0.411 hits=1/2 pages=[?] page_match=False ev_type=paragraph | preview: INDEKS UNIT VALUE EKSPOR-IMPOR, AGUSTUS 2025 2. Perubahan kualitas barang Adanya kemungkinan perubahan unit value bukan ",auto,auto_labeled_needs_validation
Q017,DOC04_IUV,recursive,3,1,score=0.389 hits=1/2 pages=[?] page_match=False ev_type=paragraph | preview: vii DAFTAR TABEL………………………………………………………………….. ix DAFTAR GAMBAR……………………………………………………... xi INFOGRAFIS……………………………………………………………,auto,auto_labeled_needs_validation
Q017,DOC04_IUV,recursive,14,1,"score=0.389 hits=1/2 pages=[?] page_match=False ev_type=paragraph | preview: Bruto (PDB) atas dasar harga konstan, terutama untuk komponen ekspor- impor dalam struktur PDB pengeluaran, dan (b). nil",auto,auto_labeled_needs_validation
Q017,DOC04_IUV,recursive,20,1,score=0.389 hits=1/2 pages=[?] page_match=False ev_type=paragraph | preview: Syarat terpilihnya suatu komoditas masuk dalam sampel penghitungan indeks unit value ekspor-impor adalah sebagai berikut,auto,auto_labeled_needs_validation
Q017,DOC04_IUV,recursive,24,1,score=0.333 hits=1/2 pages=[?] page_match=False ev_type=paragraph | preview: Untuk memperoleh indeks bulanan dari keseluruhan kelompok barang maka digunakan rumus sebagai berikut: 𝐼𝑚𝑡= ෍ 𝑗 𝐼𝐹𝑗𝑚𝑡𝑤𝑗𝑚,auto,auto_labeled_needs_validation
Q017,DOC04_IUV,recursive,16,1,"score=0.311 hits=1/2 pages=[?] page_match=False ev_type=paragraph | preview: Sementara itu, pengumpulan data nilai dan berat komoditas impor berasal dari dokumen Pemberitahuan Impor Barang (PIB) ke",auto,auto_labeled_needs_validation
Q017,DOC04_IUV,recursive,17,1,"score=0.311 hits=1/2 pages=[?] page_match=False ev_type=paragraph | preview: Pada publikasi indeks unit value ekspor-impor, data yang akan disajikan adalah: (a). indeks unit value total ekspor dan ",auto,auto_labeled_needs_validation
Q017,DOC04_IUV,recursive,27,1,"score=0.300 hits=1/2 pages=[?] page_match=False ev_type=paragraph | preview: Indeks unit value ekspor produk berbagai makanan olahan (HS 21) pada Agustus 2025 tercatat sebesar 144,97. Angka ini men",auto,auto_labeled_needs_validation
Q017,DOC04_IUV,recursive,4,1,"score=0.289 hits=1/2 pages=[?] page_match=False ev_type=paragraph | preview: (2023=100), Januari 2024–Agustus 2025 ……………………... Tabel 2 Indeks Unit Value Ekspor Menurut Kode HS 2 Digit (2023=100), A",auto,auto_labeled_needs_validation
Q017,DOC04_IUV,recursive,26,1,"score=0.289 hits=1/2 pages=[?] page_match=False ev_type=paragraph | preview: Pada Agustus 2025 indeks unit value ekspor tercatat sebesar 102,56. Indeks tersebut naik 0,95 poin dibandingkan Juli 202",auto,auto_labeled_needs_validation
Q017,DOC04_IUV,recursive,29,1,"score=0.289 hits=1/2 pages=[?] page_match=False ev_type=paragraph | preview: Agustus 2025 tercatat sebesar 90,26. Nilai tersebut turun 10,96 poin dibandingkan Juli 2025, dan turun 13,38 poin jika d",auto,auto_labeled_needs_validation
Q017,DOC04_IUV,recursive,12,1,score=0.278 hits=1/2 pages=[?] page_match=False ev_type=paragraph | preview: Gambar 25 Perkembangan Indeks Unit Value Impor Besi dan Baja (HS 72); Tembaga dan Barang Daripadanya (HS 74); Aluminium ,auto,auto_labeled_needs_validation
Q017,DOC04_IUV,recursive,28,1,"score=0.278 hits=1/2 pages=[?] page_match=False ev_type=paragraph | preview: Sementara itu, penurunan terdalam indeks unit value ekspor nonmigas pada Agustus 2025 dibandingkan Juli 2025 tercatat pa",auto,auto_labeled_needs_validation
Q017,DOC04_IUV,recursive,30,1,"score=0.278 hits=1/2 pages=[?] page_match=False ev_type=paragraph | preview: Untuk indeks unit value impor kelompok migas pada Agustus 2025 nilainya sebesar 86,39; mengalami peningkatan sebesar 0,3",auto,auto_labeled_needs_validation
Q017,DOC04_IUV,recursive,31,1,"score=0.278 hits=1/2 pages=[?] page_match=False ev_type=paragraph | preview: Agustus 2025 dan Agustus 2024, indeks unit value impor HS 51 naik 25,34 poin. PENDAHULUAN INDEKS UNIT VALUE EKSPOR-IMPOR",auto,auto_labeled_needs_validation
Q017,DOC04_IUV,recursive,32,1,"score=0.278 hits=1/2 pages=[?] page_match=False ev_type=paragraph | preview: Indeks unit value impor instrumen musik dan bagiannya (HS 92) mengalami penurunan menjadi 84,89 atau 13,59 poin lebih re",auto,auto_labeled_needs_validation
Q017,DOC04_IUV,recursive,0,1,"score=0.267 hits=1/2 pages=[?] page_match=False ev_type=paragraph | preview: BADAN PUSAT STATISTIK INDEKS UNIT VALUE EKSPOR-IMPOR AGUSTUS 2025 Volume 1, Nomor 8, 2025 Katalog: 8202001 Indeks Unit V",auto,auto_labeled_needs_validation
Q017,DOC04_IUV,recursive,15,1,score=0.267 hits=1/2 pages=[?] page_match=False ev_type=paragraph | preview: Masuk atas Barang Impor. Sumber data yang digunakan dalam penghitungan indeks unit value berasal dari hasil kompilasi st,auto,auto_labeled_needs_validation
Q017,DOC04_IUV,recursive,5,1,"score=0.244 hits=1/2 pages=[?] page_match=False ev_type=paragraph | preview: Hidup dan Bunga Potong (HS 06); Kopi, Teh, dan Rempah- Rempah (HS 09); serta Hasil Penggilingan (HS 11), Agustus 2024–Ag",auto,auto_labeled_needs_validation
Q018,DOC04_IUV,element,4,2,"score=0.558 hits=2/4 pages=[7,9] page_match=True ev_type=paragraph | preview: Kata Pengantar  Dengan penuh syukur dan rasa bangga, kami umumkan terbitnya publikasi Indeks Unit Value Ekspor-Impor Agu",auto,auto_labeled_needs_validation
Q018,DOC04_IUV,element,13,1,score=0.431 hits=2/4 pages=[19] page_match=False ev_type=paragraph | preview: I. PENDAHULUAN  Indeks unit value ekspor-impor merupakan indeks yang menggambarkan perkembangan harga komoditas ekspor-i,auto,auto_labeled_needs_validation
Q018,DOC04_IUV,element,14,1,"score=0.342 hits=1/4 pages=[20] page_match=False ev_type=paragraph | preview: I. PENDAHULUAN  Sementara itu, pengumpulan data nilai dan berat komoditas impor berasal dari dokumen Pemberitahuan Impor",auto,auto_labeled_needs_validation
Q018,DOC04_IUV,element,3,1,"score=0.319 hits=1/4 pages=[5,7] page_match=True ev_type=paragraph | preview: Tim Penyusun Indeks Unit Value Ekspor-Impor, Agustus 2025 Volume 1, Nomor 8, 2025  Pengarah:  Sarpono  Penanggung Jawab:",auto,auto_labeled_needs_validation
Q018,DOC04_IUV,element,17,1,"score=0.311 hits=1/4 pages=[23] page_match=False ev_type=paragraph | preview: II. METODOLOGI  Berkaitan dengan masalah heterogenitas, secara umum dalam penghitungan indeks unit value dilakukan beber",auto,auto_labeled_needs_validation
Q018,DOC04_IUV,element,19,1,"score=0.305 hits=1/4 pages=[23,24] page_match=False ev_type=paragraph | preview: 2. Pemilihan Sampel Komoditas  Pemilihan sampel komoditas HS 8-digit dilakukan untuk setiap kelompok/subkelompok komodit",auto,auto_labeled_needs_validation
Q018,DOC04_IUV,element,22,1,"score=0.305 hits=1/4 pages=[25,26] page_match=False ev_type=paragraph | preview: Penghitungan Indeks HS 2-Digit  Formula yang digunakan dalam menghitung indeks unit value ekspor- impor kelompok HS 2-di",auto,auto_labeled_needs_validation
Q018,DOC04_IUV,element,15,1,"score=0.299 hits=1/4 pages=[20,21] page_match=False ev_type=paragraph | preview: INDEKS UNIT VALUE EKSPOR-IMPOR, AGUSTUS 2025  2. Perubahan kualitas barang  Adanya kemungkinan perubahan unit value buka",auto,auto_labeled_needs_validation
Q018,DOC04_IUV,element,24,1,"score=0.279 hits=1/4 pages=[27] page_match=False ev_type=paragraph | preview: Indeks Unit Value Ekspor, Agustus 2025  Selama tahun 2024, indeks unit value ekspor tercatat sebesar 96,82 atau mengalam",auto,auto_labeled_needs_validation
Q018,DOC04_IUV,element,20,1,"score=0.273 hits=1/4 pages=[24,25] page_match=False ev_type=paragraph | preview: INDEKS UNIT VALUE EKSPOR-IMPOR, AGUSTUS 2025  PENDAHULUAN  In Pe.  Sementara itu, hasil dari tahapan pemilihan sampel ko",auto,auto_labeled_needs_validation
Q018,DOC04_IUV,element,9,1,"score=0.261 hits=1/4 pages=[13] page_match=False ev_type=paragraph | preview: DAFTAR GAMBAR  Halaman  Gambar 1 Infografis Indeks Unit Value Ekspor-Impor (2023=100), Agustus 2025 xv Gambar 2 Perkemba",auto,auto_labeled_needs_validation
Q018,DOC04_IUV,element,10,1,"score=0.261 hits=1/4 pages=[14] page_match=False ev_type=paragraph | preview: DAFTAR GAMBAR  Gambar 10  Perkembangan Indeks Unit Value Ekspor Kain Kempa, Benang Khusus, dan Benang Pintal (HS 56); Ka",auto,auto_labeled_needs_validation
Q018,DOC04_IUV,element,31,1,"score=0.261 hits=1/4 pages=[32,33,34] page_match=False ev_type=paragraph | preview: INDEKS UNIT VALUE EKSPOR-IMPOR, AGUSTUS 2025  https://www.bps.go.id  Gambar 6 Perkembangan Indeks Unit Value Ekspor Temb",auto,auto_labeled_needs_validation
Q018,DOC04_IUV,element,32,1,"score=0.261 hits=1/4 pages=[34,35] page_match=False ev_type=paragraph | preview: INDEKS UNIT VALUE EKSPOR-IMPOR, AGUSTUS 2025  https://www.bps.go.id  Gambar 10 Perkembangan Indeks Unit Value Ekspor Kai",auto,auto_labeled_needs_validation
Q018,DOC04_IUV,element,37,1,"score=0.261 hits=1/4 pages=[40,41,42] page_match=False ev_type=paragraph | preview: INDEKS UNIT VALUE EKSPOR-IMPOR, AGUSTUS 2025  https://www.bps.go.id  Gambar 23 Perkembangan Indeks Unit Value Impor Fila",auto,auto_labeled_needs_validation
Q018,DOC04_IUV,element,38,1,"score=0.261 hits=1/4 pages=[42,43,45] page_match=False ev_type=paragraph | preview: INDEKS UNIT VALUE EKSPOR-IMPOR, AGUSTUS 2025  https://www.bps.go.id  Gambar 26 Perkembangan Indeks Unit Value Impor Berb",auto,auto_labeled_needs_validation
Q018,DOC04_IUV,element,5,1,"score=0.259 hits=1/4 pages=[9] page_match=False ev_type=paragraph | preview: DAFTAR ISI Indeks Unit Value Ekspor-Impor, Agustus 2025 Volume 1, Nomor 8, 2025  Halaman  KATA PENGANTAR ………………………………………",auto,auto_labeled_needs_validation
Q018,DOC04_IUV,element,6,1,score=0.259 hits=1/4 pages=[9] page_match=False ev_type=paragraph | preview: https://www.bps.go.id 1. Penentuan Tahun Dasar ……………………………………………… 2. Pemilihan Sampel Komoditas ……………………………………….. 3. Pen,auto,auto_labeled_needs_validation
Q018,DOC04_IUV,element,7,1,"score=0.259 hits=1/4 pages=[9,11] page_match=False ev_type=paragraph | preview: DAFTAR ISI Indeks Unit Value Ekspor-Impor, Agustus 2025 Volume 1, Nomor 8, 2025  DAFTAR ISI………………………………………………………………………. ",auto,auto_labeled_needs_validation
Q018,DOC04_IUV,element,2,1,"score=0.255 hits=1/4 pages=[4] page_match=False ev_type=paragraph | preview: Indeks Unit Value Ekspor-Impor, Agustus 2025 Volume 1, Nomor 8, 2025  Katalog: 8202001 Nomor Publikasi: 06100.25038  Uku",auto,auto_labeled_needs_validation
Q018,DOC04_IUV,element,36,1,"score=0.255 hits=1/4 pages=[38,39,40] page_match=False ev_type=paragraph | preview: INDEKS UNIT VALUE EKSPOR-IMPOR, AGUSTUS 2025  https://www.bps.go.id  Gambar 19 Perkembangan Indeks Unit Value Impor Berb",auto,auto_labeled_needs_validation
Q018,DOC04_IUV,element,25,1,"score=0.253 hits=1/4 pages=[28] page_match=False ev_type=paragraph | preview: Indeks Unit Value Ekspor, Agustus 2025  Indeks unit value ekspor produk seng dan barang daripadanya (HS 79) pada Agustus",auto,auto_labeled_needs_validation
Q018,DOC04_IUV,element,27,1,"score=0.247 hits=1/4 pages=[29] page_match=False ev_type=paragraph | preview: Indeks Unit Value Impor, Agustus 2025  Pada Agustus 2025, indeks unit value impor tercatat sebesar 91,22. Jika dibanding",auto,auto_labeled_needs_validation
Q018,DOC04_IUV,element,28,1,"score=0.247 hits=1/4 pages=[30] page_match=False ev_type=paragraph | preview: Indeks Unit Value Impor, Agustus 2025  Peningkatan terbesar selanjutnya adalah serealia (HS 10) yang indeksnya mengalami",auto,auto_labeled_needs_validation
Q018,DOC04_IUV,element,33,1,"score=0.235 hits=1/4 pages=[35,36] page_match=False ev_type=paragraph | preview: GAMBAR-GAMBAR  17  https://www.bps.go.id  Gambar 13 Perkembangan Indeks Unit Value Ekspor Nikel dan Barang Daripadanya (",auto,auto_labeled_needs_validation
Q018,DOC04_IUV,semantic_maxmin,0,2,"score=0.468 hits=2/4 pages=[?] page_match=False ev_type=paragraph | preview: BADAN PUSAT STATISTIK INDEKS UNIT VALUE EKSPOR-IMPOR AGUSTUS 2025 Volume 1, Nomor 8, 2025 Katalog: 8202001 Indeks Unit V",auto,auto_labeled_needs_validation
Q018,DOC04_IUV,semantic_maxmin,10,1,"score=0.405 hits=2/4 pages=[?] page_match=False ev_type=paragraph | preview: nilai tukar perdagangan (terms of trade), yaitu dengan membandingkan perkembangan indeks harga ekspor dan impor. Unit va",auto,auto_labeled_needs_validation
Q018,DOC04_IUV,semantic_maxmin,15,1,score=0.311 hits=1/4 pages=[?] page_match=False ev_type=paragraph | preview: Dengan demikian unit value yang digunakan dalam penghitungan indeks unit value ekspor-impor merupakan pendekatan yaitu n,auto,auto_labeled_needs_validation
Q018,DOC04_IUV,semantic_maxmin,9,1,"score=0.299 hits=1/4 pages=[?] page_match=False ev_type=paragraph | preview: DAFTAR TABEL Halaman Gambar 1 Infografis Indeks Unit Value Ekspor-Impor (2023=100), Agustus xv Gambar 2 Perkembangan Ind",auto,auto_labeled_needs_validation
Q018,DOC04_IUV,semantic_maxmin,17,1,"score=0.293 hits=1/4 pages=[?] page_match=False ev_type=paragraph | preview: Dalam penyusunan indeks unit value ekspor-impor terdapat beberapa isu yang menjadi perhatian, yaitu: 1. Heterogenitas Wa",auto,auto_labeled_needs_validation
Q018,DOC04_IUV,semantic_maxmin,1,1,"score=0.287 hits=1/4 pages=[?] page_match=False ev_type=paragraph | preview: Di samping memuat metodologi penghitungan indeks, publikasi ini juga menyajikan grafik dan tabel indeks unit value ekspo",auto,auto_labeled_needs_validation
Q018,DOC04_IUV,semantic_maxmin,16,1,score=0.279 hits=1/4 pages=[?] page_match=False ev_type=paragraph | preview: indeks unit value total ekspor dan impor; (b). indeks unit value ekspor dan impor menurut kelompok migas dan nonmigas. K,auto,auto_labeled_needs_validation
Q018,DOC04_IUV,semantic_maxmin,19,1,score=0.279 hits=1/4 pages=[?] page_match=False ev_type=paragraph | preview: Pada dasarnya teknik yang digunakan dalam penghitungan indeks unit value ekspor-impor pada publikasi ini adalah teknik y,auto,auto_labeled_needs_validation
Q018,DOC04_IUV,semantic_maxmin,11,1,score=0.273 hits=1/4 pages=[?] page_match=False ev_type=paragraph | preview: Sumber data yang digunakan dalam penghitungan indeks unit value berasal dari hasil kompilasi statistik yang dilakukan Ba,auto,auto_labeled_needs_validation
Q018,DOC04_IUV,semantic_maxmin,47,1,"score=0.273 hits=1/4 pages=[?] page_match=False ev_type=paragraph | preview: PENDAHULUAN INDEKS UNIT VALUE EKSPOR-IMPOR, AGUSTUS 2025 Peningkatan terbesar selanjutnya adalah serealia (HS 10) yang i",auto,auto_labeled_needs_validation
Q018,DOC04_IUV,semantic_maxmin,24,1,score=0.267 hits=1/4 pages=[?] page_match=False ev_type=paragraph | preview: Syarat terpilihnya suatu komoditas masuk dalam sampel penghitungan indeks unit value ekspor-impor adalah sebagai berikut,auto,auto_labeled_needs_validation
Q018,DOC04_IUV,semantic_maxmin,25,1,"score=0.267 hits=1/4 pages=[?] page_match=False ev_type=paragraph | preview: II. METODOLOGI PENDAHULUAN INDEKS UNIT VALUE EKSPOR-IMPOR, AGUSTUS 2025 c. Nilai Closeness Percentage (CP) komoditas eks",auto,auto_labeled_needs_validation
Q018,DOC04_IUV,semantic_maxmin,37,1,"score=0.267 hits=1/4 pages=[?] page_match=False ev_type=paragraph | preview: PENDAHULUAN INDEKS UNIT VALUE EKSPOR-IMPOR, AGUSTUS 2025 Indeks unit value ekspor produk seng dan barang daripadanya (HS",auto,auto_labeled_needs_validation
Q018,DOC04_IUV,semantic_maxmin,18,1,"score=0.261 hits=1/4 pages=[?] page_match=False ev_type=paragraph | preview: INDEKS UNIT VALUE EKSPOR-IMPOR, AGUSTUS 2025 2. Perubahan kualitas barang Adanya kemungkinan perubahan unit value bukan ",auto,auto_labeled_needs_validation
Q018,DOC04_IUV,semantic_maxmin,20,1,score=0.261 hits=1/4 pages=[?] page_match=False ev_type=paragraph | preview: mengumpulkan data nilai dan berat komoditas ekspor dan impor; (b). mengelompokkan komoditas- komoditas tersebut kedalam ,auto,auto_labeled_needs_validation
Q018,DOC04_IUV,semantic_maxmin,8,1,score=0.255 hits=1/4 pages=[?] page_match=False ev_type=paragraph | preview: GAMBAR-GAMBAR ………………………………………………………… V. TABEL-TABEL ……………………………………………………………….. DAFTAR PUSTAKA ……………………………………………………………...,auto,auto_labeled_needs_validation
Q018,DOC04_IUV,semantic_maxmin,28,1,"score=0.253 hits=1/4 pages=[?] page_match=False ev_type=paragraph | preview: 3. Penghitungan Unit Value Setelah sampel komoditas ditentukan, unit value untuk setiap produk (kode HS 8-digit) dihitun",auto,auto_labeled_needs_validation
Q018,DOC04_IUV,semantic_maxmin,30,1,"score=0.247 hits=1/4 pages=[?] page_match=False ev_type=paragraph | preview: Selain itu, perubahan indeks unit value pada suatu komoditas dengan kode HS 8-digit yang sama juga dapat berasal dari pe",auto,auto_labeled_needs_validation
Q018,DOC04_IUV,semantic_maxmin,36,1,"score=0.247 hits=1/4 pages=[?] page_match=False ev_type=paragraph | preview: Pada Agustus 2025, komoditas ekspor nonmigas yang mencatat kenaikan tertinggi dalam indeks unit value dibandingkan Juli ",auto,auto_labeled_needs_validation
Q018,DOC04_IUV,semantic_maxmin,46,1,score=0.247 hits=1/4 pages=[?] page_match=False ev_type=paragraph | preview: Kelompok komoditas nonmigas yang indeksnya mengalami peningkatan tertinggi pada Agustus 2025 dibandingkan dengan Juli 20,auto,auto_labeled_needs_validation
Q018,DOC04_IUV,semantic_maxmin,35,1,"score=0.241 hits=1/4 pages=[?] page_match=False ev_type=paragraph | preview: Kemudian, jika dibandingkan Agustus 2024, indeks unit value ekspor Agustus 2025 mengalami peningkatan sebesar 1,00 poin.",auto,auto_labeled_needs_validation
Q018,DOC04_IUV,semantic_maxmin,40,1,"score=0.241 hits=1/4 pages=[?] page_match=False ev_type=paragraph | preview: Indeks unit value ekspor pohon hidup dan bunga potong (HS 06) pada Agustus 2025 adalah sebesar 300,84. Indeks tersebut t",auto,auto_labeled_needs_validation
Q018,DOC04_IUV,semantic_maxmin,43,1,"score=0.241 hits=1/4 pages=[?] page_match=False ev_type=paragraph | preview: Sementara itu, jika indeks unit value Agustus 2025 dibandingkan dengan Agustus 2024 yang sebesar 94,56 maka nilainya men",auto,auto_labeled_needs_validation
Q018,DOC04_IUV,semantic_maxmin,48,1,"score=0.241 hits=1/4 pages=[?] page_match=False ev_type=paragraph | preview: Sementara itu, kelompok komoditas nonmigas yang indeksnya mengalami penurunan terdalam pada Agustus 2025 dibandingkan de",auto,auto_labeled_needs_validation
Q018,DOC04_IUV,semantic_maxmin,38,1,"score=0.235 hits=1/4 pages=[?] page_match=False ev_type=paragraph | preview: Jika dibandingkan dengan Agustus 2024, indeks unit value komoditas tersebut tercatat mengalami peningkatan 16,35 poin. I",auto,auto_labeled_needs_validation
Q018,DOC04_IUV,recursive,1,2,score=0.468 hits=2/4 pages=[?] page_match=False ev_type=paragraph | preview: Mardiah Realita Eschachasthi Resti Denni Puspa Mira Restu Rahmat Sood Penata Letak: Seta Baehera Indeks Unit Value Ekspo,auto,auto_labeled_needs_validation
Q018,DOC04_IUV,recursive,14,2,"score=0.431 hits=2/4 pages=[?] page_match=False ev_type=paragraph | preview: Bruto (PDB) atas dasar harga konstan, terutama untuk komponen ekspor- impor dalam struktur PDB pengeluaran, dan (b). nil",auto,auto_labeled_needs_validation
Q018,DOC04_IUV,recursive,17,1,"score=0.336 hits=1/4 pages=[?] page_match=False ev_type=paragraph | preview: Pada publikasi indeks unit value ekspor-impor, data yang akan disajikan adalah: (a). indeks unit value total ekspor dan ",auto,auto_labeled_needs_validation
Q018,DOC04_IUV,recursive,18,1,"score=0.336 hits=1/4 pages=[?] page_match=False ev_type=paragraph | preview: INDEKS UNIT VALUE EKSPOR-IMPOR, AGUSTUS 2025 2. Perubahan kualitas barang Adanya kemungkinan perubahan unit value bukan ",auto,auto_labeled_needs_validation
Q018,DOC04_IUV,recursive,16,1,"score=0.316 hits=1/4 pages=[?] page_match=False ev_type=paragraph | preview: Sementara itu, pengumpulan data nilai dan berat komoditas impor berasal dari dokumen Pemberitahuan Impor Barang (PIB) ke",auto,auto_labeled_needs_validation
Q018,DOC04_IUV,recursive,19,1,score=0.311 hits=1/4 pages=[?] page_match=False ev_type=paragraph | preview: menghitung banyaknya observasi unit value setiap kelompok barang. Penjelasan lebih rinci dari langkah-langkah teknis yan,auto,auto_labeled_needs_validation
Q018,DOC04_IUV,recursive,15,1,score=0.299 hits=1/4 pages=[?] page_match=False ev_type=paragraph | preview: Masuk atas Barang Impor. Sumber data yang digunakan dalam penghitungan indeks unit value berasal dari hasil kompilasi st,auto,auto_labeled_needs_validation
Q018,DOC04_IUV,recursive,20,1,score=0.299 hits=1/4 pages=[?] page_match=False ev_type=paragraph | preview: Syarat terpilihnya suatu komoditas masuk dalam sampel penghitungan indeks unit value ekspor-impor adalah sebagai berikut,auto,auto_labeled_needs_validation
Q018,DOC04_IUV,recursive,25,1,"score=0.299 hits=1/4 pages=[?] page_match=False ev_type=paragraph | preview: HS. Selain itu, perubahan indeks unit value pada suatu komoditas dengan kode HS 8-digit yang sama juga dapat berasal dar",auto,auto_labeled_needs_validation
Q018,DOC04_IUV,recursive,0,1,"score=0.281 hits=1/4 pages=[?] page_match=False ev_type=paragraph | preview: BADAN PUSAT STATISTIK INDEKS UNIT VALUE EKSPOR-IMPOR AGUSTUS 2025 Volume 1, Nomor 8, 2025 Katalog: 8202001 Indeks Unit V",auto,auto_labeled_needs_validation
Q018,DOC04_IUV,recursive,22,1,"score=0.273 hits=1/4 pages=[?] page_match=False ev_type=paragraph | preview: METODOLOGI Sementara itu, hasil dari tahapan pemilihan sampel komoditas impor: a. Jumlah komoditas menurut HS 8-digit ya",auto,auto_labeled_needs_validation
Q018,DOC04_IUV,recursive,27,1,"score=0.273 hits=1/4 pages=[?] page_match=False ev_type=paragraph | preview: Indeks unit value ekspor produk berbagai makanan olahan (HS 21) pada Agustus 2025 tercatat sebesar 144,97. Angka ini men",auto,auto_labeled_needs_validation
Q018,DOC04_IUV,recursive,31,1,"score=0.273 hits=1/4 pages=[?] page_match=False ev_type=paragraph | preview: Agustus 2025 dan Agustus 2024, indeks unit value impor HS 51 naik 25,34 poin. PENDAHULUAN INDEKS UNIT VALUE EKSPOR-IMPOR",auto,auto_labeled_needs_validation
Q018,DOC04_IUV,recursive,12,1,score=0.267 hits=1/4 pages=[?] page_match=False ev_type=paragraph | preview: Gambar 25 Perkembangan Indeks Unit Value Impor Besi dan Baja (HS 72); Tembaga dan Barang Daripadanya (HS 74); Aluminium ,auto,auto_labeled_needs_validation
Q018,DOC04_IUV,recursive,13,1,"score=0.267 hits=1/4 pages=[?] page_match=False ev_type=paragraph | preview: Indeks Unit Value Tertinggi: Wol, bulu hewan halus atau kasar (HS 51) naik menjadi 119,62, dengan lonjakan 14,81 poin m-",auto,auto_labeled_needs_validation
Q018,DOC04_IUV,recursive,32,1,"score=0.267 hits=1/4 pages=[?] page_match=False ev_type=paragraph | preview: Indeks unit value impor instrumen musik dan bagiannya (HS 92) mengalami penurunan menjadi 84,89 atau 13,59 poin lebih re",auto,auto_labeled_needs_validation
Q018,DOC04_IUV,recursive,8,1,score=0.261 hits=1/4 pages=[?] page_match=False ev_type=paragraph | preview: 69); Kaca dan Barang dari Kaca (HS 70); Logam Mulia dan Perhiasan/Permata (HS 71); Besi dan Baja (HS 72); serta Tembaga ,auto,auto_labeled_needs_validation
Q018,DOC04_IUV,recursive,3,1,score=0.255 hits=1/4 pages=[?] page_match=False ev_type=paragraph | preview: vii DAFTAR TABEL………………………………………………………………….. ix DAFTAR GAMBAR……………………………………………………... xi INFOGRAFIS……………………………………………………………,auto,auto_labeled_needs_validation
Q018,DOC04_IUV,recursive,4,1,"score=0.255 hits=1/4 pages=[?] page_match=False ev_type=paragraph | preview: (2023=100), Januari 2024–Agustus 2025 ……………………... Tabel 2 Indeks Unit Value Ekspor Menurut Kode HS 2 Digit (2023=100), A",auto,auto_labeled_needs_validation
Q018,DOC04_IUV,recursive,59,1,"score=0.255 hits=1/4 pages=[?] page_match=False ev_type=paragraph | preview: 96,72 96,40 95,92 90,91 90,61 88,92 91,22 INDEKS UNIT VALUE EKSPOR-IMPOR, AGUSTUS 2025 Tabel 5 Kode HS 2 Digit dan Deskr",auto,auto_labeled_needs_validation
Q018,DOC04_IUV,recursive,23,1,score=0.253 hits=1/4 pages=[?] page_match=False ev_type=paragraph | preview: (kode HS 8-digit) dihitung dengan membagi nilai dengan volume untuk setiap bulannya. 4. Penghitungan Indeks HS 2-Digit F,auto,auto_labeled_needs_validation
Q018,DOC04_IUV,recursive,26,1,"score=0.253 hits=1/4 pages=[?] page_match=False ev_type=paragraph | preview: Pada Agustus 2025 indeks unit value ekspor tercatat sebesar 102,56. Indeks tersebut naik 0,95 poin dibandingkan Juli 202",auto,auto_labeled_needs_validation
Q018,DOC04_IUV,recursive,30,1,"score=0.247 hits=1/4 pages=[?] page_match=False ev_type=paragraph | preview: Untuk indeks unit value impor kelompok migas pada Agustus 2025 nilainya sebesar 86,39; mengalami peningkatan sebesar 0,3",auto,auto_labeled_needs_validation
Q018,DOC04_IUV,recursive,28,1,"score=0.241 hits=1/4 pages=[?] page_match=False ev_type=paragraph | preview: Sementara itu, penurunan terdalam indeks unit value ekspor nonmigas pada Agustus 2025 dibandingkan Juli 2025 tercatat pa",auto,auto_labeled_needs_validation
Q018,DOC04_IUV,recursive,29,1,"score=0.241 hits=1/4 pages=[?] page_match=False ev_type=paragraph | preview: Agustus 2025 tercatat sebesar 90,26. Nilai tersebut turun 10,96 poin dibandingkan Juli 2025, dan turun 13,38 poin jika d",auto,auto_labeled_needs_validation
Q019,DOC04_IUV,element,6,2,score=0.603 hits=4/4 pages=[9] page_match=True ev_type=table_of_contents | preview: https://www.bps.go.id 1. Penentuan Tahun Dasar ……………………………………………… 2. Pemilihan Sampel Komoditas ……………………………………….. 3. Pen,auto,auto_labeled_needs_validation
Q019,DOC04_IUV,element,4,1,"score=0.347 hits=1/4 pages=[7,9] page_match=True ev_type=table_of_contents | preview: Kata Pengantar  Dengan penuh syukur dan rasa bangga, kami umumkan terbitnya publikasi Indeks Unit Value Ekspor-Impor Agu",auto,auto_labeled_needs_validation
Q019,DOC04_IUV,element,19,1,"score=0.346 hits=2/4 pages=[23,24] page_match=False ev_type=table_of_contents | preview: 2. Pemilihan Sampel Komoditas  Pemilihan sampel komoditas HS 8-digit dilakukan untuk setiap kelompok/subkelompok komodit",auto,auto_labeled_needs_validation
Q019,DOC04_IUV,element,7,1,"score=0.327 hits=1/4 pages=[9,11] page_match=True ev_type=table_of_contents | preview: DAFTAR ISI Indeks Unit Value Ekspor-Impor, Agustus 2025 Volume 1, Nomor 8, 2025  DAFTAR ISI………………………………………………………………………. ",auto,auto_labeled_needs_validation
Q019,DOC04_IUV,element,20,1,"score=0.313 hits=2/4 pages=[24,25] page_match=False ev_type=table_of_contents | preview: INDEKS UNIT VALUE EKSPOR-IMPOR, AGUSTUS 2025  PENDAHULUAN  In Pe.  Sementara itu, hasil dari tahapan pemilihan sampel ko",auto,auto_labeled_needs_validation
Q019,DOC04_IUV,element,18,1,score=0.287 hits=2/4 pages=[23] page_match=False ev_type=table_of_contents | preview: 1. Penentuan Tahun Dasar  https://www.bps.go.id  Tahun dasar (base year) adalah waktu atau suatu periode ataupun tahun i,auto,auto_labeled_needs_validation
Q019,DOC04_IUV,element,5,1,"score=0.272 hits=1/4 pages=[9] page_match=True ev_type=table_of_contents | preview: DAFTAR ISI Indeks Unit Value Ekspor-Impor, Agustus 2025 Volume 1, Nomor 8, 2025  Halaman  KATA PENGANTAR ………………………………………",auto,auto_labeled_needs_validation
Q019,DOC04_IUV,element,21,1,"score=0.259 hits=2/4 pages=[25] page_match=False ev_type=table_of_contents | preview: Penghitungan Unit Value  Setelah sampel komoditas ditentukan, unit value untuk setiap produk (kode HS 8-digit) dihitung ",auto,auto_labeled_needs_validation
Q019,DOC04_IUV,element,22,1,"score=0.235 hits=1/4 pages=[25,26] page_match=False ev_type=table_of_contents | preview: Penghitungan Indeks HS 2-Digit  Formula yang digunakan dalam menghitung indeks unit value ekspor- impor kelompok HS 2-di",auto,auto_labeled_needs_validation
Q019,DOC04_IUV,element,17,1,"score=0.225 hits=1/4 pages=[23] page_match=False ev_type=table_of_contents | preview: II. METODOLOGI  Berkaitan dengan masalah heterogenitas, secara umum dalam penghitungan indeks unit value dilakukan beber",auto,auto_labeled_needs_validation
Q019,DOC04_IUV,element,14,1,"score=0.208 hits=1/4 pages=[20] page_match=False ev_type=table_of_contents | preview: I. PENDAHULUAN  Sementara itu, pengumpulan data nilai dan berat komoditas impor berasal dari dokumen Pemberitahuan Impor",auto,auto_labeled_needs_validation
Q019,DOC04_IUV,element,13,1,score=0.202 hits=1/4 pages=[19] page_match=False ev_type=table_of_contents | preview: I. PENDAHULUAN  Indeks unit value ekspor-impor merupakan indeks yang menggambarkan perkembangan harga komoditas ekspor-i,auto,auto_labeled_needs_validation
Q019,DOC04_IUV,element,24,1,"score=0.202 hits=1/4 pages=[27] page_match=False ev_type=table_of_contents | preview: Indeks Unit Value Ekspor, Agustus 2025  Selama tahun 2024, indeks unit value ekspor tercatat sebesar 96,82 atau mengalam",auto,auto_labeled_needs_validation
Q019,DOC04_IUV,element,27,1,"score=0.192 hits=1/4 pages=[29] page_match=False ev_type=table_of_contents | preview: Indeks Unit Value Impor, Agustus 2025  Pada Agustus 2025, indeks unit value impor tercatat sebesar 91,22. Jika dibanding",auto,auto_labeled_needs_validation
Q019,DOC04_IUV,element,9,1,"score=0.176 hits=1/4 pages=[13] page_match=False ev_type=table_of_contents | preview: DAFTAR GAMBAR  Halaman  Gambar 1 Infografis Indeks Unit Value Ekspor-Impor (2023=100), Agustus 2025 xv Gambar 2 Perkemba",auto,auto_labeled_needs_validation
Q019,DOC04_IUV,element,15,1,"score=0.176 hits=1/4 pages=[20,21] page_match=False ev_type=table_of_contents | preview: INDEKS UNIT VALUE EKSPOR-IMPOR, AGUSTUS 2025  2. Perubahan kualitas barang  Adanya kemungkinan perubahan unit value buka",auto,auto_labeled_needs_validation
Q019,DOC04_IUV,element,10,1,"score=0.171 hits=1/4 pages=[14] page_match=False ev_type=table_of_contents | preview: DAFTAR GAMBAR  Gambar 10  Perkembangan Indeks Unit Value Ekspor Kain Kempa, Benang Khusus, dan Benang Pintal (HS 56); Ka",auto,auto_labeled_needs_validation
Q019,DOC04_IUV,element,3,1,"score=0.168 hits=1/4 pages=[5,7] page_match=False ev_type=table_of_contents | preview: Tim Penyusun Indeks Unit Value Ekspor-Impor, Agustus 2025 Volume 1, Nomor 8, 2025  Pengarah:  Sarpono  Penanggung Jawab:",auto,auto_labeled_needs_validation
Q019,DOC04_IUV,element,2,1,"score=0.165 hits=1/4 pages=[4] page_match=False ev_type=table_of_contents | preview: Indeks Unit Value Ekspor-Impor, Agustus 2025 Volume 1, Nomor 8, 2025  Katalog: 8202001 Nomor Publikasi: 06100.25038  Uku",auto,auto_labeled_needs_validation
Q019,DOC04_IUV,element,25,1,"score=0.159 hits=1/4 pages=[28] page_match=False ev_type=table_of_contents | preview: Indeks Unit Value Ekspor, Agustus 2025  Indeks unit value ekspor produk seng dan barang daripadanya (HS 79) pada Agustus",auto,auto_labeled_needs_validation
Q019,DOC04_IUV,element,28,1,"score=0.159 hits=1/4 pages=[30] page_match=False ev_type=table_of_contents | preview: Indeks Unit Value Impor, Agustus 2025  Peningkatan terbesar selanjutnya adalah serealia (HS 10) yang indeksnya mengalami",auto,auto_labeled_needs_validation
Q019,DOC04_IUV,element,35,1,"score=0.154 hits=1/4 pages=[37,38] page_match=False ev_type=table_of_contents | preview: GAMBAR-GAMBAR  19  https://www.bps.go.id  Gambar 16 Perkembangan Indeks Unit Value Impor Binatang Hidup (HS 01); Daging ",auto,auto_labeled_needs_validation
Q019,DOC04_IUV,element,36,1,"score=0.154 hits=1/4 pages=[38,39,40] page_match=False ev_type=table_of_contents | preview: INDEKS UNIT VALUE EKSPOR-IMPOR, AGUSTUS 2025  https://www.bps.go.id  Gambar 19 Perkembangan Indeks Unit Value Impor Berb",auto,auto_labeled_needs_validation
Q019,DOC04_IUV,element,41,1,"score=0.154 hits=1/4 pages=[45,46] page_match=False ev_type=table_of_contents | preview: TABEL-TABEL  27  Tabel 2 Indeks Unit Value Ekspor Menurut Kode HS 2 Digit (2023=100),  Agustus 2024–Agustus 2025",auto,auto_labeled_needs_validation
Q019,DOC04_IUV,element,12,1,"score=0.149 hits=1/4 pages=[17] page_match=False ev_type=table_of_contents | preview: INDEKS UNIT VALUE EKSPOR-IMPOR, AGUSTUS 2025 Tahun Dasar 2023  xv  Total  Total",auto,auto_labeled_needs_validation
Q019,DOC04_IUV,semantic_maxmin,5,2,"score=0.397 hits=3/4 pages=[?] page_match=False ev_type=table_of_contents | preview: Pemilihan Sampel Komoditas ……………………………………….. 3. Penghitungan Unit Value ……………………………………………... 4. Penghitungan Indeks HS 2 [PROMOTED: best candidate, no strict label-2 found]",auto,auto_labeled_promoted_needs_validation
Q019,DOC04_IUV,semantic_maxmin,28,1,"score=0.308 hits=2/4 pages=[?] page_match=False ev_type=table_of_contents | preview: 3. Penghitungan Unit Value Setelah sampel komoditas ditentukan, unit value untuk setiap produk (kode HS 8-digit) dihitun",auto,auto_labeled_needs_validation
Q019,DOC04_IUV,semantic_maxmin,25,1,"score=0.287 hits=2/4 pages=[?] page_match=False ev_type=table_of_contents | preview: II. METODOLOGI PENDAHULUAN INDEKS UNIT VALUE EKSPOR-IMPOR, AGUSTUS 2025 c. Nilai Closeness Percentage (CP) komoditas eks",auto,auto_labeled_needs_validation
Q019,DOC04_IUV,semantic_maxmin,1,1,"score=0.242 hits=1/4 pages=[?] page_match=False ev_type=table_of_contents | preview: Di samping memuat metodologi penghitungan indeks, publikasi ini juga menyajikan grafik dan tabel indeks unit value ekspo",auto,auto_labeled_needs_validation
Q019,DOC04_IUV,semantic_maxmin,9,1,"score=0.225 hits=1/4 pages=[?] page_match=False ev_type=table_of_contents | preview: DAFTAR TABEL Halaman Gambar 1 Infografis Indeks Unit Value Ekspor-Impor (2023=100), Agustus xv Gambar 2 Perkembangan Ind",auto,auto_labeled_needs_validation
Q019,DOC04_IUV,semantic_maxmin,27,1,"score=0.202 hits=1/4 pages=[?] page_match=False ev_type=table_of_contents | preview: Termasuk didalamnya kelompok HS 47, 71, 75, dan 84 yang dimasukkan kedalam sampel. Meskipun share nilai sampel yang mewa",auto,auto_labeled_needs_validation
Q019,DOC04_IUV,semantic_maxmin,19,1,score=0.198 hits=1/4 pages=[?] page_match=False ev_type=table_of_contents | preview: Pada dasarnya teknik yang digunakan dalam penghitungan indeks unit value ekspor-impor pada publikasi ini adalah teknik y,auto,auto_labeled_needs_validation
Q019,DOC04_IUV,semantic_maxmin,10,1,"score=0.197 hits=1/4 pages=[?] page_match=False ev_type=table_of_contents | preview: nilai tukar perdagangan (terms of trade), yaitu dengan membandingkan perkembangan indeks harga ekspor dan impor. Unit va",auto,auto_labeled_needs_validation
Q019,DOC04_IUV,semantic_maxmin,24,1,score=0.192 hits=1/4 pages=[?] page_match=False ev_type=table_of_contents | preview: Syarat terpilihnya suatu komoditas masuk dalam sampel penghitungan indeks unit value ekspor-impor adalah sebagai berikut,auto,auto_labeled_needs_validation
Q019,DOC04_IUV,semantic_maxmin,0,1,"score=0.187 hits=1/4 pages=[?] page_match=False ev_type=table_of_contents | preview: BADAN PUSAT STATISTIK INDEKS UNIT VALUE EKSPOR-IMPOR AGUSTUS 2025 Volume 1, Nomor 8, 2025 Katalog: 8202001 Indeks Unit V",auto,auto_labeled_needs_validation
Q019,DOC04_IUV,semantic_maxmin,22,1,score=0.187 hits=1/4 pages=[?] page_match=False ev_type=table_of_contents | preview: Saat ini tahun dasar yang digunakan untuk penghitungan indeks unit value adalah tahun 2023. 2.,auto,auto_labeled_needs_validation
Q019,DOC04_IUV,semantic_maxmin,8,1,score=0.181 hits=1/4 pages=[?] page_match=False ev_type=table_of_contents | preview: GAMBAR-GAMBAR ………………………………………………………… V. TABEL-TABEL ……………………………………………………………….. DAFTAR PUSTAKA ……………………………………………………………...,auto,auto_labeled_needs_validation
Q019,DOC04_IUV,semantic_maxmin,15,1,score=0.181 hits=1/4 pages=[?] page_match=False ev_type=table_of_contents | preview: Dengan demikian unit value yang digunakan dalam penghitungan indeks unit value ekspor-impor merupakan pendekatan yaitu n,auto,auto_labeled_needs_validation
Q019,DOC04_IUV,semantic_maxmin,11,1,score=0.176 hits=1/4 pages=[?] page_match=False ev_type=table_of_contents | preview: Sumber data yang digunakan dalam penghitungan indeks unit value berasal dari hasil kompilasi statistik yang dilakukan Ba,auto,auto_labeled_needs_validation
Q019,DOC04_IUV,semantic_maxmin,41,1,"score=0.176 hits=1/4 pages=[?] page_match=False ev_type=table_of_contents | preview: Nilai tersebut turun 10,96 poin dibandingkan Juli 2025, dan turun 13,38 poin jika dibandingkan Agustus 2024. RINGKASAN H",auto,auto_labeled_needs_validation
Q019,DOC04_IUV,semantic_maxmin,16,1,score=0.175 hits=1/4 pages=[?] page_match=False ev_type=table_of_contents | preview: indeks unit value total ekspor dan impor; (b). indeks unit value ekspor dan impor menurut kelompok migas dan nonmigas. K,auto,auto_labeled_needs_validation
Q019,DOC04_IUV,semantic_maxmin,26,1,score=0.175 hits=1/4 pages=[?] page_match=False ev_type=table_of_contents | preview: b. Jumlah komoditas HS 8-digit dalam suatu kelompok/subkelompok komoditas minimal ada 4 komoditas. Sehubungan dengan ada,auto,auto_labeled_needs_validation
Q019,DOC04_IUV,semantic_maxmin,4,1,score=0.171 hits=1/4 pages=[?] page_match=False ev_type=table_of_contents | preview: vii DAFTAR TABEL………………………………………………………………….. ix DAFTAR GAMBAR……………………………………………………... xi INFOGRAFIS……………………………………………………………,auto,auto_labeled_needs_validation
Q019,DOC04_IUV,semantic_maxmin,6,1,"score=0.165 hits=1/4 pages=[?] page_match=False ev_type=table_of_contents | preview: RINGKASAN HASIL PENGHITUNGAN INDEKS UNIT VALUE ………... 1. Indeks Unit Value Ekspor, Agustus 2025 …………………………….",auto,auto_labeled_needs_validation
Q019,DOC04_IUV,semantic_maxmin,32,1,score=0.165 hits=1/4 pages=[?] page_match=False ev_type=table_of_contents | preview: RINGKASAN HASIL PENGHITUNGAN INDEKS UNIT VALUE III. RINGKASAN HASIL PENGHITUNGAN INDEKS UNIT VALUE 1.,auto,auto_labeled_needs_validation
Q019,DOC04_IUV,semantic_maxmin,30,1,"score=0.164 hits=1/4 pages=[?] page_match=False ev_type=table_of_contents | preview: Selain itu, perubahan indeks unit value pada suatu komoditas dengan kode HS 8-digit yang sama juga dapat berasal dari pe",auto,auto_labeled_needs_validation
Q019,DOC04_IUV,semantic_maxmin,17,1,"score=0.159 hits=1/4 pages=[?] page_match=False ev_type=table_of_contents | preview: Dalam penyusunan indeks unit value ekspor-impor terdapat beberapa isu yang menjadi perhatian, yaitu: 1. Heterogenitas Wa",auto,auto_labeled_needs_validation
Q019,DOC04_IUV,semantic_maxmin,29,1,score=0.159 hits=1/4 pages=[?] page_match=False ev_type=table_of_contents | preview: Sehingga komoditas yang masuk dalam kategori HS 8-digit dapat merupakan gabungan dari beberapa barang sejenis yang bisa ,auto,auto_labeled_needs_validation
Q019,DOC04_IUV,semantic_maxmin,36,1,"score=0.159 hits=1/4 pages=[?] page_match=False ev_type=table_of_contents | preview: Pada Agustus 2025, komoditas ekspor nonmigas yang mencatat kenaikan tertinggi dalam indeks unit value dibandingkan Juli ",auto,auto_labeled_needs_validation
Q019,DOC04_IUV,semantic_maxmin,46,1,score=0.159 hits=1/4 pages=[?] page_match=False ev_type=table_of_contents | preview: Kelompok komoditas nonmigas yang indeksnya mengalami peningkatan tertinggi pada Agustus 2025 dibandingkan dengan Juli 20,auto,auto_labeled_needs_validation
Q019,DOC04_IUV,recursive,3,2,score=0.568 hits=4/4 pages=[?] page_match=False ev_type=table_of_contents | preview: vii DAFTAR TABEL………………………………………………………………….. ix DAFTAR GAMBAR……………………………………………………... xi INFOGRAFIS……………………………………………………………,auto,auto_labeled_needs_validation
Q019,DOC04_IUV,recursive,19,2,score=0.423 hits=3/4 pages=[?] page_match=False ev_type=table_of_contents | preview: menghitung banyaknya observasi unit value setiap kelompok barang. Penjelasan lebih rinci dari langkah-langkah teknis yan,auto,auto_labeled_needs_validation
Q019,DOC04_IUV,recursive,22,1,"score=0.368 hits=2/4 pages=[?] page_match=False ev_type=table_of_contents | preview: METODOLOGI Sementara itu, hasil dari tahapan pemilihan sampel komoditas impor: a. Jumlah komoditas menurut HS 8-digit ya",auto,auto_labeled_needs_validation
Q019,DOC04_IUV,recursive,18,1,"score=0.340 hits=2/4 pages=[?] page_match=False ev_type=table_of_contents | preview: INDEKS UNIT VALUE EKSPOR-IMPOR, AGUSTUS 2025 2. Perubahan kualitas barang Adanya kemungkinan perubahan unit value bukan ",auto,auto_labeled_needs_validation
Q019,DOC04_IUV,recursive,20,1,score=0.330 hits=2/4 pages=[?] page_match=False ev_type=table_of_contents | preview: Syarat terpilihnya suatu komoditas masuk dalam sampel penghitungan indeks unit value ekspor-impor adalah sebagai berikut,auto,auto_labeled_needs_validation
Q019,DOC04_IUV,recursive,1,1,score=0.257 hits=1/4 pages=[?] page_match=False ev_type=table_of_contents | preview: Mardiah Realita Eschachasthi Resti Denni Puspa Mira Restu Rahmat Sood Penata Letak: Seta Baehera Indeks Unit Value Ekspo,auto,auto_labeled_needs_validation
Q019,DOC04_IUV,recursive,14,1,"score=0.202 hits=1/4 pages=[?] page_match=False ev_type=table_of_contents | preview: Bruto (PDB) atas dasar harga konstan, terutama untuk komponen ekspor- impor dalam struktur PDB pengeluaran, dan (b). nil",auto,auto_labeled_needs_validation
Q019,DOC04_IUV,recursive,23,1,score=0.202 hits=1/4 pages=[?] page_match=False ev_type=table_of_contents | preview: (kode HS 8-digit) dihitung dengan membagi nilai dengan volume untuk setiap bulannya. 4. Penghitungan Indeks HS 2-Digit F,auto,auto_labeled_needs_validation
Q019,DOC04_IUV,recursive,25,1,"score=0.202 hits=1/4 pages=[?] page_match=False ev_type=table_of_contents | preview: HS. Selain itu, perubahan indeks unit value pada suatu komoditas dengan kode HS 8-digit yang sama juga dapat berasal dar",auto,auto_labeled_needs_validation
Q019,DOC04_IUV,recursive,13,1,"score=0.197 hits=1/4 pages=[?] page_match=False ev_type=table_of_contents | preview: Indeks Unit Value Tertinggi: Wol, bulu hewan halus atau kasar (HS 51) naik menjadi 119,62, dengan lonjakan 14,81 poin m-",auto,auto_labeled_needs_validation
Q019,DOC04_IUV,recursive,16,1,"score=0.197 hits=1/4 pages=[?] page_match=False ev_type=table_of_contents | preview: Sementara itu, pengumpulan data nilai dan berat komoditas impor berasal dari dokumen Pemberitahuan Impor Barang (PIB) ke",auto,auto_labeled_needs_validation
Q019,DOC04_IUV,recursive,15,1,score=0.187 hits=1/4 pages=[?] page_match=False ev_type=table_of_contents | preview: Masuk atas Barang Impor. Sumber data yang digunakan dalam penghitungan indeks unit value berasal dari hasil kompilasi st,auto,auto_labeled_needs_validation
Q019,DOC04_IUV,recursive,4,1,"score=0.181 hits=1/4 pages=[?] page_match=False ev_type=table_of_contents | preview: (2023=100), Januari 2024–Agustus 2025 ……………………... Tabel 2 Indeks Unit Value Ekspor Menurut Kode HS 2 Digit (2023=100), A",auto,auto_labeled_needs_validation
Q019,DOC04_IUV,recursive,29,1,"score=0.181 hits=1/4 pages=[?] page_match=False ev_type=table_of_contents | preview: Agustus 2025 tercatat sebesar 90,26. Nilai tersebut turun 10,96 poin dibandingkan Juli 2025, dan turun 13,38 poin jika d",auto,auto_labeled_needs_validation
Q019,DOC04_IUV,recursive,17,1,"score=0.175 hits=1/4 pages=[?] page_match=False ev_type=table_of_contents | preview: Pada publikasi indeks unit value ekspor-impor, data yang akan disajikan adalah: (a). indeks unit value total ekspor dan ",auto,auto_labeled_needs_validation
Q019,DOC04_IUV,recursive,21,1,score=0.175 hits=1/4 pages=[?] page_match=False ev_type=table_of_contents | preview: a. Peranan nilai komoditas terpilih terhadap total nilai kelompok/subkelompok minimal 75 persen. b. Jumlah komoditas HS ,auto,auto_labeled_needs_validation
Q019,DOC04_IUV,recursive,6,1,"score=0.171 hits=1/4 pages=[?] page_match=False ev_type=table_of_contents | preview: (HS 24); Garam, Belerang, Batu, dan Semen (HS 25); Bijih Logam, Terak, dan Abu (HS 26); Bahan Bakar Mineral (HS 27); ser",auto,auto_labeled_needs_validation
Q019,DOC04_IUV,recursive,7,1,"score=0.171 hits=1/4 pages=[?] page_match=False ev_type=table_of_contents | preview: (HS 52); Filamen Buatan (HS 54); serta Serat Stapel Buatan (HS 55), Agustus 2024–Agustus 2025 xi DAFTAR GAMBAR vi xii Ha",auto,auto_labeled_needs_validation
Q019,DOC04_IUV,recursive,0,1,"score=0.165 hits=1/4 pages=[?] page_match=False ev_type=table_of_contents | preview: BADAN PUSAT STATISTIK INDEKS UNIT VALUE EKSPOR-IMPOR AGUSTUS 2025 Volume 1, Nomor 8, 2025 Katalog: 8202001 Indeks Unit V",auto,auto_labeled_needs_validation
Q019,DOC04_IUV,recursive,24,1,score=0.164 hits=1/4 pages=[?] page_match=False ev_type=table_of_contents | preview: Untuk memperoleh indeks bulanan dari keseluruhan kelompok barang maka digunakan rumus sebagai berikut: 𝐼𝑚𝑡= ෍ 𝑗 𝐼𝐹𝑗𝑚𝑡𝑤𝑗𝑚,auto,auto_labeled_needs_validation
Q019,DOC04_IUV,recursive,26,1,"score=0.164 hits=1/4 pages=[?] page_match=False ev_type=table_of_contents | preview: Pada Agustus 2025 indeks unit value ekspor tercatat sebesar 102,56. Indeks tersebut naik 0,95 poin dibandingkan Juli 202",auto,auto_labeled_needs_validation
Q019,DOC04_IUV,recursive,30,1,"score=0.164 hits=1/4 pages=[?] page_match=False ev_type=table_of_contents | preview: Untuk indeks unit value impor kelompok migas pada Agustus 2025 nilainya sebesar 86,39; mengalami peningkatan sebesar 0,3",auto,auto_labeled_needs_validation
Q019,DOC04_IUV,recursive,32,1,"score=0.164 hits=1/4 pages=[?] page_match=False ev_type=table_of_contents | preview: Indeks unit value impor instrumen musik dan bagiannya (HS 92) mengalami penurunan menjadi 84,89 atau 13,59 poin lebih re",auto,auto_labeled_needs_validation
Q019,DOC04_IUV,recursive,27,1,"score=0.159 hits=1/4 pages=[?] page_match=False ev_type=table_of_contents | preview: Indeks unit value ekspor produk berbagai makanan olahan (HS 21) pada Agustus 2025 tercatat sebesar 144,97. Angka ini men",auto,auto_labeled_needs_validation
Q019,DOC04_IUV,recursive,31,1,"score=0.159 hits=1/4 pages=[?] page_match=False ev_type=table_of_contents | preview: Agustus 2025 dan Agustus 2024, indeks unit value impor HS 51 naik 25,34 poin. PENDAHULUAN INDEKS UNIT VALUE EKSPOR-IMPOR",auto,auto_labeled_needs_validation
Q020,DOC04_IUV,element,49,2,"score=0.637 hits=5/5 pages=[48] page_match=False ev_type=table_of_contents | preview: Tabel 3 Indeks Unit Value Impor Total, Migas, dan Nonmigas (2023=100), Januari 2024–Agustus 2025  https://www.bps.go.id  [PROMOTED: best candidate, no strict label-2 found]",auto,auto_labeled_promoted_needs_validation
Q020,DOC04_IUV,element,27,1,"score=0.557 hits=4/5 pages=[29] page_match=False ev_type=table_of_contents | preview: Indeks Unit Value Impor, Agustus 2025  Pada Agustus 2025, indeks unit value impor tercatat sebesar 91,22. Jika dibanding",auto,auto_labeled_needs_validation
Q020,DOC04_IUV,element,10,1,"score=0.525 hits=4/5 pages=[14] page_match=False ev_type=table_of_contents | preview: DAFTAR GAMBAR  Gambar 10  Perkembangan Indeks Unit Value Ekspor Kain Kempa, Benang Khusus, dan Benang Pintal (HS 56); Ka",auto,auto_labeled_needs_validation
Q020,DOC04_IUV,element,4,1,"score=0.523 hits=3/5 pages=[7,9] page_match=False ev_type=table_of_contents | preview: Kata Pengantar  Dengan penuh syukur dan rasa bangga, kami umumkan terbitnya publikasi Indeks Unit Value Ekspor-Impor Agu",auto,auto_labeled_needs_validation
Q020,DOC04_IUV,element,9,1,"score=0.499 hits=3/5 pages=[13] page_match=False ev_type=table_of_contents | preview: DAFTAR GAMBAR  Halaman  Gambar 1 Infografis Indeks Unit Value Ekspor-Impor (2023=100), Agustus 2025 xv Gambar 2 Perkemba",auto,auto_labeled_needs_validation
Q020,DOC04_IUV,element,14,1,"score=0.462 hits=3/5 pages=[20] page_match=False ev_type=table_of_contents | preview: I. PENDAHULUAN  Sementara itu, pengumpulan data nilai dan berat komoditas impor berasal dari dokumen Pemberitahuan Impor",auto,auto_labeled_needs_validation
Q020,DOC04_IUV,element,19,1,"score=0.453 hits=3/5 pages=[23,24] page_match=False ev_type=table_of_contents | preview: 2. Pemilihan Sampel Komoditas  Pemilihan sampel komoditas HS 8-digit dilakukan untuk setiap kelompok/subkelompok komodit",auto,auto_labeled_needs_validation
Q020,DOC04_IUV,element,20,1,"score=0.438 hits=3/5 pages=[24,25] page_match=False ev_type=table_of_contents | preview: INDEKS UNIT VALUE EKSPOR-IMPOR, AGUSTUS 2025  PENDAHULUAN  In Pe.  Sementara itu, hasil dari tahapan pemilihan sampel ko",auto,auto_labeled_needs_validation
Q020,DOC04_IUV,element,40,1,"score=0.430 hits=3/5 pages=[45] page_match=False ev_type=table_of_contents | preview: Tabel 1 Indeks Unit Value Ekspor Total, Migas, dan Nonmigas (2023=100), Januari 2024–Agustus 2025  September  November  ",auto,auto_labeled_needs_validation
Q020,DOC04_IUV,element,28,1,"score=0.391 hits=3/5 pages=[30] page_match=False ev_type=table_of_contents | preview: Indeks Unit Value Impor, Agustus 2025  Peningkatan terbesar selanjutnya adalah serealia (HS 10) yang indeksnya mengalami",auto,auto_labeled_needs_validation
Q020,DOC04_IUV,element,24,1,"score=0.358 hits=2/5 pages=[27] page_match=False ev_type=table_of_contents | preview: Indeks Unit Value Ekspor, Agustus 2025  Selama tahun 2024, indeks unit value ekspor tercatat sebesar 96,82 atau mengalam",auto,auto_labeled_needs_validation
Q020,DOC04_IUV,element,25,1,"score=0.311 hits=2/5 pages=[28] page_match=False ev_type=table_of_contents | preview: Indeks Unit Value Ekspor, Agustus 2025  Indeks unit value ekspor produk seng dan barang daripadanya (HS 79) pada Agustus",auto,auto_labeled_needs_validation
Q020,DOC04_IUV,element,6,1,score=0.229 hits=1/5 pages=[9] page_match=False ev_type=table_of_contents | preview: https://www.bps.go.id 1. Penentuan Tahun Dasar ……………………………………………… 2. Pemilihan Sampel Komoditas ……………………………………….. 3. Pen,auto,auto_labeled_needs_validation
Q020,DOC04_IUV,element,7,1,"score=0.224 hits=0/5 pages=[9,11] page_match=True ev_type=table_of_contents | preview: DAFTAR ISI Indeks Unit Value Ekspor-Impor, Agustus 2025 Volume 1, Nomor 8, 2025  DAFTAR ISI………………………………………………………………………. ",auto,auto_labeled_needs_validation
Q020,DOC04_IUV,element,12,1,"score=0.199 hits=1/5 pages=[17] page_match=False ev_type=table_of_contents | preview: INDEKS UNIT VALUE EKSPOR-IMPOR, AGUSTUS 2025 Tahun Dasar 2023  xv  Total  Total",auto,auto_labeled_needs_validation
Q020,DOC04_IUV,element,35,1,"score=0.199 hits=1/5 pages=[37,38] page_match=False ev_type=table_of_contents | preview: GAMBAR-GAMBAR  19  https://www.bps.go.id  Gambar 16 Perkembangan Indeks Unit Value Impor Binatang Hidup (HS 01); Daging ",auto,auto_labeled_needs_validation
Q020,DOC04_IUV,element,36,1,"score=0.199 hits=1/5 pages=[38,39,40] page_match=False ev_type=table_of_contents | preview: INDEKS UNIT VALUE EKSPOR-IMPOR, AGUSTUS 2025  https://www.bps.go.id  Gambar 19 Perkembangan Indeks Unit Value Impor Berb",auto,auto_labeled_needs_validation
Q020,DOC04_IUV,element,37,1,"score=0.199 hits=1/5 pages=[40,41,42] page_match=False ev_type=table_of_contents | preview: INDEKS UNIT VALUE EKSPOR-IMPOR, AGUSTUS 2025  https://www.bps.go.id  Gambar 23 Perkembangan Indeks Unit Value Impor Fila",auto,auto_labeled_needs_validation
Q020,DOC04_IUV,element,38,1,"score=0.199 hits=1/5 pages=[42,43,45] page_match=False ev_type=table_of_contents | preview: INDEKS UNIT VALUE EKSPOR-IMPOR, AGUSTUS 2025  https://www.bps.go.id  Gambar 26 Perkembangan Indeks Unit Value Impor Berb",auto,auto_labeled_needs_validation
Q020,DOC04_IUV,element,46,1,"score=0.199 hits=1/5 pages=[47] page_match=False ev_type=table_of_contents | preview: INDEKS UNIT VALUE EKSPOR-IMPOR, AGUSTUS 2025  Total  Ekspor  INDEKS UNIT VALUE EKSPOR-IMPOR, Februari 2025",auto,auto_labeled_needs_validation
Q020,DOC04_IUV,element,48,1,"score=0.159 hits=3/5 pages=[48] page_match=False ev_type=table_of_contents [TABLE]| preview: Bulan Total Impor 2024 2025 2024 Migas 2025 Nonmigas 2024 2025 (1) (2) (3) (4) (5) (6) (7) Januari 94,47 93,38 95,22 90,",auto,auto_labeled_needs_validation
Q020,DOC04_IUV,semantic_maxmin,8,2,score=0.653 hits=5/5 pages=[?] page_match=False ev_type=table_of_contents | preview: GAMBAR-GAMBAR ………………………………………………………… V. TABEL-TABEL ……………………………………………………………….. DAFTAR PUSTAKA ……………………………………………………………...,auto,auto_labeled_needs_validation
Q020,DOC04_IUV,semantic_maxmin,9,2,"score=0.588 hits=4/5 pages=[?] page_match=False ev_type=table_of_contents | preview: DAFTAR TABEL Halaman Gambar 1 Infografis Indeks Unit Value Ekspor-Impor (2023=100), Agustus xv Gambar 2 Perkembangan Ind",auto,auto_labeled_needs_validation
Q020,DOC04_IUV,semantic_maxmin,1,2,"score=0.484 hits=3/5 pages=[?] page_match=False ev_type=table_of_contents | preview: Di samping memuat metodologi penghitungan indeks, publikasi ini juga menyajikan grafik dan tabel indeks unit value ekspo",auto,auto_labeled_needs_validation
Q020,DOC04_IUV,semantic_maxmin,49,1,"score=0.461 hits=5/5 pages=[?] page_match=False ev_type=table_of_contents [TABLE]| preview: Nilai indeks unit value impor komoditas tersebut mengalami penurunan sebesar 17,40 poin dibandingkan Agustus 2024 yang s",auto,auto_labeled_needs_validation
Q020,DOC04_IUV,semantic_maxmin,16,1,score=0.430 hits=3/5 pages=[?] page_match=False ev_type=table_of_contents | preview: indeks unit value total ekspor dan impor; (b). indeks unit value ekspor dan impor menurut kelompok migas dan nonmigas. K,auto,auto_labeled_needs_validation
Q020,DOC04_IUV,semantic_maxmin,44,1,"score=0.430 hits=3/5 pages=[?] page_match=False ev_type=table_of_contents | preview: Jika dilihat menurut jenisnya, secara month to month indeks unit value impor kelompok migas dan nonmigas sama-sama menga",auto,auto_labeled_needs_validation
Q020,DOC04_IUV,semantic_maxmin,45,1,"score=0.414 hits=3/5 pages=[?] page_match=False ev_type=table_of_contents | preview: Sementara itu, indeks unit value impor kelompok nonmigas pada Agustus 2025 sebesar 92,44; mengalami peningkatan 2,74 poi",auto,auto_labeled_needs_validation
Q020,DOC04_IUV,semantic_maxmin,46,1,score=0.391 hits=3/5 pages=[?] page_match=False ev_type=table_of_contents | preview: Kelompok komoditas nonmigas yang indeksnya mengalami peningkatan tertinggi pada Agustus 2025 dibandingkan dengan Juli 20,auto,auto_labeled_needs_validation
Q020,DOC04_IUV,semantic_maxmin,48,1,"score=0.391 hits=3/5 pages=[?] page_match=False ev_type=table_of_contents | preview: Sementara itu, kelompok komoditas nonmigas yang indeksnya mengalami penurunan terdalam pada Agustus 2025 dibandingkan de",auto,auto_labeled_needs_validation
Q020,DOC04_IUV,semantic_maxmin,27,1,"score=0.367 hits=3/5 pages=[?] page_match=False ev_type=table_of_contents | preview: Termasuk didalamnya kelompok HS 47, 71, 75, dan 84 yang dimasukkan kedalam sampel. Meskipun share nilai sampel yang mewa",auto,auto_labeled_needs_validation
Q020,DOC04_IUV,semantic_maxmin,35,1,"score=0.334 hits=2/5 pages=[?] page_match=False ev_type=table_of_contents | preview: Kemudian, jika dibandingkan Agustus 2024, indeks unit value ekspor Agustus 2025 mengalami peningkatan sebesar 1,00 poin.",auto,auto_labeled_needs_validation
Q020,DOC04_IUV,semantic_maxmin,43,1,"score=0.334 hits=2/5 pages=[?] page_match=False ev_type=table_of_contents | preview: Sementara itu, jika indeks unit value Agustus 2025 dibandingkan dengan Agustus 2024 yang sebesar 94,56 maka nilainya men",auto,auto_labeled_needs_validation
Q020,DOC04_IUV,semantic_maxmin,36,1,"score=0.287 hits=2/5 pages=[?] page_match=False ev_type=table_of_contents | preview: Pada Agustus 2025, komoditas ekspor nonmigas yang mencatat kenaikan tertinggi dalam indeks unit value dibandingkan Juli ",auto,auto_labeled_needs_validation
Q020,DOC04_IUV,semantic_maxmin,38,1,"score=0.287 hits=2/5 pages=[?] page_match=False ev_type=table_of_contents | preview: Jika dibandingkan dengan Agustus 2024, indeks unit value komoditas tersebut tercatat mengalami peningkatan 16,35 poin. I",auto,auto_labeled_needs_validation
Q020,DOC04_IUV,semantic_maxmin,26,1,score=0.263 hits=2/5 pages=[?] page_match=False ev_type=table_of_contents | preview: b. Jumlah komoditas HS 8-digit dalam suatu kelompok/subkelompok komoditas minimal ada 4 komoditas. Sehubungan dengan ada,auto,auto_labeled_needs_validation
Q020,DOC04_IUV,semantic_maxmin,25,1,"score=0.214 hits=1/5 pages=[?] page_match=False ev_type=table_of_contents | preview: II. METODOLOGI PENDAHULUAN INDEKS UNIT VALUE EKSPOR-IMPOR, AGUSTUS 2025 c. Nilai Closeness Percentage (CP) komoditas eks",auto,auto_labeled_needs_validation
Q020,DOC04_IUV,semantic_maxmin,47,1,"score=0.207 hits=1/5 pages=[?] page_match=False ev_type=table_of_contents | preview: PENDAHULUAN INDEKS UNIT VALUE EKSPOR-IMPOR, AGUSTUS 2025 Peningkatan terbesar selanjutnya adalah serealia (HS 10) yang i",auto,auto_labeled_needs_validation
Q020,DOC04_IUV,semantic_maxmin,42,1,"score=0.183 hits=1/5 pages=[?] page_match=False ev_type=table_of_contents | preview: Indeks Unit Value Impor, Agustus 2025 Pada Agustus 2025, indeks unit value impor tercatat sebesar 91,22. Jika dibandingk",auto,auto_labeled_needs_validation
Q020,DOC04_IUV,semantic_maxmin,7,1,"score=0.175 hits=1/5 pages=[?] page_match=False ev_type=table_of_contents | preview: 2. Indeks Unit Value Impor, Agustus 2025 …………………………….. IV.",auto,auto_labeled_needs_validation
Q020,DOC04_IUV,recursive,4,2,"score=0.653 hits=5/5 pages=[?] page_match=False ev_type=table_of_contents | preview: (2023=100), Januari 2024–Agustus 2025 ……………………... Tabel 2 Indeks Unit Value Ekspor Menurut Kode HS 2 Digit (2023=100), A",auto,auto_labeled_needs_validation
Q020,DOC04_IUV,recursive,3,2,score=0.573 hits=4/5 pages=[?] page_match=False ev_type=table_of_contents | preview: vii DAFTAR TABEL………………………………………………………………….. ix DAFTAR GAMBAR……………………………………………………... xi INFOGRAFIS……………………………………………………………,auto,auto_labeled_needs_validation
Q020,DOC04_IUV,recursive,29,2,"score=0.557 hits=4/5 pages=[?] page_match=False ev_type=table_of_contents | preview: Agustus 2025 tercatat sebesar 90,26. Nilai tersebut turun 10,96 poin dibandingkan Juli 2025, dan turun 13,38 poin jika d",auto,auto_labeled_needs_validation
Q020,DOC04_IUV,recursive,32,1,"score=0.518 hits=4/5 pages=[?] page_match=False ev_type=table_of_contents | preview: Indeks unit value impor instrumen musik dan bagiannya (HS 92) mengalami penurunan menjadi 84,89 atau 13,59 poin lebih re",auto,auto_labeled_needs_validation
Q020,DOC04_IUV,recursive,8,1,score=0.510 hits=4/5 pages=[?] page_match=False ev_type=table_of_contents | preview: 69); Kaca dan Barang dari Kaca (HS 70); Logam Mulia dan Perhiasan/Permata (HS 71); Besi dan Baja (HS 72); serta Tembaga ,auto,auto_labeled_needs_validation
Q020,DOC04_IUV,recursive,9,1,"score=0.510 hits=4/5 pages=[?] page_match=False ev_type=table_of_contents | preview: Gambar 15 Perkembangan Indeks Unit Value Impor Menurut Total, Migas, dan Nonmigas, Agustus 2024–Agustus 2025 Gambar 16 P",auto,auto_labeled_needs_validation
Q020,DOC04_IUV,recursive,13,1,"score=0.510 hits=4/5 pages=[?] page_match=False ev_type=table_of_contents | preview: Indeks Unit Value Tertinggi: Wol, bulu hewan halus atau kasar (HS 51) naik menjadi 119,62, dengan lonjakan 14,81 poin m-",auto,auto_labeled_needs_validation
Q020,DOC04_IUV,recursive,1,1,score=0.493 hits=3/5 pages=[?] page_match=False ev_type=table_of_contents | preview: Mardiah Realita Eschachasthi Resti Denni Puspa Mira Restu Rahmat Sood Penata Letak: Seta Baehera Indeks Unit Value Ekspo,auto,auto_labeled_needs_validation
Q020,DOC04_IUV,recursive,22,1,"score=0.477 hits=3/5 pages=[?] page_match=False ev_type=table_of_contents | preview: METODOLOGI Sementara itu, hasil dari tahapan pemilihan sampel komoditas impor: a. Jumlah komoditas menurut HS 8-digit ya",auto,auto_labeled_needs_validation
Q020,DOC04_IUV,recursive,17,1,"score=0.462 hits=3/5 pages=[?] page_match=False ev_type=table_of_contents | preview: Pada publikasi indeks unit value ekspor-impor, data yang akan disajikan adalah: (a). indeks unit value total ekspor dan ",auto,auto_labeled_needs_validation
Q020,DOC04_IUV,recursive,51,1,"score=0.437 hits=5/5 pages=[?] page_match=False ev_type=table_of_contents [TABLE]| preview: 93,45 83,52 102,13 102,44 92,99 98,79 99,31 102,30 101,80 96,29 97,16 91,48 88,24 92,48 103,32 91,97 96,59 98,07 103,97 ",auto,auto_labeled_needs_validation
Q020,DOC04_IUV,recursive,30,1,"score=0.430 hits=3/5 pages=[?] page_match=False ev_type=table_of_contents | preview: Untuk indeks unit value impor kelompok migas pada Agustus 2025 nilainya sebesar 86,39; mengalami peningkatan sebesar 0,3",auto,auto_labeled_needs_validation
Q020,DOC04_IUV,recursive,12,1,score=0.406 hits=3/5 pages=[?] page_match=False ev_type=table_of_contents | preview: Gambar 25 Perkembangan Indeks Unit Value Impor Besi dan Baja (HS 72); Tembaga dan Barang Daripadanya (HS 74); Aluminium ,auto,auto_labeled_needs_validation
Q020,DOC04_IUV,recursive,31,1,"score=0.391 hits=3/5 pages=[?] page_match=False ev_type=table_of_contents | preview: Agustus 2025 dan Agustus 2024, indeks unit value impor HS 51 naik 25,34 poin. PENDAHULUAN INDEKS UNIT VALUE EKSPOR-IMPOR",auto,auto_labeled_needs_validation
Q020,DOC04_IUV,recursive,21,1,score=0.367 hits=3/5 pages=[?] page_match=False ev_type=table_of_contents | preview: a. Peranan nilai komoditas terpilih terhadap total nilai kelompok/subkelompok minimal 75 persen. b. Jumlah komoditas HS ,auto,auto_labeled_needs_validation
Q020,DOC04_IUV,recursive,26,1,"score=0.334 hits=2/5 pages=[?] page_match=False ev_type=table_of_contents | preview: Pada Agustus 2025 indeks unit value ekspor tercatat sebesar 102,56. Indeks tersebut naik 0,95 poin dibandingkan Juli 202",auto,auto_labeled_needs_validation
Q020,DOC04_IUV,recursive,28,1,"score=0.311 hits=2/5 pages=[?] page_match=False ev_type=table_of_contents | preview: Sementara itu, penurunan terdalam indeks unit value ekspor nonmigas pada Agustus 2025 dibandingkan Juli 2025 tercatat pa",auto,auto_labeled_needs_validation
Q020,DOC04_IUV,recursive,38,1,"score=0.310 hits=4/5 pages=[?] page_match=False ev_type=table_of_contents [TABLE]| preview: 50,00 70,00 90,00 110,00 130,00 150,00 170,00 190,00 210,00 230,00 250,00 HS 69 HS 70 HS 71 HS 72 HS 74 60,00 70,00 80,0",auto,auto_labeled_needs_validation
Q020,DOC04_IUV,recursive,39,1,"score=0.310 hits=4/5 pages=[?] page_match=False ev_type=table_of_contents [TABLE]| preview: HS 92 HS 94 HS 95 HS 96 80,00 85,00 90,00 95,00 100,00 105,00 Total Migas Nonmigas INDEKS UNIT VALUE EKSPOR-IMPOR, AGUST",auto,auto_labeled_needs_validation
Q020,DOC04_IUV,recursive,52,1,"score=0.310 hits=4/5 pages=[?] page_match=False ev_type=table_of_contents [TABLE]| preview: Januari 2024–Agustus 2025 Bulan Total Impor Migas Nonmigas Januari 94,47 93,38 95,22 90,45 94,29 94,14 Februari 95,46 96",auto,auto_labeled_needs_validation
Q020,DOC04_IUV,recursive,33,1,"score=0.253 hits=3/5 pages=[?] page_match=False ev_type=table_of_contents [TABLE]| preview: GAMBAR-GAMBAR IV. GAMBAR–GAMBAR Gambar 2 Perkembangan Indeks Unit Value Ekspor Menurut Total, Migas, dan Nonmigas, Agust",auto,auto_labeled_needs_validation
Q020,DOC04_IUV,recursive,44,1,"score=0.253 hits=3/5 pages=[?] page_match=False ev_type=table_of_contents [TABLE]| preview: Penerangan (HS 94); dan Berbagai Barang Buatan Pabrik (HS 96), Agustus 2024–Agustus 2025 70,00 80,00 90,00 100,00 110,00",auto,auto_labeled_needs_validation
Q020,DOC04_IUV,recursive,20,1,score=0.246 hits=1/5 pages=[?] page_match=False ev_type=table_of_contents | preview: Syarat terpilihnya suatu komoditas masuk dalam sampel penghitungan indeks unit value ekspor-impor adalah sebagai berikut,auto,auto_labeled_needs_validation
Q020,DOC04_IUV,recursive,10,1,"score=0.199 hits=1/5 pages=[?] page_match=False ev_type=table_of_contents | preview: 17); Olahan dari Tepung (HS 19); Olahan dari Sayuran, Buah, dan Kacang (HS 20), Agustus 2024–Agustus 2025 xiii Halaman G",auto,auto_labeled_needs_validation
Q020,DOC04_IUV,recursive,11,1,"score=0.199 hits=1/5 pages=[?] page_match=False ev_type=table_of_contents | preview: 40); serta Jangat dan Kulit Mentah/Samak (HS 41), Agustus 2024–Agustus 2025 Gambar 22 Perkembangan Indeks Unit Value Imp",auto,auto_labeled_needs_validation
Q021,DOC05_LNPRT,element,6,2,"score=0.607 hits=2/3 pages=[7,8] page_match=True ev_type=paragraph | preview: KATA PENGANTAR  Publikasi Neraca Lembaga Nonprofit yang Melayani Rumah Tangga (LNPRT) Indonesia 2022–2024 merupakan publ",auto,auto_labeled_needs_validation
Q021,DOC05_LNPRT,element,33,1,score=0.442 hits=2/3 pages=[27] page_match=False ev_type=paragraph | preview: 1.2 OUTLINE  Publikasi Neraca Lembaga Nonprofit yang Melayani Rumah Tangga (LNPRT) 2022–2024 disajikan dalam tiga bab ya,auto,auto_labeled_needs_validation
Q021,DOC05_LNPRT,element,35,1,"score=0.407 hits=2/3 pages=[27] page_match=False ev_type=paragraph | preview: • PENDAHULUAN  •  Describe existence of NPI in general and NPISH specifically as a national economic actor, reason why N",auto,auto_labeled_needs_validation
Q021,DOC05_LNPRT,element,59,1,"score=0.407 hits=2/3 pages=[38] page_match=False ev_type=paragraph | preview: 2.3 PELAKU LNPRT DI INDONESIA  Jenis pelaku dalam Neraca LNPRT 2022–2024 terbagi menjadi enam, yaitu Organisasi Kemasyar",auto,auto_labeled_needs_validation
Q021,DOC05_LNPRT,element,104,1,"score=0.407 hits=2/3 pages=[73,74,75,76,77] page_match=False ev_type=paragraph | preview: BIBLIOGRAPHY  Eurostat. (2020). Essential SNA: Building The Basics. Luxembourg. United Nations. (1968). System of Nation",auto,auto_labeled_needs_validation
Q021,DOC05_LNPRT,element,112,1,"score=0.407 hits=2/3 pages=[78,79] page_match=False ev_type=paragraph | preview: BIBLIOGRAPHY  Catatan/Note:  * Angka sementara/preliminary figures ** Angka sangat sementara/very preliminary figures  5",auto,auto_labeled_needs_validation
Q021,DOC05_LNPRT,element,119,1,"score=0.407 hits=2/3 pages=[80] page_match=False ev_type=paragraph | preview: Neraca Modal dan Keuangan LNPRT Menurut Penggunaan (persen), 2022–2024  https://www.bps.go.id  Catatan/Note: Pelaku LNPR",auto,auto_labeled_needs_validation
Q021,DOC05_LNPRT,element,123,1,score=0.407 hits=2/3 pages=[82] page_match=False ev_type=paragraph | preview: Lanjutan Tabel/Continued Table 2.1  https://www.bps.go.id  Catatan/Note: Pelaku LNPRT/NPISHs Actors :  3. Organisasi Pro,auto,auto_labeled_needs_validation
Q021,DOC05_LNPRT,element,127,1,"score=0.407 hits=2/3 pages=[84] page_match=False ev_type=paragraph | preview: Lanjutan Tabel/Continued Table 2.2  https://www.bps.go.id  Total  100,00  100,00  100,00  100,00  Catatan/Note: Pelaku L",auto,auto_labeled_needs_validation
Q021,DOC05_LNPRT,element,132,1,score=0.407 hits=2/3 pages=[86] page_match=False ev_type=paragraph | preview: Lanjutan Tabel/Continued Table 2.3  https://www.bps.go.id  Catatan/Note: Pelaku LNPRT/NPISHs Actors :  1. Organisasi Kem,auto,auto_labeled_needs_validation
Q021,DOC05_LNPRT,element,138,1,score=0.407 hits=2/3 pages=[88] page_match=False ev_type=paragraph | preview: Lanjutan Tabel/Continued Table 2.4  https://www.bps.go.id  Penjumlahan neto  Net lending/borrrowing  Catatan/Note: Pelak,auto,auto_labeled_needs_validation
Q021,DOC05_LNPRT,element,143,1,score=0.407 hits=2/3 pages=[90] page_match=False ev_type=paragraph | preview: Lanjutan Tabel/Continued Table 2.5  https://www.bps.go.id  Catatan/Note: Pelaku LNPRT/NPISHs Actors :  5. Partai Politik,auto,auto_labeled_needs_validation
Q021,DOC05_LNPRT,element,149,1,score=0.407 hits=2/3 pages=[92] page_match=False ev_type=paragraph | preview: Lanjutan Tabel/Continued Table 2.6  1. Organisasi Kemasyarakatan Society Organizations 2. Organisasi Sosial Social Organ,auto,auto_labeled_needs_validation
Q021,DOC05_LNPRT,element,153,1,score=0.407 hits=2/3 pages=[94] page_match=False ev_type=paragraph | preview: Lanjutan Tabel/Continued Table 3.1  https://www.bps.go.id  Catatan/Note: Pelaku LNPRT/NPISHs Actors :  3. Organisasi Pro,auto,auto_labeled_needs_validation
Q021,DOC05_LNPRT,element,157,1,score=0.407 hits=2/3 pages=[96] page_match=False ev_type=paragraph | preview: Lanjutan Tabel/Continued Table 3.2  https://www.bps.go.id  Catatan/Note: Pelaku LNPRT/NPISHs Actors :  1. Organisasi Kem,auto,auto_labeled_needs_validation
Q021,DOC05_LNPRT,element,162,1,score=0.407 hits=2/3 pages=[98] page_match=False ev_type=paragraph | preview: Lanjutan Tabel/Continued Table 3.3  https://www.bps.go.id  Catatan/Note: Pelaku LNPRT/NPISHs Actors :  1. Organisasi Kem,auto,auto_labeled_needs_validation
Q021,DOC05_LNPRT,element,168,1,score=0.407 hits=2/3 pages=[100] page_match=False ev_type=paragraph | preview: Lanjutan Tabel/Continued Table 3.4  https://www.bps.go.id  Penjumlahan neto  Net lending/borrrowing  Catatan/Note: Pelak,auto,auto_labeled_needs_validation
Q021,DOC05_LNPRT,element,173,1,score=0.407 hits=2/3 pages=[102] page_match=False ev_type=paragraph | preview: Lanjutan Tabel/Continued Table 3.5  https://www.bps.go.id  Catatan/Note: Pelaku LNPRT/NPISHs Actors :  5. Partai Politik,auto,auto_labeled_needs_validation
Q021,DOC05_LNPRT,element,179,1,score=0.407 hits=2/3 pages=[104] page_match=False ev_type=paragraph | preview: Lanjutan Tabel/Continued Table 3.6  1. Organisasi Kemasyarakatan Society Organizations 2. Organisasi Sosial Social Organ,auto,auto_labeled_needs_validation
Q021,DOC05_LNPRT,element,183,1,score=0.407 hits=2/3 pages=[106] page_match=False ev_type=paragraph | preview: Lanjutan Tabel/Continued Table 4.1  https://www.bps.go.id  Catatan/Note: Pelaku LNPRT/NPISHs Actors :  3. Organisasi Pro,auto,auto_labeled_needs_validation
Q021,DOC05_LNPRT,element,187,1,score=0.407 hits=2/3 pages=[108] page_match=False ev_type=paragraph | preview: Lanjutan Tabel/Continued Table 4.2  https://www.bps.go.id  Catatan/Note: Pelaku LNPRT/NPISHs Actors :  1. Organisasi Kem,auto,auto_labeled_needs_validation
Q021,DOC05_LNPRT,element,192,1,score=0.407 hits=2/3 pages=[110] page_match=False ev_type=paragraph | preview: Lanjutan Tabel/Continued Table 4.3  https://www.bps.go.id  Catatan/Note: Pelaku LNPRT/NPISHs Actors :  1. Organisasi Kem,auto,auto_labeled_needs_validation
Q021,DOC05_LNPRT,element,198,1,score=0.407 hits=2/3 pages=[112] page_match=False ev_type=paragraph | preview: Lanjutan Tabel/Continued Table 4.4  https://www.bps.go.id  Penjumlahan neto  Net lending/borrrowing  Catatan/Note: Pelak,auto,auto_labeled_needs_validation
Q021,DOC05_LNPRT,element,203,1,score=0.407 hits=2/3 pages=[114] page_match=False ev_type=paragraph | preview: Lanjutan Tabel/Continued Table 4.5  https://www.bps.go.id  Catatan/Note: Pelaku LNPRT/NPISHs Actors :  5. Partai Politik,auto,auto_labeled_needs_validation
Q021,DOC05_LNPRT,element,208,1,"score=0.407 hits=2/3 pages=[116] page_match=False ev_type=paragraph | preview: Catatan/Note:  COPNI (Classification of Purposes of Nonprofit Institutions Serving Households):  7. Partai Politik, Orga",auto,auto_labeled_needs_validation
Q021,DOC05_LNPRT,semantic_maxmin,4,2,"score=0.517 hits=2/3 pages=[?] page_match=False ev_type=paragraph | preview: LNPRT merupakan salah satu pelaku ekonomi domestik, mitra pemerintah dalam penyediaan berbagai barang dan jasa secara gr",auto,auto_labeled_needs_validation
Q021,DOC05_LNPRT,semantic_maxmin,244,2,score=0.442 hits=2/3 pages=[?] page_match=False ev_type=paragraph | preview: Lembaga Keagamaan Religious Institutions Neraca Lembaga Nonprofit yang Melayani Rumah Tangga (LNPRT) 2022–2024 Nonprofit,auto,auto_labeled_needs_validation
Q021,DOC05_LNPRT,semantic_maxmin,250,2,score=0.442 hits=2/3 pages=[?] page_match=False ev_type=paragraph | preview: Rekreasi dan Kebudayaan Recreation and Culture 6. Keagamaan Religion 9. Jasa lainnya Services n.e.c Neraca Lembaga Nonpr,auto,auto_labeled_needs_validation
Q021,DOC05_LNPRT,semantic_maxmin,286,1,score=0.442 hits=2/3 pages=[?] page_match=False ev_type=paragraph | preview: Rekreasi dan Kebudayaan Recreation and Culture 6. Keagamaan Religion 9. Jasa lainnya Services n.e.c Neraca Lembaga Nonpr,auto,auto_labeled_needs_validation
Q021,DOC05_LNPRT,semantic_maxmin,322,1,score=0.442 hits=2/3 pages=[?] page_match=False ev_type=paragraph | preview: Rekreasi dan Kebudayaan Recreation and Culture 6. Keagamaan Religion 9. Jasa lainnya Services n.e.c Neraca Lembaga Nonpr,auto,auto_labeled_needs_validation
Q021,DOC05_LNPRT,semantic_maxmin,3,1,score=0.417 hits=2/3 pages=[?] page_match=False ev_type=paragraph | preview: ISSN 2476 -9118 vi v KATA PENGANTAR Publikasi Neraca Lembaga Nonprofit yang Melayani Rumah Tangga (LNPRT) Indonesia 2022,auto,auto_labeled_needs_validation
Q021,DOC05_LNPRT,semantic_maxmin,25,1,score=0.417 hits=2/3 pages=[?] page_match=False ev_type=paragraph | preview: 1.2 SISTEMATIKA PENULISAN Publikasi Neraca Lembaga Nonprofit yang Melayani Rumah Tangga (LNPRT) 2022–2024 disajikan dala,auto,auto_labeled_needs_validation
Q021,DOC05_LNPRT,semantic_maxmin,9,1,"score=0.407 hits=2/3 pages=[?] page_match=False ev_type=paragraph | preview: Jakarta, October 2025 Chief Statistician Amalia Adininggar Widyasanti, S.T., M.Si., M.Eng., Ph.D vii DAFTAR ISI/CONTENTS",auto,auto_labeled_needs_validation
Q021,DOC05_LNPRT,semantic_maxmin,256,1,score=0.407 hits=2/3 pages=[?] page_match=False ev_type=paragraph | preview: Rekreasi dan Kebudayaan Recreation and Culture 6. Keagamaan Religion 9. Jasa lainnya Services n.e.c Neraca Lembaga Nonpr,auto,auto_labeled_needs_validation
Q021,DOC05_LNPRT,semantic_maxmin,262,1,score=0.407 hits=2/3 pages=[?] page_match=False ev_type=paragraph | preview: Rekreasi dan Kebudayaan Recreation and Culture 6. Keagamaan Religion 9. Jasa lainnya Services n.e.c Neraca Lembaga Nonpr,auto,auto_labeled_needs_validation
Q021,DOC05_LNPRT,semantic_maxmin,268,1,score=0.407 hits=2/3 pages=[?] page_match=False ev_type=paragraph | preview: Rekreasi dan Kebudayaan Recreation and Culture 6. Keagamaan Religion 9. Jasa lainnya Services n.e.c Neraca Lembaga Nonpr,auto,auto_labeled_needs_validation
Q021,DOC05_LNPRT,semantic_maxmin,274,1,score=0.407 hits=2/3 pages=[?] page_match=False ev_type=paragraph | preview: Rekreasi dan Kebudayaan Recreation and Culture 6. Keagamaan Religion 9. Jasa lainnya Services n.e.c Neraca Lembaga Nonpr,auto,auto_labeled_needs_validation
Q021,DOC05_LNPRT,semantic_maxmin,280,1,score=0.407 hits=2/3 pages=[?] page_match=False ev_type=paragraph | preview: Rekreasi dan Kebudayaan Recreation and Culture 6. Keagamaan Religion 9. Jasa lainnya Services n.e.c Neraca Lembaga Nonpr,auto,auto_labeled_needs_validation
Q021,DOC05_LNPRT,semantic_maxmin,292,1,score=0.407 hits=2/3 pages=[?] page_match=False ev_type=paragraph | preview: Rekreasi dan Kebudayaan Recreation and Culture 6. Keagamaan Religion 9. Jasa lainnya Services n.e.c Neraca Lembaga Nonpr,auto,auto_labeled_needs_validation
Q021,DOC05_LNPRT,semantic_maxmin,298,1,score=0.407 hits=2/3 pages=[?] page_match=False ev_type=paragraph | preview: Rekreasi dan Kebudayaan Recreation and Culture 6. Keagamaan Religion 9. Jasa lainnya Services n.e.c Neraca Lembaga Nonpr,auto,auto_labeled_needs_validation
Q021,DOC05_LNPRT,semantic_maxmin,304,1,score=0.407 hits=2/3 pages=[?] page_match=False ev_type=paragraph | preview: Rekreasi dan Kebudayaan Recreation and Culture 6. Keagamaan Religion 9. Jasa lainnya Services n.e.c Neraca Lembaga Nonpr,auto,auto_labeled_needs_validation
Q021,DOC05_LNPRT,semantic_maxmin,310,1,score=0.407 hits=2/3 pages=[?] page_match=False ev_type=paragraph | preview: Rekreasi dan Kebudayaan Recreation and Culture 6. Keagamaan Religion 9. Jasa lainnya Services n.e.c Neraca Lembaga Nonpr,auto,auto_labeled_needs_validation
Q021,DOC05_LNPRT,semantic_maxmin,316,1,score=0.407 hits=2/3 pages=[?] page_match=False ev_type=paragraph | preview: Rekreasi dan Kebudayaan Recreation and Culture 6. Keagamaan Religion 9. Jasa lainnya Services n.e.c Neraca Lembaga Nonpr,auto,auto_labeled_needs_validation
Q021,DOC05_LNPRT,semantic_maxmin,328,1,score=0.407 hits=2/3 pages=[?] page_match=False ev_type=paragraph | preview: Rekreasi dan Kebudayaan Recreation and Culture 6. Keagamaan Religion 9. Jasa lainnya Services n.e.c Neraca Lembaga Nonpr,auto,auto_labeled_needs_validation
Q021,DOC05_LNPRT,semantic_maxmin,334,1,score=0.407 hits=2/3 pages=[?] page_match=False ev_type=paragraph | preview: Rekreasi dan Kebudayaan Recreation and Culture 6. Keagamaan Religion 9. Jasa lainnya Services n.e.c Neraca Lembaga Nonpr,auto,auto_labeled_needs_validation
Q021,DOC05_LNPRT,semantic_maxmin,340,1,score=0.407 hits=2/3 pages=[?] page_match=False ev_type=paragraph | preview: Rekreasi dan Kebudayaan Recreation and Culture 6. Keagamaan Religion 9. Jasa lainnya Services n.e.c Neraca Lembaga Nonpr,auto,auto_labeled_needs_validation
Q021,DOC05_LNPRT,semantic_maxmin,346,1,score=0.407 hits=2/3 pages=[?] page_match=False ev_type=paragraph | preview: Rekreasi dan Kebudayaan Recreation and Culture 6. Keagamaan Religion 9. Jasa lainnya Services n.e.c Neraca Lembaga Nonpr,auto,auto_labeled_needs_validation
Q021,DOC05_LNPRT,semantic_maxmin,352,1,score=0.407 hits=2/3 pages=[?] page_match=False ev_type=paragraph | preview: Rekreasi dan Kebudayaan Recreation and Culture 6. Keagamaan Religion 9. Jasa lainnya Services n.e.c Neraca Lembaga Nonpr,auto,auto_labeled_needs_validation
Q021,DOC05_LNPRT,semantic_maxmin,70,1,score=0.382 hits=2/3 pages=[?] page_match=False ev_type=paragraph | preview: Lingkungan Hidup LNPRT yang menghasilkan jasa perlindungan lingkungan serta litbang perlindungan lingkungan. 9. Jasa Lai,auto,auto_labeled_needs_validation
Q021,DOC05_LNPRT,semantic_maxmin,0,1,score=0.343 hits=1/3 pages=[?] page_match=False ev_type=paragraph | preview: Neraca Lembaga Nonprofit yang Melayani Rumah Tangga (LNPRT) 2022—2024 Nonprofit Institutions Serving Households (NPISHs),auto,auto_labeled_needs_validation
Q021,DOC05_LNPRT,recursive,3,2,"score=0.517 hits=2/3 pages=[?] page_match=False ev_type=paragraph | preview: LNPRT merupakan salah satu pelaku ekonomi domestik, mitra pemerintah dalam penyediaan berbagai barang dan jasa secara gr",auto,auto_labeled_needs_validation
Q021,DOC05_LNPRT,recursive,26,2,"score=0.487 hits=2/3 pages=[?] page_match=False ev_type=paragraph | preview: According to the System of National Accounts (SNA) 2008, NPISHs activity to provide services to society is categorized a",auto,auto_labeled_needs_validation
Q021,DOC05_LNPRT,recursive,139,2,"score=0.442 hits=2/3 pages=[?] page_match=False ev_type=paragraph | preview: 0,34 0,32 0,33 Surplus usaha Operating surplus 0,27 0,19 0,20 Total 100,00 100,00 100,00 Catatan/Note: Pelaku LNPRT/NPIS",auto,auto_labeled_needs_validation
Q021,DOC05_LNPRT,recursive,141,1,"score=0.442 hits=2/3 pages=[?] page_match=False ev_type=paragraph | preview: 2,19 1,53 1,65 Output untuk peng. akhir sendiri Output for own final use 0,91 0,65 0,69 Total 100,00 100,00 100,00 Catat",auto,auto_labeled_needs_validation
Q021,DOC05_LNPRT,recursive,153,1,"score=0.442 hits=2/3 pages=[?] page_match=False ev_type=paragraph | preview: Raga, dan Rekreasi Cultural/Sport/Recreation Organizations 6. Lembaga Keagamaan Religious Institutions Neraca Lembaga No",auto,auto_labeled_needs_validation
Q021,DOC05_LNPRT,recursive,168,1,"score=0.442 hits=2/3 pages=[?] page_match=False ev_type=paragraph | preview: Items Output nonpasar Nonmarket output 99,02 97,23 97,69 Output pasar Market output 0,65 1,86 1,55 Output untuk peng. ak",auto,auto_labeled_needs_validation
Q021,DOC05_LNPRT,recursive,180,1,"score=0.442 hits=2/3 pages=[?] page_match=False ev_type=paragraph | preview: 0,19 0,45 0,20 Total 100,00 100,00 100,00 100,00 100,00 Catatan/Note: COPNI (Classification of Purposes of Nonprofit Ins",auto,auto_labeled_needs_validation
Q021,DOC05_LNPRT,recursive,182,1,"score=0.442 hits=2/3 pages=[?] page_match=False ev_type=paragraph | preview: NPISHs Items Output nonpasar Nonmarket output 97,74 97,01 97,61 98,03 97,67 Output pasar Market output 1,60 2,11 1,69 1,",auto,auto_labeled_needs_validation
Q021,DOC05_LNPRT,recursive,195,1,score=0.442 hits=2/3 pages=[?] page_match=False ev_type=paragraph | preview: Catatan/Note: COPNI (Classification of Purposes of Nonprofit Institutions Serving Households): 1. Perumahan Housing 4. P,auto,auto_labeled_needs_validation
Q021,DOC05_LNPRT,recursive,197,1,"score=0.442 hits=2/3 pages=[?] page_match=False ev_type=paragraph | preview: 97,28 97,75 99,84 99,61 97,71 Output pasar Market output 1,73 1,43 0,10 0,33 1,46 Output untuk peng. akhir sendiri Outpu",auto,auto_labeled_needs_validation
Q021,DOC05_LNPRT,recursive,210,1,score=0.442 hits=2/3 pages=[?] page_match=False ev_type=paragraph | preview: Catatan/Note: COPNI (Classification of Purposes of Nonprofit Institutions Serving Households): 1. Perumahan Housing 4. P,auto,auto_labeled_needs_validation
Q021,DOC05_LNPRT,recursive,212,1,"score=0.442 hits=2/3 pages=[?] page_match=False ev_type=paragraph | preview: 97,19 97,61 99,89 99,65 97,69 Output pasar Market output 1,88 1,60 0,07 0,29 1,55 Output untuk peng. akhir sendiri Outpu",auto,auto_labeled_needs_validation
Q021,DOC05_LNPRT,recursive,2,1,score=0.417 hits=2/3 pages=[?] page_match=False ev_type=paragraph | preview: Amida Alviani Muntaha S.Tr.Stat. Penata Letak/Layouters: Argo Saputro SST Amida Alviani Muntaha S.Tr.Stat. Penerjemah/Tr,auto,auto_labeled_needs_validation
Q021,DOC05_LNPRT,recursive,154,1,"score=0.417 hits=2/3 pages=[?] page_match=False ev_type=paragraph | preview: Labor Union 5. Partai Politik Political Parties 2. Organisasi Sosial Social Organizations 4. Organisasi Kebudayaan, Olah",auto,auto_labeled_needs_validation
Q021,DOC05_LNPRT,recursive,7,1,score=0.407 hits=2/3 pages=[?] page_match=False ev_type=paragraph | preview: 2.3 Pelaku LNPRT di Indonesia/NPISHs Actors in Indonesia ... 16 2.4 Neraca LNPRT dalam Sistem Neraca Nasional Indonesia/,auto,auto_labeled_needs_validation
Q021,DOC05_LNPRT,recursive,27,1,"score=0.407 hits=2/3 pages=[?] page_match=False ev_type=paragraph | preview: PENDAHULUAN Menguraikan LNP secara umum dan LNPRT secara khusus sebagai pelaku ekonomi nasional, alasan dilakukan penyus",auto,auto_labeled_needs_validation
Q021,DOC05_LNPRT,recursive,28,1,score=0.407 hits=2/3 pages=[?] page_match=False ev_type=paragraph | preview: 2022–2024 is presented in three chapters systematically arranged as follows: INTRODUCTION Describe existence of NPI in g,auto,auto_labeled_needs_validation
Q021,DOC05_LNPRT,recursive,50,1,score=0.407 hits=2/3 pages=[?] page_match=False ev_type=paragraph | preview: Nonprofit Institutions Serving Households (NPISHs) Accounts 2022—2024 8. Lingkungan Hidup LNPRT yang menghasilkan jasa p,auto,auto_labeled_needs_validation
Q021,DOC05_LNPRT,recursive,131,1,"score=0.407 hits=2/3 pages=[?] page_match=False ev_type=paragraph | preview: Figure Distribution of NPISHs Gross Fixed Capital Formation Type (percent), 2024 12,78 87,18 0,03 Perlengkapan dan peral",auto,auto_labeled_needs_validation
Q021,DOC05_LNPRT,recursive,137,1,"score=0.407 hits=2/3 pages=[?] page_match=False ev_type=paragraph | preview: 79.593 100,00% 100,00% 100,00% Catatan/Note: Angka sementara/preliminary figures Angka sangat sementara/very preliminary",auto,auto_labeled_needs_validation
Q021,DOC05_LNPRT,recursive,143,1,"score=0.407 hits=2/3 pages=[?] page_match=False ev_type=paragraph | preview: Item Pelaku LNPRT/NPISHs Actors LNPRT NPISHs Items Pengeluaran konsumsi akhir Final consumption expenditure 81,97 82,75 ",auto,auto_labeled_needs_validation
Q021,DOC05_LNPRT,recursive,144,1,score=0.407 hits=2/3 pages=[?] page_match=False ev_type=paragraph | preview: Nonprofit Institutions Serving Households (NPISHs) Accounts 2022–2024 Lampiran 2.4 Struktur Neraca Penerimaan dan Pengel,auto,auto_labeled_needs_validation
Q021,DOC05_LNPRT,recursive,145,1,"score=0.407 hits=2/3 pages=[?] page_match=False ev_type=paragraph | preview: 4. Organisasi Kebudayaan, Olah Raga, dan Rekreasi Cultural/Sport/Recreation Organizations 6. Lembaga Keagamaan Religious",auto,auto_labeled_needs_validation
Q021,DOC05_LNPRT,recursive,146,1,score=0.407 hits=2/3 pages=[?] page_match=False ev_type=paragraph | preview: 6. Lembaga Keagamaan Religious Institutions Neraca Lembaga Nonprofit yang Melayani Rumah Tangga (LNPRT) 2022–2024 Nonpro,auto,auto_labeled_needs_validation
Q021,DOC05_LNPRT,recursive,148,1,"score=0.407 hits=2/3 pages=[?] page_match=False ev_type=paragraph | preview: 0,03 0,03 0,03 Penjumlahan neto Net lending/borrrowing 4,35 4,98 4,85 Total 100,00 100,00 100,00 Catatan/Note: Pelaku LN",auto,auto_labeled_needs_validation
Q022,DOC05_LNPRT,element,6,2,"score=0.767 hits=4/4 pages=[7,8] page_match=True ev_type=paragraph | preview: KATA PENGANTAR  Publikasi Neraca Lembaga Nonprofit yang Melayani Rumah Tangga (LNPRT) Indonesia 2022–2024 merupakan publ",auto,auto_labeled_needs_validation
Q022,DOC05_LNPRT,element,31,1,"score=0.419 hits=2/4 pages=[26] page_match=False ev_type=paragraph | preview: 1.1 BACKGROUND  4  bisnis maupun politik seperti organisasi kemasyarakatan, partai politik, asosiasi bisnis, dan serikat",auto,auto_labeled_needs_validation
Q022,DOC05_LNPRT,element,44,1,score=0.384 hits=2/4 pages=[34] page_match=False ev_type=paragraph | preview: 2. NPIs Engaged in Nonmarket Production  LNP yang terlibat dalam produksi nonpasar menyediakan barang/jasa bagi individu,auto,auto_labeled_needs_validation
Q022,DOC05_LNPRT,element,69,1,score=0.375 hits=2/4 pages=[42] page_match=False ev_type=paragraph | preview: 20  yang didasarkan pada prinsip ekonomi. Sistem Neraca Nasional menyediakan catatan menyeluruh dan rinci tentang aktivi,auto,auto_labeled_needs_validation
Q022,DOC05_LNPRT,element,70,1,"score=0.371 hits=2/4 pages=[43] page_match=False ev_type=paragraph | preview: 20  dan komposisi pendapatan yang diterima, serta pengeluaran atas pendapatan tersebut. Selisih antara pendapatan dan pe",auto,auto_labeled_needs_validation
Q022,DOC05_LNPRT,element,49,1,"score=0.357 hits=2/4 pages=[36] page_match=False ev_type=paragraph | preview: 14  institusi tersendiri, yaitu Lembaga Nonprofit yang Melayani Rumah Tangga (LNPRT). Jadi, LNPRT adalah entitas legal m",auto,auto_labeled_needs_validation
Q022,DOC05_LNPRT,element,97,1,"score=0.348 hits=2/4 pages=[63,64] page_match=False ev_type=paragraph | preview: 3.2 AKTIVITAS PENERIMAAN DAN PENGELUARAN  Aktivitas pengeluaran LNPRT mencakup aktivitas untuk konsumsi akhir, transfer ",auto,auto_labeled_needs_validation
Q022,DOC05_LNPRT,element,101,1,"score=0.344 hits=2/4 pages=[68,69] page_match=False ev_type=paragraph | preview: 3.3 INVESTMENT ACTIVITIES  Selain aktivitas produksi dan konsumsi, LNPRT juga melakukan aktivitas investasi. Seperti pel",auto,auto_labeled_needs_validation
Q022,DOC05_LNPRT,element,77,1,score=0.343 hits=2/4 pages=[48] page_match=False ev_type=paragraph | preview: 26  anggota atau kelompok masyarakat. Layanan tersebut disediakan secara gratis (cuma-cuma) atau dengan harga di bawah h,auto,auto_labeled_needs_validation
Q022,DOC05_LNPRT,element,32,1,"score=0.340 hits=2/4 pages=[27] page_match=False ev_type=paragraph | preview: 1.1 BACKGROUND  ekonomi lain yang telah dikenal seperti rumah tangga, pemerintah, dan korporasi.  are well known, such a",auto,auto_labeled_needs_validation
Q022,DOC05_LNPRT,element,76,1,score=0.339 hits=2/4 pages=[47] page_match=False ev_type=paragraph | preview: Production Account  Neraca produksi menggambarkan  Production account describes the  aktivitas produksi yang dilakukan L,auto,auto_labeled_needs_validation
Q022,DOC05_LNPRT,element,94,1,"score=0.339 hits=2/4 pages=[60,61] page_match=False ev_type=paragraph | preview: 3.1 AKTIVITAS PRODUKSI  38  adalah barang/jasa yang dihasilkan dari aktivitas ekonomis produktif untuk dijual dengan har",auto,auto_labeled_needs_validation
Q022,DOC05_LNPRT,element,92,1,"score=0.335 hits=2/4 pages=[57,58,59] page_match=False ev_type=paragraph | preview: Bangunan Dwelling  aa AKA bt Perlengkapan & Peralatan —J 12 78 persen TA percent MN AI Supplies & Eguipment a.n...  Biay",auto,auto_labeled_needs_validation
Q022,DOC05_LNPRT,element,40,1,"score=0.334 hits=2/4 pages=[32] page_match=False ev_type=paragraph | preview: 10  mendapatkan keuntungan finansial melalui kegiatan produktifnya, tetapi surplus yang diperoleh biasanya diinvestasika",auto,auto_labeled_needs_validation
Q022,DOC05_LNPRT,element,96,1,"score=0.330 hits=2/4 pages=[62,63] page_match=False ev_type=paragraph | preview: 40  Nilai Tambah Bruto  Gross Value Added  Konsumsi Antara  Intermediate Consumption  https://www.bps.go.id  Gambar  Gam",auto,auto_labeled_needs_validation
Q022,DOC05_LNPRT,element,75,1,score=0.326 hits=2/4 pages=[47] page_match=False ev_type=paragraph | preview: Double Entry and Imputation  Lembaga Nonprofit yang Melayani Rumah Tangga (LNPRT) adalah salah satu sektor institusi yan,auto,auto_labeled_needs_validation
Q022,DOC05_LNPRT,element,83,1,"score=0.326 hits=2/4 pages=[52,53] page_match=False ev_type=paragraph | preview: Neraca Penerimaan dan Pengeluaran  •  If one of the parties (recipient or donor) assumes that transfer received or given",auto,auto_labeled_needs_validation
Q022,DOC05_LNPRT,element,98,1,"score=0.321 hits=2/4 pages=[64,65] page_match=False ev_type=paragraph | preview: 3.2 AKTIVITAS PENERIMAAN DAN PENGELUARAN  Neraca Lembaga Nonprofit yang Melayani Rumah Tangga (LNPRT) 2022—2024 Nonprofi",auto,auto_labeled_needs_validation
Q022,DOC05_LNPRT,element,37,1,"score=0.317 hits=2/4 pages=[28,29] page_match=False ev_type=paragraph | preview: • BRIEF REVIEW  Menguraikan aktivitas LNPRT dalam agregat ekonomi makro LNPRT yang tercermin melalui neraca dan analisis",auto,auto_labeled_needs_validation
Q022,DOC05_LNPRT,element,102,1,"score=0.317 hits=2/4 pages=[70] page_match=False ev_type=paragraph | preview: 3.3 INVESTMENT ACTIVITIES  48  seragam. Tahun 2024, organisasi sosial dan organisasi kebudayaan, olahraga, dan rekreasi ",auto,auto_labeled_needs_validation
Q022,DOC05_LNPRT,element,61,1,"score=0.313 hits=2/4 pages=[38,39] page_match=False ev_type=paragraph | preview: 1. Society Organizations  These organizations are created by community members voluntarily based on similarity of functi",auto,auto_labeled_needs_validation
Q022,DOC05_LNPRT,element,119,1,"score=0.313 hits=2/4 pages=[80] page_match=False ev_type=paragraph | preview: Neraca Modal dan Keuangan LNPRT Menurut Penggunaan (persen), 2022–2024  https://www.bps.go.id  Catatan/Note: Pelaku LNPR",auto,auto_labeled_needs_validation
Q022,DOC05_LNPRT,element,123,1,score=0.313 hits=2/4 pages=[82] page_match=False ev_type=paragraph | preview: Lanjutan Tabel/Continued Table 2.1  https://www.bps.go.id  Catatan/Note: Pelaku LNPRT/NPISHs Actors :  3. Organisasi Pro,auto,auto_labeled_needs_validation
Q022,DOC05_LNPRT,element,127,1,"score=0.313 hits=2/4 pages=[84] page_match=False ev_type=paragraph | preview: Lanjutan Tabel/Continued Table 2.2  https://www.bps.go.id  Total  100,00  100,00  100,00  100,00  Catatan/Note: Pelaku L",auto,auto_labeled_needs_validation
Q022,DOC05_LNPRT,element,132,1,score=0.313 hits=2/4 pages=[86] page_match=False ev_type=paragraph | preview: Lanjutan Tabel/Continued Table 2.3  https://www.bps.go.id  Catatan/Note: Pelaku LNPRT/NPISHs Actors :  1. Organisasi Kem,auto,auto_labeled_needs_validation
Q022,DOC05_LNPRT,semantic_maxmin,4,2,"score=0.673 hits=4/4 pages=[?] page_match=False ev_type=paragraph | preview: LNPRT merupakan salah satu pelaku ekonomi domestik, mitra pemerintah dalam penyediaan berbagai barang dan jasa secara gr",auto,auto_labeled_needs_validation
Q022,DOC05_LNPRT,semantic_maxmin,9,2,"score=0.493 hits=3/4 pages=[?] page_match=False ev_type=paragraph | preview: Jakarta, October 2025 Chief Statistician Amalia Adininggar Widyasanti, S.T., M.Si., M.Eng., Ph.D vii DAFTAR ISI/CONTENTS",auto,auto_labeled_needs_validation
Q022,DOC05_LNPRT,semantic_maxmin,5,2,"score=0.471 hits=3/4 pages=[?] page_match=False ev_type=paragraph | preview: Kami berharap berbagai informasi yang tersedia dapat menjadi bahan perumusan kebijakan pemerintah, meningkatkan keterlib",auto,auto_labeled_needs_validation
Q022,DOC05_LNPRT,semantic_maxmin,19,1,score=0.374 hits=2/4 pages=[?] page_match=False ev_type=paragraph | preview: Salah satu jenis LNP adalah Lembaga Nonprofit yang Melayani Rumah Tangga (LNPRT) yaitu LNP yang tidak dikendalikan pemer,auto,auto_labeled_needs_validation
Q022,DOC05_LNPRT,semantic_maxmin,84,1,"score=0.358 hits=2/4 pages=[?] page_match=False ev_type=paragraph | preview: Pelaku ekonomi terdiri dari unit residen (rumah tangga, LNPRT, korporasi, dan pemerintah) serta unit nonresiden (luar ne",auto,auto_labeled_needs_validation
Q022,DOC05_LNPRT,semantic_maxmin,29,1,score=0.357 hits=2/4 pages=[?] page_match=False ev_type=paragraph | preview: Konsep & Definisi Concept & Definition BAB II KONSEP DAN DEFINISI Neraca Lembaga Nonprofit yang Melayani Rumah Tangga (L,auto,auto_labeled_needs_validation
Q022,DOC05_LNPRT,semantic_maxmin,54,1,score=0.357 hits=2/4 pages=[?] page_match=False ev_type=paragraph | preview: 2.2 NPIs that are not controlled by government NPIs that are engaged in nonmarket production and not controlled by gover,auto,auto_labeled_needs_validation
Q022,DOC05_LNPRT,semantic_maxmin,25,1,score=0.348 hits=2/4 pages=[?] page_match=False ev_type=paragraph | preview: 1.2 SISTEMATIKA PENULISAN Publikasi Neraca Lembaga Nonprofit yang Melayani Rumah Tangga (LNPRT) 2022–2024 disajikan dala,auto,auto_labeled_needs_validation
Q022,DOC05_LNPRT,semantic_maxmin,219,1,"score=0.344 hits=2/4 pages=[?] page_match=False ev_type=paragraph | preview: Savings created in 2024 amounted to 3,98 percent of total revenue, lower than 2023 which reached 3,04 percent. Gambar 3.",auto,auto_labeled_needs_validation
Q022,DOC05_LNPRT,semantic_maxmin,45,1,score=0.339 hits=2/4 pages=[?] page_match=False ev_type=paragraph | preview: Neraca Lembaga Nonprofit yang Melayani Rumah Tangga (LNPRT) 2022—2024 Nonprofit Institutions Serving Households (NPISHs),auto,auto_labeled_needs_validation
Q022,DOC05_LNPRT,semantic_maxmin,119,1,score=0.339 hits=2/4 pages=[?] page_match=False ev_type=paragraph | preview: Neraca Produksi Neraca produksi menggambarkan aktivitas produksi yang dilakukan LNPRT dalam menyediakan barang/jasa seca,auto,auto_labeled_needs_validation
Q022,DOC05_LNPRT,semantic_maxmin,172,1,score=0.335 hits=2/4 pages=[?] page_match=False ev_type=paragraph | preview: Transfer Modal Neto Net Capital Transfer Total Total Neraca Lembaga Nonprofit yang Melayani Rumah Tangga (LNPRT) 2022—20,auto,auto_labeled_needs_validation
Q022,DOC05_LNPRT,semantic_maxmin,181,1,score=0.334 hits=2/4 pages=[?] page_match=False ev_type=paragraph | preview: The increase in NPISH output in 2024 was driven by the election activities that boosted political party operations and T,auto,auto_labeled_needs_validation
Q022,DOC05_LNPRT,semantic_maxmin,178,1,score=0.330 hits=2/4 pages=[?] page_match=False ev_type=paragraph | preview: Market Neraca Lembaga Nonprofit yang Melayani Rumah Tangga (LNPRT) 2022—2024 Nonprofit Institutions Serving Households (,auto,auto_labeled_needs_validation
Q022,DOC05_LNPRT,semantic_maxmin,118,1,score=0.326 hits=2/4 pages=[?] page_match=False ev_type=paragraph | preview: Konsep & Definisi Concept & Definition Lembaga Nonprofit yang Melayani Rumah Tangga (LNPRT) adalah salah satu sektor ins,auto,auto_labeled_needs_validation
Q022,DOC05_LNPRT,semantic_maxmin,28,1,score=0.317 hits=2/4 pages=[?] page_match=False ev_type=paragraph | preview: Neraca Lembaga Nonprofit yang Melayani Rumah Tangga (LNPRT) 2022—2024 Nonprofit Institutions Serving Households (NPISHs),auto,auto_labeled_needs_validation
Q022,DOC05_LNPRT,semantic_maxmin,185,1,score=0.317 hits=2/4 pages=[?] page_match=False ev_type=paragraph | preview: Neraca Lembaga Nonprofit yang Melayani Rumah Tangga (LNPRT) 2022—2024 Nonprofit Institutions Serving Households (NPISHs),auto,auto_labeled_needs_validation
Q022,DOC05_LNPRT,semantic_maxmin,199,1,"score=0.317 hits=2/4 pages=[?] page_match=False ev_type=paragraph | preview: Gambar 3.3 Distribusi Jenis Penerimaan LNPRT (persen), 2022−2024 Figure Distribution of NPISHs Income Type (percent), 20",auto,auto_labeled_needs_validation
Q022,DOC05_LNPRT,semantic_maxmin,205,1,"score=0.317 hits=2/4 pages=[?] page_match=False ev_type=paragraph | preview: Selama 2022-2024, surplus usaha memiliki proporsi terkecil dari total penerimaan LNPRT dibandingkan sumber Besides comin",auto,auto_labeled_needs_validation
Q022,DOC05_LNPRT,semantic_maxmin,244,1,score=0.317 hits=2/4 pages=[?] page_match=False ev_type=paragraph | preview: Lembaga Keagamaan Religious Institutions Neraca Lembaga Nonprofit yang Melayani Rumah Tangga (LNPRT) 2022–2024 Nonprofit,auto,auto_labeled_needs_validation
Q022,DOC05_LNPRT,semantic_maxmin,147,1,score=0.308 hits=2/4 pages=[?] page_match=False ev_type=paragraph | preview: Neraca Lembaga Nonprofit yang Melayani Rumah Tangga (LNPRT) 2022—2024 Nonprofit Institutions Serving Households (NPISHs),auto,auto_labeled_needs_validation
Q022,DOC05_LNPRT,semantic_maxmin,136,1,score=0.303 hits=2/4 pages=[?] page_match=False ev_type=paragraph | preview: Neraca Lembaga Nonprofit yang Melayani Rumah Tangga (LNPRT) 2022—2024 Nonprofit Institutions Serving Households (NPISHs),auto,auto_labeled_needs_validation
Q022,DOC05_LNPRT,semantic_maxmin,77,1,score=0.299 hits=2/4 pages=[?] page_match=False ev_type=paragraph | preview: 3. Professional Organizations and Labor Union These organizations are created by members of society from the same discip,auto,auto_labeled_needs_validation
Q022,DOC05_LNPRT,semantic_maxmin,82,1,"score=0.299 hits=2/4 pages=[?] page_match=False ev_type=paragraph | preview: They consist of: places of worship, such as mosques, churches, temples; Islamic institutions, such as Lembaga Dakwah, Mo",auto,auto_labeled_needs_validation
Q022,DOC05_LNPRT,semantic_maxmin,274,1,score=0.299 hits=2/4 pages=[?] page_match=False ev_type=paragraph | preview: Rekreasi dan Kebudayaan Recreation and Culture 6. Keagamaan Religion 9. Jasa lainnya Services n.e.c Neraca Lembaga Nonpr,auto,auto_labeled_needs_validation
Q022,DOC05_LNPRT,recursive,3,2,"score=0.677 hits=4/4 pages=[?] page_match=False ev_type=paragraph | preview: LNPRT merupakan salah satu pelaku ekonomi domestik, mitra pemerintah dalam penyediaan berbagai barang dan jasa secara gr",auto,auto_labeled_needs_validation
Q022,DOC05_LNPRT,recursive,24,1,"score=0.397 hits=2/4 pages=[?] page_match=False ev_type=paragraph | preview: Pancasila. LNP merupakan lembaga formal maupun informal yang dibentuk oleh perorangan, masyarakat, pemerintah, atau kala",auto,auto_labeled_needs_validation
Q022,DOC05_LNPRT,recursive,39,1,"score=0.384 hits=2/4 pages=[?] page_match=False ev_type=paragraph | preview: Examples: Indonesian Chamber of Commerce and Industry, employers’ associations. Neraca Lembaga Nonprofit yang Melayani R",auto,auto_labeled_needs_validation
Q022,DOC05_LNPRT,recursive,26,1,"score=0.371 hits=2/4 pages=[?] page_match=False ev_type=paragraph | preview: According to the System of National Accounts (SNA) 2008, NPISHs activity to provide services to society is categorized a",auto,auto_labeled_needs_validation
Q022,DOC05_LNPRT,recursive,60,1,"score=0.371 hits=2/4 pages=[?] page_match=False ev_type=paragraph | preview: Neraca Nasional merupakan bentuk tampilan data ekonomi makro, yang menggambarkan aktivitas ekonomi yang dilakukan oleh s",auto,auto_labeled_needs_validation
Q022,DOC05_LNPRT,recursive,63,1,"score=0.366 hits=2/4 pages=[?] page_match=False ev_type=paragraph | preview: Concept & Definition dan komposisi pendapatan yang diterima, serta pengeluaran atas pendapatan tersebut. Selisih antara ",auto,auto_labeled_needs_validation
Q022,DOC05_LNPRT,recursive,45,1,score=0.357 hits=2/4 pages=[?] page_match=False ev_type=paragraph | preview: 2.2 NPIs that are not controlled by government NPIs that are engaged in nonmarket production and not controlled by gover,auto,auto_labeled_needs_validation
Q022,DOC05_LNPRT,recursive,29,1,score=0.353 hits=2/4 pages=[?] page_match=False ev_type=paragraph | preview: Describe various activities of NPISHs in macroeconomic aggregates that are reflected in the accounts and descriptive ana,auto,auto_labeled_needs_validation
Q022,DOC05_LNPRT,recursive,59,1,"score=0.348 hits=2/4 pages=[?] page_match=False ev_type=paragraph | preview: Islamic Boarding Schools, seminaries, and etc. 2.4 NERACA LNPRT DALAM SISTEM NERACA NASIONAL INDONESIA Sistem Neraca Nas",auto,auto_labeled_needs_validation
Q022,DOC05_LNPRT,recursive,66,1,score=0.348 hits=2/4 pages=[?] page_match=False ev_type=paragraph | preview: Neraca Lembaga Nonprofit yang Melayani Rumah Tangga (LNPRT) 2022—2024 Nonprofit Institutions Serving Households (NPISHs),auto,auto_labeled_needs_validation
Q022,DOC05_LNPRT,recursive,125,1,"score=0.344 hits=2/4 pages=[?] page_match=False ev_type=paragraph | preview: Distribution of NPISHs Expenditure Type (percent), 2022−2024 Persen/Percent Tahun/Year Pendapatan kepemilikan dibayar Pr",auto,auto_labeled_needs_validation
Q022,DOC05_LNPRT,recursive,79,1,score=0.343 hits=2/4 pages=[?] page_match=False ev_type=paragraph | preview: Output from production activities carried out by NPISHs are divided into three: Nonmarket output is output from activiti,auto,auto_labeled_needs_validation
Q022,DOC05_LNPRT,recursive,101,1,score=0.340 hits=2/4 pages=[?] page_match=False ev_type=paragraph | preview: Saving 5. Konsumsi Barang Modal Tetal Consumption of Fixed Capital 6. Transfer Modal Neto Net Capital Transfer Total Tot,auto,auto_labeled_needs_validation
Q022,DOC05_LNPRT,recursive,76,1,"score=0.339 hits=2/4 pages=[?] page_match=False ev_type=paragraph | preview: LNPRT digambarkan dalam Neraca Produksi, Neraca Pendapatan dan Pengeluaran, serta Neraca Modal dan Keuangan. Neraca Prod",auto,auto_labeled_needs_validation
Q022,DOC05_LNPRT,recursive,33,1,score=0.334 hits=2/4 pages=[?] page_match=False ev_type=paragraph | preview: Neraca Lembaga Nonprofit yang Melayani Rumah Tangga (LNPRT) 2022—2024 Nonprofit Institutions Serving Households (NPISHs),auto,auto_labeled_needs_validation
Q022,DOC05_LNPRT,recursive,106,1,"score=0.334 hits=2/4 pages=[?] page_match=False ev_type=paragraph | preview: During 2022-2024 NPISHs output in Indonesia reached 235.614, 268.651 and 308.689 billion rupiah. The increase in NPISH o",auto,auto_labeled_needs_validation
Q022,DOC05_LNPRT,recursive,105,1,score=0.330 hits=2/4 pages=[?] page_match=False ev_type=paragraph | preview: Market Neraca Lembaga Nonprofit yang Melayani Rumah Tangga (LNPRT) 2022—2024 Nonprofit Institutions Serving Households (,auto,auto_labeled_needs_validation
Q022,DOC05_LNPRT,recursive,75,1,"score=0.326 hits=2/4 pages=[?] page_match=False ev_type=paragraph | preview: The principle of accrual basis, because the value of desk was recorded as component of capital expenditure, despite in r",auto,auto_labeled_needs_validation
Q022,DOC05_LNPRT,recursive,119,1,score=0.326 hits=2/4 pages=[?] page_match=False ev_type=paragraph | preview: Corporation Luar Negeri Rest of The World LNPRT NPISHs Neraca Lembaga Nonprofit yang Melayani Rumah Tangga (LNPRT) 2022—,auto,auto_labeled_needs_validation
Q022,DOC05_LNPRT,recursive,115,1,"score=0.321 hits=2/4 pages=[?] page_match=False ev_type=paragraph | preview: Political parties are the largest portion of current transfer to NPISHs, namely 99,80 percent, which generally came from",auto,auto_labeled_needs_validation
Q022,DOC05_LNPRT,recursive,137,1,"score=0.321 hits=2/4 pages=[?] page_match=False ev_type=paragraph | preview: 79.593 100,00% 100,00% 100,00% Catatan/Note: Angka sementara/preliminary figures Angka sangat sementara/very preliminary",auto,auto_labeled_needs_validation
Q022,DOC05_LNPRT,recursive,6,1,"score=0.317 hits=2/4 pages=[?] page_match=False ev_type=paragraph | preview: Jakarta, October 2025 Chief Statistician Amalia Adininggar Widyasanti, S.T., M.Si., M.Eng., Ph.D vii DAFTAR ISI/CONTENTS",auto,auto_labeled_needs_validation
Q022,DOC05_LNPRT,recursive,28,1,score=0.317 hits=2/4 pages=[?] page_match=False ev_type=paragraph | preview: 2022–2024 is presented in three chapters systematically arranged as follows: INTRODUCTION Describe existence of NPI in g,auto,auto_labeled_needs_validation
Q022,DOC05_LNPRT,recursive,109,1,"score=0.317 hits=2/4 pages=[?] page_match=False ev_type=paragraph | preview: Meanwhile, in 2023 the ratio of intermediate consumption is 63,83 percent and GVA 36,17 percent. Furthermore, the propor",auto,auto_labeled_needs_validation
Q022,DOC05_LNPRT,recursive,148,1,"score=0.317 hits=2/4 pages=[?] page_match=False ev_type=paragraph | preview: 0,03 0,03 0,03 Penjumlahan neto Net lending/borrrowing 4,35 4,98 4,85 Total 100,00 100,00 100,00 Catatan/Note: Pelaku LN",auto,auto_labeled_needs_validation
Q023,DOC05_LNPRT,element,6,2,"score=0.790 hits=3/3 pages=[7,8] page_match=True ev_type=paragraph | preview: KATA PENGANTAR  Publikasi Neraca Lembaga Nonprofit yang Melayani Rumah Tangga (LNPRT) Indonesia 2022–2024 merupakan publ",auto,auto_labeled_needs_validation
Q023,DOC05_LNPRT,element,71,1,score=0.667 hits=3/3 pages=[44] page_match=False ev_type=paragraph | preview: 22  Neraca Nasional merupakan agregasi  neraca sejenis dari berbagai sektor institusi yang membentuk perekonomian sehing,auto,auto_labeled_needs_validation
Q023,DOC05_LNPRT,element,75,1,score=0.667 hits=3/3 pages=[47] page_match=False ev_type=paragraph | preview: Double Entry and Imputation  Lembaga Nonprofit yang Melayani Rumah Tangga (LNPRT) adalah salah satu sektor institusi yan,auto,auto_labeled_needs_validation
Q023,DOC05_LNPRT,element,76,1,score=0.660 hits=3/3 pages=[47] page_match=False ev_type=paragraph | preview: Production Account  Neraca produksi menggambarkan  Production account describes the  aktivitas produksi yang dilakukan L,auto,auto_labeled_needs_validation
Q023,DOC05_LNPRT,element,83,1,"score=0.519 hits=2/3 pages=[52,53] page_match=False ev_type=paragraph | preview: Neraca Penerimaan dan Pengeluaran  •  If one of the parties (recipient or donor) assumes that transfer received or given",auto,auto_labeled_needs_validation
Q023,DOC05_LNPRT,element,69,1,score=0.501 hits=2/3 pages=[42] page_match=False ev_type=paragraph | preview: 20  yang didasarkan pada prinsip ekonomi. Sistem Neraca Nasional menyediakan catatan menyeluruh dan rinci tentang aktivi,auto,auto_labeled_needs_validation
Q023,DOC05_LNPRT,element,16,1,score=0.471 hits=2/3 pages=[15] page_match=False ev_type=paragraph | preview: Lampiran Appendix Lampiran Appendix Lampiran Appendix Lampiran Appendix 1.4 1.5 1.6 2.1 Neraca Penerimaan dan Pengeluara,auto,auto_labeled_needs_validation
Q023,DOC05_LNPRT,element,70,1,"score=0.469 hits=2/3 pages=[43] page_match=False ev_type=paragraph | preview: 20  dan komposisi pendapatan yang diterima, serta pengeluaran atas pendapatan tersebut. Selisih antara pendapatan dan pe",auto,auto_labeled_needs_validation
Q023,DOC05_LNPRT,element,117,1,"score=0.438 hits=2/3 pages=[79,80] page_match=False ev_type=paragraph | preview: Neraca Modal dan Keuangan LNPRT Menurut Penggunaan (persen), 2022–2024  Catatan/Note:  * Angka sementara/preliminary fig",auto,auto_labeled_needs_validation
Q023,DOC05_LNPRT,element,87,1,score=0.360 hits=1/3 pages=[54] page_match=False ev_type=paragraph | preview: Capital and Financial Account  Neraca Modal dan Keuangan LNPRT menggambarkan aktivitas investasi yang dilakukan oleh LNP,auto,auto_labeled_needs_validation
Q023,DOC05_LNPRT,element,82,1,"score=0.353 hits=1/3 pages=[51,52] page_match=False ev_type=paragraph | preview: Neraca Penerimaan dan Pengeluaran  Income and expenditure account describes consumption activities (income and expenditu",auto,auto_labeled_needs_validation
Q023,DOC05_LNPRT,element,18,1,score=0.304 hits=1/3 pages=[16] page_match=False ev_type=paragraph | preview: Lampiran Appendix Lampiran Appendix Lampiran Appendix Lampiran Appendix Lampiran Appendix 2.2 2.3 2.4 2.5 2.6 Struktur N,auto,auto_labeled_needs_validation
Q023,DOC05_LNPRT,element,20,1,score=0.304 hits=1/3 pages=[17] page_match=False ev_type=paragraph | preview: Appendix Lampiran Appendix Lampiran Appendix Lampiran Appendix Lampiran Appendix 3.4 3.5 3.6 4.1 Structure of NPISHs Inc,auto,auto_labeled_needs_validation
Q023,DOC05_LNPRT,element,22,1,score=0.304 hits=1/3 pages=[18] page_match=False ev_type=paragraph | preview: Lampiran Appendix Lampiran Appendix Lampiran Appendix Lampiran Appendix Lampiran 4.3 4.4 4.5 4.6 Halaman Page Struktur N,auto,auto_labeled_needs_validation
Q023,DOC05_LNPRT,element,24,1,score=0.304 hits=1/3 pages=[19] page_match=False ev_type=paragraph | preview: Lampiran Appendix Lampiran Appendix Lampiran Appendix Lampiran Appendix Lampiran 5.3 5.4 5.5 5.6 Halaman Page Struktur N,auto,auto_labeled_needs_validation
Q023,DOC05_LNPRT,element,26,1,score=0.304 hits=1/3 pages=[20] page_match=False ev_type=paragraph | preview: Lampiran Appendix Lampiran Appendix Lampiran Appendix Lampiran Appendix Lampiran 6.3 6.4 6.5 6.6 Halaman Page Struktur N,auto,auto_labeled_needs_validation
Q023,DOC05_LNPRT,element,79,1,"score=0.279 hits=1/3 pages=[50,51] page_match=False ev_type=paragraph | preview: 28  Nilai tambah bruto adalah selisih antara nilai barang dan jasa yang dihasilkan lembaga dengan nilai konsumsi antara.",auto,auto_labeled_needs_validation
Q023,DOC05_LNPRT,element,15,1,"score=0.272 hits=1/3 pages=[15] page_match=False ev_type=paragraph | preview: LIST OF APPENDICES  Halaman Page  Lampiran Appendix 1.1 Neraca Produksi LNPRT Menurut Penggunaan (miliar rupiah), 2022–2",auto,auto_labeled_needs_validation
Q023,DOC05_LNPRT,element,19,1,"score=0.272 hits=1/3 pages=[16,17] page_match=False ev_type=paragraph | preview: Halaman Page  (percent), 2022 ..........................................................................................",auto,auto_labeled_needs_validation
Q023,DOC05_LNPRT,element,113,1,"score=0.272 hits=1/3 pages=[79] page_match=False ev_type=paragraph | preview: Neraca Modal dan Keuangan LNPRT Menurut Penggunaan (persen), 2022–2024  1.5 2022–2024  Appendix  Appendix  NPISHs Capita",auto,auto_labeled_needs_validation
Q023,DOC05_LNPRT,element,115,1,"score=0.272 hits=1/3 pages=[79] page_match=False ev_type=paragraph | preview: Neraca Modal dan Keuangan LNPRT Menurut Penggunaan (persen), 2022–2024  Perubahan stok  Changes in inventories  Pembentu",auto,auto_labeled_needs_validation
Q023,DOC05_LNPRT,element,119,1,"score=0.272 hits=1/3 pages=[80] page_match=False ev_type=paragraph | preview: Neraca Modal dan Keuangan LNPRT Menurut Penggunaan (persen), 2022–2024  https://www.bps.go.id  Catatan/Note: Pelaku LNPR",auto,auto_labeled_needs_validation
Q023,DOC05_LNPRT,element,121,1,"score=0.239 hits=1/3 pages=[81,82] page_match=False ev_type=paragraph | preview: Lanjutan Tabel/Continued Table 2.1  https://www.bps.go.id  Catatan/Note: Pelaku LNPRT/NPISHs Actors :  1. Organisasi Kem",auto,auto_labeled_needs_validation
Q023,DOC05_LNPRT,element,145,1,"score=0.239 hits=1/3 pages=[91,92] page_match=False ev_type=paragraph | preview: Lanjutan Tabel/Continued Table 2.6  https://www.bps.go.id  Catatan/Note: Pelaku LNPRT/NPISHs Actors :  3. Organisasi Pro",auto,auto_labeled_needs_validation
Q023,DOC05_LNPRT,element,151,1,"score=0.239 hits=1/3 pages=[93,94] page_match=False ev_type=paragraph | preview: Lanjutan Tabel/Continued Table 3.1  https://www.bps.go.id  Catatan/Note: Pelaku LNPRT/NPISHs Actors :  1. Organisasi Kem",auto,auto_labeled_needs_validation
Q023,DOC05_LNPRT,semantic_maxmin,4,2,"score=0.700 hits=3/3 pages=[?] page_match=False ev_type=paragraph | preview: LNPRT merupakan salah satu pelaku ekonomi domestik, mitra pemerintah dalam penyediaan berbagai barang dan jasa secara gr",auto,auto_labeled_needs_validation
Q023,DOC05_LNPRT,semantic_maxmin,118,2,score=0.667 hits=3/3 pages=[?] page_match=False ev_type=paragraph | preview: Konsep & Definisi Concept & Definition Lembaga Nonprofit yang Melayani Rumah Tangga (LNPRT) adalah salah satu sektor ins,auto,auto_labeled_needs_validation
Q023,DOC05_LNPRT,semantic_maxmin,95,2,score=0.652 hits=3/3 pages=[?] page_match=False ev_type=paragraph | preview: Neraca Lembaga Nonprofit yang Melayani Rumah Tangga (LNPRT) 2022—2024 Nonprofit Institutions Serving Households (NPISHs),auto,auto_labeled_needs_validation
Q023,DOC05_LNPRT,semantic_maxmin,120,1,"score=0.519 hits=2/3 pages=[?] page_match=False ev_type=paragraph | preview: Item surplus usaha akan muncul kembali dalam neraca pendapatan dan pengeluaran pada item , sedangkan konsumsi barang mod",auto,auto_labeled_needs_validation
Q023,DOC05_LNPRT,semantic_maxmin,84,1,"score=0.494 hits=2/3 pages=[?] page_match=False ev_type=paragraph | preview: Pelaku ekonomi terdiri dari unit residen (rumah tangga, LNPRT, korporasi, dan pemerintah) serta unit nonresiden (luar ne",auto,auto_labeled_needs_validation
Q023,DOC05_LNPRT,semantic_maxmin,9,1,"score=0.486 hits=2/3 pages=[?] page_match=False ev_type=paragraph | preview: Jakarta, October 2025 Chief Statistician Amalia Adininggar Widyasanti, S.T., M.Si., M.Eng., Ph.D vii DAFTAR ISI/CONTENTS",auto,auto_labeled_needs_validation
Q023,DOC05_LNPRT,semantic_maxmin,90,1,score=0.469 hits=2/3 pages=[?] page_match=False ev_type=paragraph | preview: Selisih antara pendapatan dan pengeluaran merupakan tabungan. Neraca Modal dan Keuangan merupakan bentuk tampilan data t,auto,auto_labeled_needs_validation
Q023,DOC05_LNPRT,semantic_maxmin,154,1,score=0.446 hits=2/3 pages=[?] page_match=False ev_type=paragraph | preview: Tabungan adalah selisih antara penerimaan dengan pengeluaran lembaga. Tabungan merupakan item penyeimbang neraca pendapa,auto,auto_labeled_needs_validation
Q023,DOC05_LNPRT,semantic_maxmin,163,1,score=0.345 hits=1/3 pages=[?] page_match=False ev_type=paragraph | preview: Konsumsi barang modal tetap menjadi salah satu sumber pembiayaan investasi karena merupakan bagian pendapatan yang disis,auto,auto_labeled_needs_validation
Q023,DOC05_LNPRT,semantic_maxmin,244,1,score=0.337 hits=1/3 pages=[?] page_match=False ev_type=paragraph | preview: Lembaga Keagamaan Religious Institutions Neraca Lembaga Nonprofit yang Melayani Rumah Tangga (LNPRT) 2022–2024 Nonprofit,auto,auto_labeled_needs_validation
Q023,DOC05_LNPRT,semantic_maxmin,160,1,"score=0.320 hits=1/3 pages=[?] page_match=False ev_type=paragraph | preview: Pendapatan Kepemilikan Diterima Property Income, receivable 7. Transfer Masuk Current transfer to NPISHs Total Total Ner",auto,auto_labeled_needs_validation
Q023,DOC05_LNPRT,semantic_maxmin,243,1,"score=0.303 hits=2/3 pages=[?] page_match=False ev_type=paragraph [TABLE]| preview: akhir sendiri Output for own final use 1.616 2.241 2.346 0,69% 0,83% 0,76% Total 235.614 268.651 308.689 100,00% 100,00%",auto,auto_labeled_needs_validation
Q023,DOC05_LNPRT,semantic_maxmin,119,1,score=0.295 hits=1/3 pages=[?] page_match=False ev_type=paragraph | preview: Neraca Produksi Neraca produksi menggambarkan aktivitas produksi yang dilakukan LNPRT dalam menyediakan barang/jasa seca,auto,auto_labeled_needs_validation
Q023,DOC05_LNPRT,semantic_maxmin,280,1,score=0.272 hits=1/3 pages=[?] page_match=False ev_type=paragraph | preview: Rekreasi dan Kebudayaan Recreation and Culture 6. Keagamaan Religion 9. Jasa lainnya Services n.e.c Neraca Lembaga Nonpr,auto,auto_labeled_needs_validation
Q023,DOC05_LNPRT,semantic_maxmin,316,1,score=0.272 hits=1/3 pages=[?] page_match=False ev_type=paragraph | preview: Rekreasi dan Kebudayaan Recreation and Culture 6. Keagamaan Religion 9. Jasa lainnya Services n.e.c Neraca Lembaga Nonpr,auto,auto_labeled_needs_validation
Q023,DOC05_LNPRT,semantic_maxmin,85,1,score=0.262 hits=1/3 pages=[?] page_match=False ev_type=paragraph | preview: Neraca Produksi merupakan bentuk tampilan data tentang aktivitas produksi. Neraca ini mengambarkan besaran barang dan ja,auto,auto_labeled_needs_validation
Q023,DOC05_LNPRT,semantic_maxmin,250,1,score=0.239 hits=1/3 pages=[?] page_match=False ev_type=paragraph | preview: Rekreasi dan Kebudayaan Recreation and Culture 6. Keagamaan Religion 9. Jasa lainnya Services n.e.c Neraca Lembaga Nonpr,auto,auto_labeled_needs_validation
Q023,DOC05_LNPRT,semantic_maxmin,286,1,score=0.239 hits=1/3 pages=[?] page_match=False ev_type=paragraph | preview: Rekreasi dan Kebudayaan Recreation and Culture 6. Keagamaan Religion 9. Jasa lainnya Services n.e.c Neraca Lembaga Nonpr,auto,auto_labeled_needs_validation
Q023,DOC05_LNPRT,semantic_maxmin,322,1,score=0.239 hits=1/3 pages=[?] page_match=False ev_type=paragraph | preview: Rekreasi dan Kebudayaan Recreation and Culture 6. Keagamaan Religion 9. Jasa lainnya Services n.e.c Neraca Lembaga Nonpr,auto,auto_labeled_needs_validation
Q023,DOC05_LNPRT,semantic_maxmin,219,1,"score=0.235 hits=0/3 pages=[?] page_match=False ev_type=paragraph | preview: Savings created in 2024 amounted to 3,98 percent of total revenue, lower than 2023 which reached 3,04 percent. Gambar 3.",auto,auto_labeled_needs_validation
Q023,DOC05_LNPRT,semantic_maxmin,144,1,score=0.231 hits=1/3 pages=[?] page_match=False ev_type=paragraph | preview: Pengeluaran konsumsi akhir adalah biaya yang dikeluarkan oleh lembaga untuk melakukan kegiatan pelayanan. Nilai ini seta,auto,auto_labeled_needs_validation
Q023,DOC05_LNPRT,semantic_maxmin,137,1,"score=0.199 hits=1/3 pages=[?] page_match=False ev_type=paragraph | preview: Pada neraca produksi, nilai surplus usaha berfungsi sebagai item penyeimbang. Gross value added is the difference betwee",auto,auto_labeled_needs_validation
Q023,DOC05_LNPRT,semantic_maxmin,139,1,score=0.199 hits=1/3 pages=[?] page_match=False ev_type=paragraph | preview: Konsep & Definisi Concept & Definition Tabel 2.1 Neraca Produksi Table Production Account Penggunaan Uses Sumber Resours,auto,auto_labeled_needs_validation
Q023,DOC05_LNPRT,recursive,3,2,"score=0.700 hits=3/3 pages=[?] page_match=False ev_type=paragraph | preview: LNPRT merupakan salah satu pelaku ekonomi domestik, mitra pemerintah dalam penyediaan berbagai barang dan jasa secara gr",auto,auto_labeled_needs_validation
Q023,DOC05_LNPRT,recursive,66,2,score=0.667 hits=3/3 pages=[?] page_match=False ev_type=paragraph | preview: Neraca Lembaga Nonprofit yang Melayani Rumah Tangga (LNPRT) 2022—2024 Nonprofit Institutions Serving Households (NPISHs),auto,auto_labeled_needs_validation
Q023,DOC05_LNPRT,recursive,75,2,"score=0.667 hits=3/3 pages=[?] page_match=False ev_type=paragraph | preview: The principle of accrual basis, because the value of desk was recorded as component of capital expenditure, despite in r",auto,auto_labeled_needs_validation
Q023,DOC05_LNPRT,recursive,76,1,"score=0.667 hits=3/3 pages=[?] page_match=False ev_type=paragraph | preview: LNPRT digambarkan dalam Neraca Produksi, Neraca Pendapatan dan Pengeluaran, serta Neraca Modal dan Keuangan. Neraca Prod",auto,auto_labeled_needs_validation
Q023,DOC05_LNPRT,recursive,60,1,"score=0.501 hits=2/3 pages=[?] page_match=False ev_type=paragraph | preview: Neraca Nasional merupakan bentuk tampilan data ekonomi makro, yang menggambarkan aktivitas ekonomi yang dilakukan oleh s",auto,auto_labeled_needs_validation
Q023,DOC05_LNPRT,recursive,95,1,score=0.486 hits=2/3 pages=[?] page_match=False ev_type=paragraph | preview: Transfer tak bersyarat mencakup transaksi yang tidak didasarkan kontrak perjanjian. Transfer ini dapat berupa barang mod,auto,auto_labeled_needs_validation
Q023,DOC05_LNPRT,recursive,9,1,"score=0.471 hits=2/3 pages=[?] page_match=False ev_type=paragraph | preview: Gambar 3.7 Distribusi Jenis Pembentukan Modal Tetap Bruto LNPRT, 2024 Figure Distribution of NPISHs Gross Fixed Capital ",auto,auto_labeled_needs_validation
Q023,DOC05_LNPRT,recursive,10,1,"score=0.471 hits=2/3 pages=[?] page_match=False ev_type=paragraph | preview: 2022–2024 Appendix NPISHs Income and Expenditure Account by Resources (million rupiah), 2022– 2024 ... 56 Lampiran 1.5 N",auto,auto_labeled_needs_validation
Q023,DOC05_LNPRT,recursive,63,1,"score=0.469 hits=2/3 pages=[?] page_match=False ev_type=paragraph | preview: Concept & Definition dan komposisi pendapatan yang diterima, serta pengeluaran atas pendapatan tersebut. Selisih antara ",auto,auto_labeled_needs_validation
Q023,DOC05_LNPRT,recursive,98,1,"score=0.345 hits=1/3 pages=[?] page_match=False ev_type=paragraph | preview: Bentuk investasi finansial meliputi penambahan uang tunai, menabung neto, piutang neto, dan pembelian surat berharga net",auto,auto_labeled_needs_validation
Q023,DOC05_LNPRT,recursive,97,1,"score=0.328 hits=1/3 pages=[?] page_match=False ev_type=paragraph | preview: Property Income, payable 3. Transfer Keluar Current transfer 4. Tabungan Saving 5. Surplus Usaha Operating Surplus 6. Pe",auto,auto_labeled_needs_validation
Q023,DOC05_LNPRT,recursive,7,1,score=0.320 hits=1/3 pages=[?] page_match=False ev_type=paragraph | preview: 2.3 Pelaku LNPRT di Indonesia/NPISHs Actors in Indonesia ... 16 2.4 Neraca LNPRT dalam Sistem Neraca Nasional Indonesia/,auto,auto_labeled_needs_validation
Q023,DOC05_LNPRT,recursive,11,1,"score=0.304 hits=1/3 pages=[?] page_match=False ev_type=paragraph | preview: Lampiran 2.3 Struktur Neraca Penerimaan dan Pengeluaran LNPRT Menurut Pelaku dari Sisi Penggunaan (persen), 2022 Appendi",auto,auto_labeled_needs_validation
Q023,DOC05_LNPRT,recursive,12,1,"score=0.304 hits=1/3 pages=[?] page_match=False ev_type=paragraph | preview: (percent), 2022 ... 68 Lampiran 3.1 Struktur Neraca Produksi LNPRT Menurut Pelaku dari Sisi Penggunaan (persen), 2023 Ap",auto,auto_labeled_needs_validation
Q023,DOC05_LNPRT,recursive,13,1,"score=0.304 hits=1/3 pages=[?] page_match=False ev_type=paragraph | preview: (percent), 2023 ... 76 Lampiran 3.5 Struktur Neraca Modal dan Finansial LNPRT Menurut Pelaku dari Sisi Penggunaan (perse",auto,auto_labeled_needs_validation
Q023,DOC05_LNPRT,recursive,14,1,score=0.304 hits=1/3 pages=[?] page_match=False ev_type=paragraph | preview: xvi Halaman Page Lampiran 4.3 Struktur Neraca Penerimaan dan Pengeluaran LNPRT Menurut Pelaku dari Sisi Penggunaan (pers,auto,auto_labeled_needs_validation
Q023,DOC05_LNPRT,recursive,15,1,"score=0.304 hits=1/3 pages=[?] page_match=False ev_type=paragraph | preview: (percent), 2024 ... 92 Lampiran 5.1 Struktur Neraca Produksi LNPRT Menurut COPNI dari Sisi Penggunaan (persen), 2022 App",auto,auto_labeled_needs_validation
Q023,DOC05_LNPRT,recursive,16,1,"score=0.304 hits=1/3 pages=[?] page_match=False ev_type=paragraph | preview: Side (percent), 2022 ... 100 Lampiran 5.5 Struktur Neraca Modal dan Finansial LNPRT Menurut COPNI dari Sisi Penggunaan (",auto,auto_labeled_needs_validation
Q023,DOC05_LNPRT,recursive,17,1,score=0.304 hits=1/3 pages=[?] page_match=False ev_type=paragraph | preview: ... 108 xviii Halaman Page Lampiran 6.3 Struktur Neraca Penerimaan dan Pengeluaran LNPRT Menurut COPNI dari Sisi Penggun,auto,auto_labeled_needs_validation
Q023,DOC05_LNPRT,recursive,62,1,"score=0.279 hits=1/3 pages=[?] page_match=False ev_type=paragraph | preview: and nonresident units (foreign). While, the main types of economic activities consist of production, consumption, and as",auto,auto_labeled_needs_validation
Q023,DOC05_LNPRT,recursive,18,1,"score=0.272 hits=1/3 pages=[?] page_match=False ev_type=paragraph | preview: Structure of NPISHs Income and Expenditure Account by COPNI from Resources Side (percent), 2023 ... 116 Lampiran 7.1 Str",auto,auto_labeled_needs_validation
Q023,DOC05_LNPRT,recursive,137,1,"score=0.272 hits=1/3 pages=[?] page_match=False ev_type=paragraph | preview: 79.593 100,00% 100,00% 100,00% Catatan/Note: Angka sementara/preliminary figures Angka sangat sementara/very preliminary",auto,auto_labeled_needs_validation
Q023,DOC05_LNPRT,recursive,150,1,"score=0.272 hits=1/3 pages=[?] page_match=False ev_type=paragraph | preview: Tabungan neto Saving, net 25,99 29,95 29,87 Konsumsi barang modal tetap Consumption of fixed capital 22,22 18,98 19,19 T",auto,auto_labeled_needs_validation
Q023,DOC05_LNPRT,recursive,164,1,"score=0.272 hits=1/3 pages=[?] page_match=False ev_type=paragraph | preview: 5. Partai Politik Political Parties 2. Organisasi Sosial Social Organizations 4. Organisasi Kebudayaan, Olah Raga, dan R",auto,auto_labeled_needs_validation
Q023,DOC05_LNPRT,recursive,177,1,score=0.272 hits=1/3 pages=[?] page_match=False ev_type=paragraph | preview: Organizations 6. Lembaga Keagamaan Religious Institutions Lampiran Appendix Lanjutan Tabel/Continued Table 4.6 Item Pela,auto,auto_labeled_needs_validation
Q024,DOC05_LNPRT,element,9,2,score=0.680 hits=4/4 pages=[9] page_match=True ev_type=table_of_contents | preview: https://www.bps.go.id 1.1 Latar Belakang/Background ....................................................................,auto,auto_labeled_needs_validation
Q024,DOC05_LNPRT,element,35,1,"score=0.442 hits=3/4 pages=[27] page_match=False ev_type=table_of_contents | preview: • PENDAHULUAN  •  Describe existence of NPI in general and NPISH specifically as a national economic actor, reason why N",auto,auto_labeled_needs_validation
Q024,DOC05_LNPRT,element,101,1,"score=0.209 hits=1/4 pages=[68,69] page_match=False ev_type=table_of_contents | preview: 3.3 INVESTMENT ACTIVITIES  Selain aktivitas produksi dan konsumsi, LNPRT juga melakukan aktivitas investasi. Seperti pel",auto,auto_labeled_needs_validation
Q024,DOC05_LNPRT,element,69,1,score=0.199 hits=1/4 pages=[42] page_match=False ev_type=table_of_contents | preview: 20  yang didasarkan pada prinsip ekonomi. Sistem Neraca Nasional menyediakan catatan menyeluruh dan rinci tentang aktivi,auto,auto_labeled_needs_validation
Q024,DOC05_LNPRT,element,22,1,score=0.197 hits=1/4 pages=[18] page_match=False ev_type=table_of_contents | preview: Lampiran Appendix Lampiran Appendix Lampiran Appendix Lampiran Appendix Lampiran 4.3 4.4 4.5 4.6 Halaman Page Struktur N,auto,auto_labeled_needs_validation
Q024,DOC05_LNPRT,element,205,1,"score=0.197 hits=1/4 pages=[115,116] page_match=False ev_type=table_of_contents | preview: Lanjutan Tabel/Continued Table 4.6  https://www.bps.go.id  Catatan/Note: Pelaku LNPRT/NPISHs Actors :  3. Organisasi Pro",auto,auto_labeled_needs_validation
Q024,DOC05_LNPRT,element,68,1,score=0.187 hits=1/4 pages=[41] page_match=False ev_type=table_of_contents | preview: 2.4 NERACA LNPRT DALAM SISTEM NERACA NASIONAL INDONESIA  2.4 NPISHs ACCOUNTS IN INDONESIA SYSTEM OF NATIONAL ACCOUNTS  S,auto,auto_labeled_needs_validation
Q024,DOC05_LNPRT,element,24,1,score=0.176 hits=1/4 pages=[19] page_match=False ev_type=table_of_contents | preview: Lampiran Appendix Lampiran Appendix Lampiran Appendix Lampiran Appendix Lampiran 5.3 5.4 5.5 5.6 Halaman Page Struktur N,auto,auto_labeled_needs_validation
Q024,DOC05_LNPRT,element,26,1,score=0.176 hits=1/4 pages=[20] page_match=False ev_type=table_of_contents | preview: Lampiran Appendix Lampiran Appendix Lampiran Appendix Lampiran Appendix Lampiran 6.3 6.4 6.5 6.6 Halaman Page Struktur N,auto,auto_labeled_needs_validation
Q024,DOC05_LNPRT,element,28,1,score=0.176 hits=1/4 pages=[21] page_match=False ev_type=table_of_contents | preview: Lampiran Appendix Lampiran Appendix Lampiran Appendix Lampiran Appendix 7.3 7.4 7.5 7.6 Halaman Page Struktur Neraca Pen,auto,auto_labeled_needs_validation
Q024,DOC05_LNPRT,element,50,1,"score=0.176 hits=1/4 pages=[36] page_match=False ev_type=table_of_contents | preview: 2.2 KLASIFIKASI LNPRT MENURUT COPNI  COPNI (Classification of Purposes of Nonprofit Institutions Serving Households), me",auto,auto_labeled_needs_validation
Q024,DOC05_LNPRT,element,211,1,"score=0.176 hits=1/4 pages=[117,118] page_match=False ev_type=table_of_contents | preview: Catatan/Note:  COPNI (Classification of Purposes of Nonprofit Institutions Serving Households):  7. Partai Politik, Orga",auto,auto_labeled_needs_validation
Q024,DOC05_LNPRT,element,217,1,"score=0.176 hits=1/4 pages=[119,120] page_match=False ev_type=table_of_contents | preview: Catatan/Note:  COPNI (Classification of Purposes of Nonprofit Institutions Serving Households):  7. Partai Politik, Orga",auto,auto_labeled_needs_validation
Q024,DOC05_LNPRT,element,223,1,"score=0.176 hits=1/4 pages=[121,122] page_match=False ev_type=table_of_contents | preview: Catatan/Note:  COPNI (Classification of Purposes of Nonprofit Institutions Serving Households):  7. Partai Politik, Orga",auto,auto_labeled_needs_validation
Q024,DOC05_LNPRT,element,229,1,"score=0.176 hits=1/4 pages=[123,124] page_match=False ev_type=table_of_contents | preview: Catatan/Note:  COPNI (Classification of Purposes of Nonprofit Institutions Serving Households):  7. Partai Politik, Orga",auto,auto_labeled_needs_validation
Q024,DOC05_LNPRT,element,237,1,"score=0.176 hits=1/4 pages=[125,126] page_match=False ev_type=table_of_contents | preview: Catatan/Note:  COPNI (Classification of Purposes of Nonprofit Institutions Serving Households):  7. Partai Politik, Orga",auto,auto_labeled_needs_validation
Q024,DOC05_LNPRT,element,243,1,"score=0.176 hits=1/4 pages=[127,128] page_match=False ev_type=table_of_contents | preview: Catatan/Note:  COPNI (Classification of Purposes of Nonprofit Institutions Serving Households):  7. Partai Politik, Orga",auto,auto_labeled_needs_validation
Q024,DOC05_LNPRT,element,249,1,"score=0.176 hits=1/4 pages=[129,130] page_match=False ev_type=table_of_contents | preview: Catatan/Note:  COPNI (Classification of Purposes of Nonprofit Institutions Serving Households):  7. Partai Politik, Orga",auto,auto_labeled_needs_validation
Q024,DOC05_LNPRT,element,255,1,"score=0.176 hits=1/4 pages=[131,132] page_match=False ev_type=table_of_contents | preview: Catatan/Note:  COPNI (Classification of Purposes of Nonprofit Institutions Serving Households):  7. Partai Politik, Orga",auto,auto_labeled_needs_validation
Q024,DOC05_LNPRT,element,261,1,"score=0.176 hits=1/4 pages=[133,134] page_match=False ev_type=table_of_contents | preview: Catatan/Note:  COPNI (Classification of Purposes of Nonprofit Institutions Serving Households):  7. Partai Politik, Orga",auto,auto_labeled_needs_validation
Q024,DOC05_LNPRT,element,267,1,"score=0.176 hits=1/4 pages=[135,136] page_match=False ev_type=table_of_contents | preview: Catatan/Note:  COPNI (Classification of Purposes of Nonprofit Institutions Serving Households):  7. Partai Politik, Orga",auto,auto_labeled_needs_validation
Q024,DOC05_LNPRT,element,275,1,"score=0.176 hits=1/4 pages=[137,138] page_match=False ev_type=table_of_contents | preview: Catatan/Note:  COPNI (Classification of Purposes of Nonprofit Institutions Serving Households):  7. Partai Politik, Orga",auto,auto_labeled_needs_validation
Q024,DOC05_LNPRT,element,281,1,"score=0.176 hits=1/4 pages=[139,140] page_match=False ev_type=table_of_contents | preview: Catatan/Note:  COPNI (Classification of Purposes of Nonprofit Institutions Serving Households):  7. Partai Politik, Orga",auto,auto_labeled_needs_validation
Q024,DOC05_LNPRT,element,287,1,"score=0.176 hits=1/4 pages=[141,142] page_match=False ev_type=table_of_contents | preview: Catatan/Note:  COPNI (Classification of Purposes of Nonprofit Institutions Serving Households):  7. Partai Politik, Orga",auto,auto_labeled_needs_validation
Q024,DOC05_LNPRT,semantic_maxmin,9,2,"score=0.663 hits=4/4 pages=[?] page_match=False ev_type=table_of_contents | preview: Jakarta, October 2025 Chief Statistician Amalia Adininggar Widyasanti, S.T., M.Si., M.Eng., Ph.D vii DAFTAR ISI/CONTENTS",auto,auto_labeled_needs_validation
Q024,DOC05_LNPRT,semantic_maxmin,25,2,score=0.484 hits=3/4 pages=[?] page_match=False ev_type=table_of_contents | preview: 1.2 SISTEMATIKA PENULISAN Publikasi Neraca Lembaga Nonprofit yang Melayani Rumah Tangga (LNPRT) 2022–2024 disajikan dala,auto,auto_labeled_needs_validation
Q024,DOC05_LNPRT,semantic_maxmin,29,1,score=0.218 hits=1/4 pages=[?] page_match=False ev_type=table_of_contents | preview: Konsep & Definisi Concept & Definition BAB II KONSEP DAN DEFINISI Neraca Lembaga Nonprofit yang Melayani Rumah Tangga (L,auto,auto_labeled_needs_validation
Q024,DOC05_LNPRT,semantic_maxmin,244,1,score=0.197 hits=1/4 pages=[?] page_match=False ev_type=table_of_contents | preview: Lembaga Keagamaan Religious Institutions Neraca Lembaga Nonprofit yang Melayani Rumah Tangga (LNPRT) 2022–2024 Nonprofit,auto,auto_labeled_needs_validation
Q024,DOC05_LNPRT,semantic_maxmin,83,1,score=0.187 hits=1/4 pages=[?] page_match=False ev_type=table_of_contents | preview: Sistem Neraca Nasional menyediakan catatan menyeluruh dan rinci tentang aktivitas ekonomi yang kompleks dan berlangsung ,auto,auto_labeled_needs_validation
Q024,DOC05_LNPRT,semantic_maxmin,84,1,"score=0.187 hits=1/4 pages=[?] page_match=False ev_type=table_of_contents | preview: Pelaku ekonomi terdiri dari unit residen (rumah tangga, LNPRT, korporasi, dan pemerintah) serta unit nonresiden (luar ne",auto,auto_labeled_needs_validation
Q024,DOC05_LNPRT,semantic_maxmin,55,1,"score=0.181 hits=1/4 pages=[?] page_match=False ev_type=table_of_contents | preview: Contoh: partai politik, Ikatan Dokter Indonesia (IDI), dan Wahana Lingkungan Hidup Indonesia (Walhi). 2.2 KLASIFIKASI LN",auto,auto_labeled_needs_validation
Q024,DOC05_LNPRT,semantic_maxmin,250,1,score=0.176 hits=1/4 pages=[?] page_match=False ev_type=table_of_contents | preview: Rekreasi dan Kebudayaan Recreation and Culture 6. Keagamaan Religion 9. Jasa lainnya Services n.e.c Neraca Lembaga Nonpr,auto,auto_labeled_needs_validation
Q024,DOC05_LNPRT,semantic_maxmin,256,1,score=0.176 hits=1/4 pages=[?] page_match=False ev_type=table_of_contents | preview: Rekreasi dan Kebudayaan Recreation and Culture 6. Keagamaan Religion 9. Jasa lainnya Services n.e.c Neraca Lembaga Nonpr,auto,auto_labeled_needs_validation
Q024,DOC05_LNPRT,semantic_maxmin,262,1,score=0.176 hits=1/4 pages=[?] page_match=False ev_type=table_of_contents | preview: Rekreasi dan Kebudayaan Recreation and Culture 6. Keagamaan Religion 9. Jasa lainnya Services n.e.c Neraca Lembaga Nonpr,auto,auto_labeled_needs_validation
Q024,DOC05_LNPRT,semantic_maxmin,268,1,score=0.176 hits=1/4 pages=[?] page_match=False ev_type=table_of_contents | preview: Rekreasi dan Kebudayaan Recreation and Culture 6. Keagamaan Religion 9. Jasa lainnya Services n.e.c Neraca Lembaga Nonpr,auto,auto_labeled_needs_validation
Q024,DOC05_LNPRT,semantic_maxmin,274,1,score=0.176 hits=1/4 pages=[?] page_match=False ev_type=table_of_contents | preview: Rekreasi dan Kebudayaan Recreation and Culture 6. Keagamaan Religion 9. Jasa lainnya Services n.e.c Neraca Lembaga Nonpr,auto,auto_labeled_needs_validation
Q024,DOC05_LNPRT,semantic_maxmin,280,1,score=0.176 hits=1/4 pages=[?] page_match=False ev_type=table_of_contents | preview: Rekreasi dan Kebudayaan Recreation and Culture 6. Keagamaan Religion 9. Jasa lainnya Services n.e.c Neraca Lembaga Nonpr,auto,auto_labeled_needs_validation
Q024,DOC05_LNPRT,semantic_maxmin,286,1,score=0.176 hits=1/4 pages=[?] page_match=False ev_type=table_of_contents | preview: Rekreasi dan Kebudayaan Recreation and Culture 6. Keagamaan Religion 9. Jasa lainnya Services n.e.c Neraca Lembaga Nonpr,auto,auto_labeled_needs_validation
Q024,DOC05_LNPRT,semantic_maxmin,292,1,score=0.176 hits=1/4 pages=[?] page_match=False ev_type=table_of_contents | preview: Rekreasi dan Kebudayaan Recreation and Culture 6. Keagamaan Religion 9. Jasa lainnya Services n.e.c Neraca Lembaga Nonpr,auto,auto_labeled_needs_validation
Q024,DOC05_LNPRT,semantic_maxmin,298,1,score=0.176 hits=1/4 pages=[?] page_match=False ev_type=table_of_contents | preview: Rekreasi dan Kebudayaan Recreation and Culture 6. Keagamaan Religion 9. Jasa lainnya Services n.e.c Neraca Lembaga Nonpr,auto,auto_labeled_needs_validation
Q024,DOC05_LNPRT,semantic_maxmin,304,1,score=0.176 hits=1/4 pages=[?] page_match=False ev_type=table_of_contents | preview: Rekreasi dan Kebudayaan Recreation and Culture 6. Keagamaan Religion 9. Jasa lainnya Services n.e.c Neraca Lembaga Nonpr,auto,auto_labeled_needs_validation
Q024,DOC05_LNPRT,semantic_maxmin,310,1,score=0.176 hits=1/4 pages=[?] page_match=False ev_type=table_of_contents | preview: Rekreasi dan Kebudayaan Recreation and Culture 6. Keagamaan Religion 9. Jasa lainnya Services n.e.c Neraca Lembaga Nonpr,auto,auto_labeled_needs_validation
Q024,DOC05_LNPRT,semantic_maxmin,316,1,score=0.176 hits=1/4 pages=[?] page_match=False ev_type=table_of_contents | preview: Rekreasi dan Kebudayaan Recreation and Culture 6. Keagamaan Religion 9. Jasa lainnya Services n.e.c Neraca Lembaga Nonpr,auto,auto_labeled_needs_validation
Q024,DOC05_LNPRT,semantic_maxmin,322,1,score=0.176 hits=1/4 pages=[?] page_match=False ev_type=table_of_contents | preview: Rekreasi dan Kebudayaan Recreation and Culture 6. Keagamaan Religion 9. Jasa lainnya Services n.e.c Neraca Lembaga Nonpr,auto,auto_labeled_needs_validation
Q024,DOC05_LNPRT,semantic_maxmin,328,1,score=0.176 hits=1/4 pages=[?] page_match=False ev_type=table_of_contents | preview: Rekreasi dan Kebudayaan Recreation and Culture 6. Keagamaan Religion 9. Jasa lainnya Services n.e.c Neraca Lembaga Nonpr,auto,auto_labeled_needs_validation
Q024,DOC05_LNPRT,semantic_maxmin,334,1,score=0.176 hits=1/4 pages=[?] page_match=False ev_type=table_of_contents | preview: Rekreasi dan Kebudayaan Recreation and Culture 6. Keagamaan Religion 9. Jasa lainnya Services n.e.c Neraca Lembaga Nonpr,auto,auto_labeled_needs_validation
Q024,DOC05_LNPRT,semantic_maxmin,340,1,score=0.176 hits=1/4 pages=[?] page_match=False ev_type=table_of_contents | preview: Rekreasi dan Kebudayaan Recreation and Culture 6. Keagamaan Religion 9. Jasa lainnya Services n.e.c Neraca Lembaga Nonpr,auto,auto_labeled_needs_validation
Q024,DOC05_LNPRT,semantic_maxmin,346,1,score=0.176 hits=1/4 pages=[?] page_match=False ev_type=table_of_contents | preview: Rekreasi dan Kebudayaan Recreation and Culture 6. Keagamaan Religion 9. Jasa lainnya Services n.e.c Neraca Lembaga Nonpr,auto,auto_labeled_needs_validation
Q024,DOC05_LNPRT,semantic_maxmin,82,1,"score=0.166 hits=1/4 pages=[?] page_match=False ev_type=table_of_contents | preview: They consist of: places of worship, such as mosques, churches, temples; Islamic institutions, such as Lembaga Dakwah, Mo",auto,auto_labeled_needs_validation
Q024,DOC05_LNPRT,recursive,6,2,"score=0.521 hits=3/4 pages=[?] page_match=False ev_type=table_of_contents | preview: Jakarta, October 2025 Chief Statistician Amalia Adininggar Widyasanti, S.T., M.Si., M.Eng., Ph.D vii DAFTAR ISI/CONTENTS",auto,auto_labeled_needs_validation
Q024,DOC05_LNPRT,recursive,27,2,"score=0.463 hits=3/4 pages=[?] page_match=False ev_type=table_of_contents | preview: PENDAHULUAN Menguraikan LNP secara umum dan LNPRT secara khusus sebagai pelaku ekonomi nasional, alasan dilakukan penyus",auto,auto_labeled_needs_validation
Q024,DOC05_LNPRT,recursive,7,1,score=0.336 hits=2/4 pages=[?] page_match=False ev_type=table_of_contents | preview: 2.3 Pelaku LNPRT di Indonesia/NPISHs Actors in Indonesia ... 16 2.4 Neraca LNPRT dalam Sistem Neraca Nasional Indonesia/,auto,auto_labeled_needs_validation
Q024,DOC05_LNPRT,recursive,29,1,score=0.218 hits=1/4 pages=[?] page_match=False ev_type=table_of_contents | preview: Describe various activities of NPISHs in macroeconomic aggregates that are reflected in the accounts and descriptive ana,auto,auto_labeled_needs_validation
Q024,DOC05_LNPRT,recursive,59,1,"score=0.214 hits=1/4 pages=[?] page_match=False ev_type=table_of_contents | preview: Islamic Boarding Schools, seminaries, and etc. 2.4 NERACA LNPRT DALAM SISTEM NERACA NASIONAL INDONESIA Sistem Neraca Nas",auto,auto_labeled_needs_validation
Q024,DOC05_LNPRT,recursive,45,1,score=0.203 hits=1/4 pages=[?] page_match=False ev_type=table_of_contents | preview: 2.2 NPIs that are not controlled by government NPIs that are engaged in nonmarket production and not controlled by gover,auto,auto_labeled_needs_validation
Q024,DOC05_LNPRT,recursive,14,1,score=0.197 hits=1/4 pages=[?] page_match=False ev_type=table_of_contents | preview: xvi Halaman Page Lampiran 4.3 Struktur Neraca Penerimaan dan Pengeluaran LNPRT Menurut Pelaku dari Sisi Penggunaan (pers,auto,auto_labeled_needs_validation
Q024,DOC05_LNPRT,recursive,19,1,"score=0.197 hits=1/4 pages=[?] page_match=False ev_type=table_of_contents | preview: Sumber (persen), 2024 Appendix Structure of NPISHs Income and Expenditure Account by COPNI from Resources Side (percent)",auto,auto_labeled_needs_validation
Q024,DOC05_LNPRT,recursive,177,1,score=0.197 hits=1/4 pages=[?] page_match=False ev_type=table_of_contents | preview: Organizations 6. Lembaga Keagamaan Religious Institutions Lampiran Appendix Lanjutan Tabel/Continued Table 4.6 Item Pela,auto,auto_labeled_needs_validation
Q024,DOC05_LNPRT,recursive,60,1,"score=0.193 hits=1/4 pages=[?] page_match=False ev_type=table_of_contents | preview: Neraca Nasional merupakan bentuk tampilan data ekonomi makro, yang menggambarkan aktivitas ekonomi yang dilakukan oleh s",auto,auto_labeled_needs_validation
Q024,DOC05_LNPRT,recursive,46,1,"score=0.181 hits=1/4 pages=[?] page_match=False ev_type=table_of_contents | preview: Ikatan Dokter Indonesia (IDI), dan Wahana Lingkungan Hidup Indonesia (Walhi). 2.2 KLASIFIKASI LNPRT MENURUT COPNI COPNI ",auto,auto_labeled_needs_validation
Q024,DOC05_LNPRT,recursive,15,1,"score=0.176 hits=1/4 pages=[?] page_match=False ev_type=table_of_contents | preview: (percent), 2024 ... 92 Lampiran 5.1 Struktur Neraca Produksi LNPRT Menurut COPNI dari Sisi Penggunaan (persen), 2022 App",auto,auto_labeled_needs_validation
Q024,DOC05_LNPRT,recursive,16,1,"score=0.176 hits=1/4 pages=[?] page_match=False ev_type=table_of_contents | preview: Side (percent), 2022 ... 100 Lampiran 5.5 Struktur Neraca Modal dan Finansial LNPRT Menurut COPNI dari Sisi Penggunaan (",auto,auto_labeled_needs_validation
Q024,DOC05_LNPRT,recursive,17,1,score=0.176 hits=1/4 pages=[?] page_match=False ev_type=table_of_contents | preview: ... 108 xviii Halaman Page Lampiran 6.3 Struktur Neraca Penerimaan dan Pengeluaran LNPRT Menurut COPNI dari Sisi Penggun,auto,auto_labeled_needs_validation
Q024,DOC05_LNPRT,recursive,18,1,"score=0.176 hits=1/4 pages=[?] page_match=False ev_type=table_of_contents | preview: Structure of NPISHs Income and Expenditure Account by COPNI from Resources Side (percent), 2023 ... 116 Lampiran 7.1 Str",auto,auto_labeled_needs_validation
Q024,DOC05_LNPRT,recursive,47,1,"score=0.176 hits=1/4 pages=[?] page_match=False ev_type=table_of_contents | preview: Example: political parties, Indonesian Doctors Association, and Indonesia Forum for Environment. 2.2 CLASSIFICATION OF N",auto,auto_labeled_needs_validation
Q024,DOC05_LNPRT,recursive,180,1,"score=0.176 hits=1/4 pages=[?] page_match=False ev_type=table_of_contents | preview: 0,19 0,45 0,20 Total 100,00 100,00 100,00 100,00 100,00 Catatan/Note: COPNI (Classification of Purposes of Nonprofit Ins",auto,auto_labeled_needs_validation
Q024,DOC05_LNPRT,recursive,182,1,"score=0.176 hits=1/4 pages=[?] page_match=False ev_type=table_of_contents | preview: NPISHs Items Output nonpasar Nonmarket output 97,74 97,01 97,61 98,03 97,67 Output pasar Market output 1,60 2,11 1,69 1,",auto,auto_labeled_needs_validation
Q024,DOC05_LNPRT,recursive,183,1,score=0.176 hits=1/4 pages=[?] page_match=False ev_type=table_of_contents | preview: Nonprofit Institutions Serving Households (NPISHs) Accounts 2022–2024 Lampiran 5.3 Struktur Neraca Penerimaan dan Pengel,auto,auto_labeled_needs_validation
Q024,DOC05_LNPRT,recursive,185,1,"score=0.176 hits=1/4 pages=[?] page_match=False ev_type=table_of_contents | preview: 7. Partai Politik, Organisasi Buruh, dan Organisasi Profesi Political Parties, Labour and Professional Organizations 2. ",auto,auto_labeled_needs_validation
Q024,DOC05_LNPRT,recursive,187,1,"score=0.176 hits=1/4 pages=[?] page_match=False ev_type=table_of_contents | preview: Property income, receivable 5,74 5,58 5,60 5,24 5,42 Transfer masuk Current transfers to NPISHs 94,11 94,25 94,24 94,37 ",auto,auto_labeled_needs_validation
Q024,DOC05_LNPRT,recursive,190,1,"score=0.176 hits=1/4 pages=[?] page_match=False ev_type=table_of_contents | preview: 1. Perumahan Housing 4. Pendidikan Education 7. Partai Politik, Organisasi Buruh, dan Organisasi Profesi Political Parti",auto,auto_labeled_needs_validation
Q024,DOC05_LNPRT,recursive,192,1,"score=0.176 hits=1/4 pages=[?] page_match=False ev_type=table_of_contents | preview: Consumption of fixed capital 19,20 37,76 14,12 22,60 19,19 Transfer modal neto Capital transfers, net 51,36 37,40 56,67 ",auto,auto_labeled_needs_validation
Q024,DOC05_LNPRT,recursive,195,1,score=0.176 hits=1/4 pages=[?] page_match=False ev_type=table_of_contents | preview: Catatan/Note: COPNI (Classification of Purposes of Nonprofit Institutions Serving Households): 1. Perumahan Housing 4. P,auto,auto_labeled_needs_validation
Q024,DOC05_LNPRT,recursive,197,1,"score=0.176 hits=1/4 pages=[?] page_match=False ev_type=table_of_contents | preview: 97,28 97,75 99,84 99,61 97,71 Output pasar Market output 1,73 1,43 0,10 0,33 1,46 Output untuk peng. akhir sendiri Outpu",auto,auto_labeled_needs_validation
Q025,DOC05_LNPRT,element,82,2,"score=0.264 hits=1/4 pages=[51,52] page_match=False ev_type=table_of_contents | preview: Neraca Penerimaan dan Pengeluaran  Income and expenditure account describes consumption activities (income and expenditu [PROMOTED: best candidate, no strict label-2 found]",auto,auto_labeled_promoted_needs_validation
Q025,DOC05_LNPRT,element,76,1,score=0.258 hits=1/4 pages=[47] page_match=False ev_type=table_of_contents | preview: Production Account  Neraca produksi menggambarkan  Production account describes the  aktivitas produksi yang dilakukan L,auto,auto_labeled_needs_validation
Q025,DOC05_LNPRT,element,79,1,"score=0.229 hits=1/4 pages=[50,51] page_match=False ev_type=table_of_contents | preview: 28  Nilai tambah bruto adalah selisih antara nilai barang dan jasa yang dihasilkan lembaga dengan nilai konsumsi antara.",auto,auto_labeled_needs_validation
Q025,DOC05_LNPRT,element,121,1,"score=0.229 hits=1/4 pages=[81,82] page_match=False ev_type=table_of_contents | preview: Lanjutan Tabel/Continued Table 2.1  https://www.bps.go.id  Catatan/Note: Pelaku LNPRT/NPISHs Actors :  1. Organisasi Kem",auto,auto_labeled_needs_validation
Q025,DOC05_LNPRT,element,145,1,"score=0.229 hits=1/4 pages=[91,92] page_match=False ev_type=table_of_contents | preview: Lanjutan Tabel/Continued Table 2.6  https://www.bps.go.id  Catatan/Note: Pelaku LNPRT/NPISHs Actors :  3. Organisasi Pro",auto,auto_labeled_needs_validation
Q025,DOC05_LNPRT,element,151,1,"score=0.229 hits=1/4 pages=[93,94] page_match=False ev_type=table_of_contents | preview: Lanjutan Tabel/Continued Table 3.1  https://www.bps.go.id  Catatan/Note: Pelaku LNPRT/NPISHs Actors :  1. Organisasi Kem",auto,auto_labeled_needs_validation
Q025,DOC05_LNPRT,element,175,1,"score=0.229 hits=1/4 pages=[103,104] page_match=False ev_type=table_of_contents | preview: Lanjutan Tabel/Continued Table 3.6  https://www.bps.go.id  Catatan/Note: Pelaku LNPRT/NPISHs Actors :  3. Organisasi Pro",auto,auto_labeled_needs_validation
Q025,DOC05_LNPRT,element,181,1,"score=0.229 hits=1/4 pages=[105,106] page_match=False ev_type=table_of_contents | preview: Lanjutan Tabel/Continued Table 4.1  https://www.bps.go.id  Catatan/Note: Pelaku LNPRT/NPISHs Actors :  1. Organisasi Kem",auto,auto_labeled_needs_validation
Q025,DOC05_LNPRT,element,205,1,"score=0.229 hits=1/4 pages=[115,116] page_match=False ev_type=table_of_contents | preview: Lanjutan Tabel/Continued Table 4.6  https://www.bps.go.id  Catatan/Note: Pelaku LNPRT/NPISHs Actors :  3. Organisasi Pro",auto,auto_labeled_needs_validation
Q025,DOC05_LNPRT,element,6,1,"score=0.213 hits=1/4 pages=[7,8] page_match=False ev_type=table_of_contents | preview: KATA PENGANTAR  Publikasi Neraca Lembaga Nonprofit yang Melayani Rumah Tangga (LNPRT) Indonesia 2022–2024 merupakan publ",auto,auto_labeled_needs_validation
Q025,DOC05_LNPRT,element,18,1,score=0.213 hits=1/4 pages=[16] page_match=False ev_type=table_of_contents | preview: Lampiran Appendix Lampiran Appendix Lampiran Appendix Lampiran Appendix Lampiran Appendix 2.2 2.3 2.4 2.5 2.6 Struktur N,auto,auto_labeled_needs_validation
Q025,DOC05_LNPRT,element,20,1,score=0.213 hits=1/4 pages=[17] page_match=False ev_type=table_of_contents | preview: Appendix Lampiran Appendix Lampiran Appendix Lampiran Appendix Lampiran Appendix 3.4 3.5 3.6 4.1 Structure of NPISHs Inc,auto,auto_labeled_needs_validation
Q025,DOC05_LNPRT,element,15,1,"score=0.207 hits=1/4 pages=[15] page_match=False ev_type=table_of_contents | preview: LIST OF APPENDICES  Halaman Page  Lampiran Appendix 1.1 Neraca Produksi LNPRT Menurut Penggunaan (miliar rupiah), 2022–2",auto,auto_labeled_needs_validation
Q025,DOC05_LNPRT,element,16,1,score=0.207 hits=1/4 pages=[15] page_match=False ev_type=table_of_contents | preview: Lampiran Appendix Lampiran Appendix Lampiran Appendix Lampiran Appendix 1.4 1.5 1.6 2.1 Neraca Penerimaan dan Pengeluara,auto,auto_labeled_needs_validation
Q025,DOC05_LNPRT,element,19,1,"score=0.207 hits=1/4 pages=[16,17] page_match=False ev_type=table_of_contents | preview: Halaman Page  (percent), 2022 ..........................................................................................",auto,auto_labeled_needs_validation
Q025,DOC05_LNPRT,element,22,1,score=0.207 hits=1/4 pages=[18] page_match=False ev_type=table_of_contents | preview: Lampiran Appendix Lampiran Appendix Lampiran Appendix Lampiran Appendix Lampiran 4.3 4.4 4.5 4.6 Halaman Page Struktur N,auto,auto_labeled_needs_validation
Q025,DOC05_LNPRT,element,24,1,score=0.207 hits=1/4 pages=[19] page_match=False ev_type=table_of_contents | preview: Lampiran Appendix Lampiran Appendix Lampiran Appendix Lampiran Appendix Lampiran 5.3 5.4 5.5 5.6 Halaman Page Struktur N,auto,auto_labeled_needs_validation
Q025,DOC05_LNPRT,element,26,1,score=0.207 hits=1/4 pages=[20] page_match=False ev_type=table_of_contents | preview: Lampiran Appendix Lampiran Appendix Lampiran Appendix Lampiran Appendix Lampiran 6.3 6.4 6.5 6.6 Halaman Page Struktur N,auto,auto_labeled_needs_validation
Q025,DOC05_LNPRT,element,69,1,score=0.207 hits=1/4 pages=[42] page_match=False ev_type=table_of_contents | preview: 20  yang didasarkan pada prinsip ekonomi. Sistem Neraca Nasional menyediakan catatan menyeluruh dan rinci tentang aktivi,auto,auto_labeled_needs_validation
Q025,DOC05_LNPRT,element,104,1,"score=0.204 hits=1/4 pages=[73,74,75,76,77] page_match=False ev_type=table_of_contents | preview: BIBLIOGRAPHY  Eurostat. (2020). Essential SNA: Building The Basics. Luxembourg. United Nations. (1968). System of Nation",auto,auto_labeled_needs_validation
Q025,DOC05_LNPRT,element,71,1,score=0.201 hits=1/4 pages=[44] page_match=False ev_type=table_of_contents | preview: 22  Neraca Nasional merupakan agregasi  neraca sejenis dari berbagai sektor institusi yang membentuk perekonomian sehing,auto,auto_labeled_needs_validation
Q025,DOC05_LNPRT,element,88,1,score=0.201 hits=1/4 pages=[55] page_match=False ev_type=table_of_contents | preview: Tabel 2.3 Neraca Modal dan Finansial  Table  Table,auto,auto_labeled_needs_validation
Q025,DOC05_LNPRT,element,75,1,score=0.195 hits=1/4 pages=[47] page_match=False ev_type=table_of_contents | preview: Double Entry and Imputation  Lembaga Nonprofit yang Melayani Rumah Tangga (LNPRT) adalah salah satu sektor institusi yan,auto,auto_labeled_needs_validation
Q025,DOC05_LNPRT,element,117,1,"score=0.195 hits=1/4 pages=[79,80] page_match=False ev_type=table_of_contents | preview: Neraca Modal dan Keuangan LNPRT Menurut Penggunaan (persen), 2022–2024  Catatan/Note:  * Angka sementara/preliminary fig",auto,auto_labeled_needs_validation
Q025,DOC05_LNPRT,element,211,1,"score=0.195 hits=1/4 pages=[117,118] page_match=False ev_type=table_of_contents | preview: Catatan/Note:  COPNI (Classification of Purposes of Nonprofit Institutions Serving Households):  7. Partai Politik, Orga",auto,auto_labeled_needs_validation
Q025,DOC05_LNPRT,semantic_maxmin,9,2,"score=0.624 hits=4/4 pages=[?] page_match=False ev_type=table_of_contents | preview: Jakarta, October 2025 Chief Statistician Amalia Adininggar Widyasanti, S.T., M.Si., M.Eng., Ph.D vii DAFTAR ISI/CONTENTS",auto,auto_labeled_needs_validation
Q025,DOC05_LNPRT,semantic_maxmin,139,1,score=0.301 hits=2/4 pages=[?] page_match=False ev_type=table_of_contents | preview: Konsep & Definisi Concept & Definition Tabel 2.1 Neraca Produksi Table Production Account Penggunaan Uses Sumber Resours,auto,auto_labeled_needs_validation
Q025,DOC05_LNPRT,semantic_maxmin,244,1,score=0.254 hits=1/4 pages=[?] page_match=False ev_type=table_of_contents | preview: Lembaga Keagamaan Religious Institutions Neraca Lembaga Nonprofit yang Melayani Rumah Tangga (LNPRT) 2022–2024 Nonprofit,auto,auto_labeled_needs_validation
Q025,DOC05_LNPRT,semantic_maxmin,169,1,score=0.220 hits=1/4 pages=[?] page_match=False ev_type=table_of_contents | preview: Konsep & Definisi Concept & Definition Tabel 2.3 Neraca Modal dan Finansial Table Capital and Financial Account Pengguna,auto,auto_labeled_needs_validation
Q025,DOC05_LNPRT,semantic_maxmin,119,1,score=0.211 hits=1/4 pages=[?] page_match=False ev_type=table_of_contents | preview: Neraca Produksi Neraca produksi menggambarkan aktivitas produksi yang dilakukan LNPRT dalam menyediakan barang/jasa seca,auto,auto_labeled_needs_validation
Q025,DOC05_LNPRT,semantic_maxmin,84,1,"score=0.207 hits=1/4 pages=[?] page_match=False ev_type=table_of_contents | preview: Pelaku ekonomi terdiri dari unit residen (rumah tangga, LNPRT, korporasi, dan pemerintah) serta unit nonresiden (luar ne",auto,auto_labeled_needs_validation
Q025,DOC05_LNPRT,semantic_maxmin,118,1,score=0.207 hits=1/4 pages=[?] page_match=False ev_type=table_of_contents | preview: Konsep & Definisi Concept & Definition Lembaga Nonprofit yang Melayani Rumah Tangga (LNPRT) adalah salah satu sektor ins,auto,auto_labeled_needs_validation
Q025,DOC05_LNPRT,semantic_maxmin,158,1,score=0.207 hits=1/4 pages=[?] page_match=False ev_type=table_of_contents | preview: Tabel 2.2 Neraca Penerimaan dan Pengeluaran Table Income and Expenditure Account Penggunaan Uses Sumber Resourses 1. Pen,auto,auto_labeled_needs_validation
Q025,DOC05_LNPRT,semantic_maxmin,4,1,"score=0.201 hits=1/4 pages=[?] page_match=False ev_type=table_of_contents | preview: LNPRT merupakan salah satu pelaku ekonomi domestik, mitra pemerintah dalam penyediaan berbagai barang dan jasa secara gr",auto,auto_labeled_needs_validation
Q025,DOC05_LNPRT,semantic_maxmin,95,1,score=0.195 hits=1/4 pages=[?] page_match=False ev_type=table_of_contents | preview: Neraca Lembaga Nonprofit yang Melayani Rumah Tangga (LNPRT) 2022—2024 Nonprofit Institutions Serving Households (NPISHs),auto,auto_labeled_needs_validation
Q025,DOC05_LNPRT,semantic_maxmin,250,1,score=0.195 hits=1/4 pages=[?] page_match=False ev_type=table_of_contents | preview: Rekreasi dan Kebudayaan Recreation and Culture 6. Keagamaan Religion 9. Jasa lainnya Services n.e.c Neraca Lembaga Nonpr,auto,auto_labeled_needs_validation
Q025,DOC05_LNPRT,semantic_maxmin,280,1,score=0.195 hits=1/4 pages=[?] page_match=False ev_type=table_of_contents | preview: Rekreasi dan Kebudayaan Recreation and Culture 6. Keagamaan Religion 9. Jasa lainnya Services n.e.c Neraca Lembaga Nonpr,auto,auto_labeled_needs_validation
Q025,DOC05_LNPRT,semantic_maxmin,286,1,score=0.195 hits=1/4 pages=[?] page_match=False ev_type=table_of_contents | preview: Rekreasi dan Kebudayaan Recreation and Culture 6. Keagamaan Religion 9. Jasa lainnya Services n.e.c Neraca Lembaga Nonpr,auto,auto_labeled_needs_validation
Q025,DOC05_LNPRT,semantic_maxmin,316,1,score=0.195 hits=1/4 pages=[?] page_match=False ev_type=table_of_contents | preview: Rekreasi dan Kebudayaan Recreation and Culture 6. Keagamaan Religion 9. Jasa lainnya Services n.e.c Neraca Lembaga Nonpr,auto,auto_labeled_needs_validation
Q025,DOC05_LNPRT,semantic_maxmin,322,1,score=0.188 hits=1/4 pages=[?] page_match=False ev_type=table_of_contents | preview: Rekreasi dan Kebudayaan Recreation and Culture 6. Keagamaan Religion 9. Jasa lainnya Services n.e.c Neraca Lembaga Nonpr,auto,auto_labeled_needs_validation
Q025,DOC05_LNPRT,semantic_maxmin,85,1,score=0.166 hits=1/4 pages=[?] page_match=False ev_type=table_of_contents | preview: Neraca Produksi merupakan bentuk tampilan data tentang aktivitas produksi. Neraca ini mengambarkan besaran barang dan ja,auto,auto_labeled_needs_validation
Q025,DOC05_LNPRT,recursive,7,2,score=0.612 hits=4/4 pages=[?] page_match=False ev_type=table_of_contents | preview: 2.3 Pelaku LNPRT di Indonesia/NPISHs Actors in Indonesia ... 16 2.4 Neraca LNPRT dalam Sistem Neraca Nasional Indonesia/,auto,auto_labeled_needs_validation
Q025,DOC05_LNPRT,recursive,88,1,score=0.313 hits=2/4 pages=[?] page_match=False ev_type=table_of_contents | preview: Gross value added is the difference between value of goods and services produced with value of intermediate consumption.,auto,auto_labeled_needs_validation
Q025,DOC05_LNPRT,recursive,76,1,"score=0.252 hits=1/4 pages=[?] page_match=False ev_type=table_of_contents | preview: LNPRT digambarkan dalam Neraca Produksi, Neraca Pendapatan dan Pengeluaran, serta Neraca Modal dan Keuangan. Neraca Prod",auto,auto_labeled_needs_validation
Q025,DOC05_LNPRT,recursive,100,1,"score=0.248 hits=1/4 pages=[?] page_match=False ev_type=table_of_contents | preview: In the NPISHs capital and financial account, difference between sources of financing with investment is a balancing item",auto,auto_labeled_needs_validation
Q025,DOC05_LNPRT,recursive,9,1,"score=0.242 hits=1/4 pages=[?] page_match=False ev_type=table_of_contents | preview: Gambar 3.7 Distribusi Jenis Pembentukan Modal Tetap Bruto LNPRT, 2024 Figure Distribution of NPISHs Gross Fixed Capital ",auto,auto_labeled_needs_validation
Q025,DOC05_LNPRT,recursive,177,1,score=0.236 hits=1/4 pages=[?] page_match=False ev_type=table_of_contents | preview: Organizations 6. Lembaga Keagamaan Religious Institutions Lampiran Appendix Lanjutan Tabel/Continued Table 4.6 Item Pela,auto,auto_labeled_needs_validation
Q025,DOC05_LNPRT,recursive,11,1,"score=0.220 hits=1/4 pages=[?] page_match=False ev_type=table_of_contents | preview: Lampiran 2.3 Struktur Neraca Penerimaan dan Pengeluaran LNPRT Menurut Pelaku dari Sisi Penggunaan (persen), 2022 Appendi",auto,auto_labeled_needs_validation
Q025,DOC05_LNPRT,recursive,12,1,"score=0.220 hits=1/4 pages=[?] page_match=False ev_type=table_of_contents | preview: (percent), 2022 ... 68 Lampiran 3.1 Struktur Neraca Produksi LNPRT Menurut Pelaku dari Sisi Penggunaan (persen), 2023 Ap",auto,auto_labeled_needs_validation
Q025,DOC05_LNPRT,recursive,13,1,"score=0.220 hits=1/4 pages=[?] page_match=False ev_type=table_of_contents | preview: (percent), 2023 ... 76 Lampiran 3.5 Struktur Neraca Modal dan Finansial LNPRT Menurut Pelaku dari Sisi Penggunaan (perse",auto,auto_labeled_needs_validation
Q025,DOC05_LNPRT,recursive,15,1,"score=0.220 hits=1/4 pages=[?] page_match=False ev_type=table_of_contents | preview: (percent), 2024 ... 92 Lampiran 5.1 Struktur Neraca Produksi LNPRT Menurut COPNI dari Sisi Penggunaan (persen), 2022 App",auto,auto_labeled_needs_validation
Q025,DOC05_LNPRT,recursive,16,1,"score=0.220 hits=1/4 pages=[?] page_match=False ev_type=table_of_contents | preview: Side (percent), 2022 ... 100 Lampiran 5.5 Struktur Neraca Modal dan Finansial LNPRT Menurut COPNI dari Sisi Penggunaan (",auto,auto_labeled_needs_validation
Q025,DOC05_LNPRT,recursive,10,1,"score=0.213 hits=1/4 pages=[?] page_match=False ev_type=table_of_contents | preview: 2022–2024 Appendix NPISHs Income and Expenditure Account by Resources (million rupiah), 2022– 2024 ... 56 Lampiran 1.5 N",auto,auto_labeled_needs_validation
Q025,DOC05_LNPRT,recursive,14,1,score=0.213 hits=1/4 pages=[?] page_match=False ev_type=table_of_contents | preview: xvi Halaman Page Lampiran 4.3 Struktur Neraca Penerimaan dan Pengeluaran LNPRT Menurut Pelaku dari Sisi Penggunaan (pers,auto,auto_labeled_needs_validation
Q025,DOC05_LNPRT,recursive,17,1,score=0.213 hits=1/4 pages=[?] page_match=False ev_type=table_of_contents | preview: ... 108 xviii Halaman Page Lampiran 6.3 Struktur Neraca Penerimaan dan Pengeluaran LNPRT Menurut COPNI dari Sisi Penggun,auto,auto_labeled_needs_validation
Q025,DOC05_LNPRT,recursive,18,1,"score=0.207 hits=1/4 pages=[?] page_match=False ev_type=table_of_contents | preview: Structure of NPISHs Income and Expenditure Account by COPNI from Resources Side (percent), 2023 ... 116 Lampiran 7.1 Str",auto,auto_labeled_needs_validation
Q025,DOC05_LNPRT,recursive,60,1,"score=0.207 hits=1/4 pages=[?] page_match=False ev_type=table_of_contents | preview: Neraca Nasional merupakan bentuk tampilan data ekonomi makro, yang menggambarkan aktivitas ekonomi yang dilakukan oleh s",auto,auto_labeled_needs_validation
Q025,DOC05_LNPRT,recursive,75,1,"score=0.207 hits=1/4 pages=[?] page_match=False ev_type=table_of_contents | preview: The principle of accrual basis, because the value of desk was recorded as component of capital expenditure, despite in r",auto,auto_labeled_needs_validation
Q025,DOC05_LNPRT,recursive,96,1,score=0.207 hits=1/4 pages=[?] page_match=False ev_type=table_of_contents | preview: Unconditional transfer includes transactions that are not based on a contractual agreement. This transfer can be either ,auto,auto_labeled_needs_validation
Q025,DOC05_LNPRT,recursive,3,1,"score=0.201 hits=1/4 pages=[?] page_match=False ev_type=table_of_contents | preview: LNPRT merupakan salah satu pelaku ekonomi domestik, mitra pemerintah dalam penyediaan berbagai barang dan jasa secara gr",auto,auto_labeled_needs_validation
Q025,DOC05_LNPRT,recursive,137,1,"score=0.201 hits=1/4 pages=[?] page_match=False ev_type=table_of_contents | preview: 79.593 100,00% 100,00% 100,00% Catatan/Note: Angka sementara/preliminary figures Angka sangat sementara/very preliminary",auto,auto_labeled_needs_validation
Q025,DOC05_LNPRT,recursive,150,1,"score=0.201 hits=1/4 pages=[?] page_match=False ev_type=table_of_contents | preview: Tabungan neto Saving, net 25,99 29,95 29,87 Konsumsi barang modal tetap Consumption of fixed capital 22,22 18,98 19,19 T",auto,auto_labeled_needs_validation
Q025,DOC05_LNPRT,recursive,192,1,"score=0.201 hits=1/4 pages=[?] page_match=False ev_type=table_of_contents | preview: Consumption of fixed capital 19,20 37,76 14,12 22,60 19,19 Transfer modal neto Capital transfers, net 51,36 37,40 56,67 ",auto,auto_labeled_needs_validation
Q025,DOC05_LNPRT,recursive,207,1,"score=0.201 hits=1/4 pages=[?] page_match=False ev_type=table_of_contents | preview: Consumption of fixed capital 28,35 31,73 41,03 23,65 26,62 Transfer modal neto Capital transfers, net 57,20 55,20 54,38 ",auto,auto_labeled_needs_validation
Q025,DOC05_LNPRT,recursive,66,1,score=0.195 hits=1/4 pages=[?] page_match=False ev_type=table_of_contents | preview: Neraca Lembaga Nonprofit yang Melayani Rumah Tangga (LNPRT) 2022—2024 Nonprofit Institutions Serving Households (NPISHs),auto,auto_labeled_needs_validation
Q025,DOC05_LNPRT,recursive,139,1,"score=0.195 hits=1/4 pages=[?] page_match=False ev_type=table_of_contents | preview: 0,34 0,32 0,33 Surplus usaha Operating surplus 0,27 0,19 0,20 Total 100,00 100,00 100,00 Catatan/Note: Pelaku LNPRT/NPIS",auto,auto_labeled_needs_validation
Q026,DOC06_NPU,element,4,2,"score=0.790 hits=4/4 pages=[5,7] page_match=True ev_type=paragraph | preview: TIM PENYUSUN/COMPILERS  NERACA PEMERINTAHAN UMUM INDONESIA 2019–2024  GENERAL GOVERNMENT ACCOUNTS OF INDONESIA 2019–2024",auto,auto_labeled_needs_validation
Q026,DOC06_NPU,element,5,1,score=0.704 hits=4/4 pages=[8] page_match=False ev_type=paragraph | preview: TIM PENYUSUN/COMPILERS  “Publikasi Neraca Pemerintahan Umum s Indonesia 2019–2024 menyajikan neraca- neraca Pemerintahan,auto,auto_labeled_needs_validation
Q026,DOC06_NPU,element,96,1,"score=0.625 hits=4/4 pages=[94,95] page_match=False ev_type=paragraph | preview: 3.7 Pembentukan Modal Tetap Bruto 3.7 Gross Fixed Capital Formation (PMTB) (GFCF)  No  Average  (1)  1  2  3  Kontribusi",auto,auto_labeled_needs_validation
Q026,DOC06_NPU,element,12,1,"score=0.581 hits=4/4 pages=[15] page_match=False ev_type=paragraph | preview: Judul Lampiran/Appendices Title /Appendices Page 1.1 Neraca Produksi Pemerintahan Umum (miliar rupiah), 2019– 2024/Gener",auto,auto_labeled_needs_validation
Q026,DOC06_NPU,element,13,1,"score=0.581 hits=4/4 pages=[15,16,17] page_match=False ev_type=paragraph | preview: DAFTAR LAMPIRAN/LIST OF APPENDICES  No. Lampiran  Halaman  3.2  Neraca Alokasi Pendapatan Primer Pemerintahan Pusat (mil",auto,auto_labeled_needs_validation
Q026,DOC06_NPU,element,26,1,"score=0.473 hits=3/4 pages=[31,32] page_match=False ev_type=paragraph | preview: 2.1.1 Revenues  countries,  pada berbagai  the economic  15  activities and social affairs of their society. It is neces",auto,auto_labeled_needs_validation
Q026,DOC06_NPU,element,77,1,"score=0.473 hits=3/4 pages=[76,77] page_match=False ev_type=paragraph | preview: 3.1 Government Output  (Gambar 4).  60  Gambar 5 Proporsi Kompensasi Pegawai menurut Tingkat Pemerintah (persen), 2019–2",auto,auto_labeled_needs_validation
Q026,DOC06_NPU,element,41,1,score=0.467 hits=3/4 pages=[41] page_match=False ev_type=paragraph | preview: 2.2.3 Neraca Alokasi Pendapatan 2.2.3 The Allocation of Primary Primer Income Account  The Allocation of Primary Income ,auto,auto_labeled_needs_validation
Q026,DOC06_NPU,element,15,1,score=0.455 hits=3/4 pages=[19] page_match=False ev_type=paragraph | preview: I. INTRODUCTION  Pemerintahan umum merupakan  General government  is an  salah satu sektor penting dalam kerangka Sistem,auto,auto_labeled_needs_validation
Q026,DOC06_NPU,element,27,1,"score=0.447 hits=3/4 pages=[33] page_match=False ev_type=paragraph | preview: 2.1.1 Revenues  state institutions, both in the central and its vertical units exist in the region; offices related to p",auto,auto_labeled_needs_validation
Q026,DOC06_NPU,element,34,1,score=0.447 hits=3/4 pages=[36] page_match=False ev_type=paragraph | preview: 2.2.1.1 Intermediate Consumption  Intermediate consumption of general government consists of expenditure on goods and se,auto,auto_labeled_needs_validation
Q026,DOC06_NPU,element,51,1,"score=0.447 hits=3/4 pages=[50] page_match=False ev_type=paragraph | preview: 2.2.3.5 Property Income Paid  mentioned before, they are: net non- life insurance premiums, current transfers within gen",auto,auto_labeled_needs_validation
Q026,DOC06_NPU,element,55,1,score=0.435 hits=3/4 pages=[54] page_match=False ev_type=paragraph | preview: 2.2.3.5 Property Income Paid  2.2.5.2 Pendapatan dari penjualan  2.2.5.2 Revenue from sales on goods  ……………barang dan ja,auto,auto_labeled_needs_validation
Q026,DOC06_NPU,element,16,1,"score=0.405 hits=2/4 pages=[20] page_match=False ev_type=paragraph | preview: I. INTRODUCTION  Pemerintah berperan sebagai yang keuangan negara, pengelola pengelolaan mencakup fiskal, pengelolaan mo",auto,auto_labeled_needs_validation
Q026,DOC06_NPU,element,6,1,score=0.385 hits=2/4 pages=[9] page_match=False ev_type=paragraph | preview: DAFTAR ISI/TABLE OF CONTENTS  NERACA PEMERINTAHAN UMUM INDONESIA 2019–2024  GENERAL GOVERNMENT ACCOUNTS OF INDONESIA 201,auto,auto_labeled_needs_validation
Q026,DOC06_NPU,element,66,1,"score=0.379 hits=2/4 pages=[67,68] page_match=False ev_type=paragraph | preview: 3.1 Government Output  3.1 Output Pemerintah  Output pemerintah merupakan  output non-pasar yang terdiri atas barang dan",auto,auto_labeled_needs_validation
Q026,DOC06_NPU,element,100,1,score=0.373 hits=2/4 pages=[98] page_match=False ev_type=paragraph | preview: 3.7 Pembentukan Modal Tetap Bruto 3.7 Gross Fixed Capital Formation (PMTB) (GFCF)  menunjukkan pemerintahan bahwa that t,auto,auto_labeled_needs_validation
Q026,DOC06_NPU,element,75,1,"score=0.367 hits=2/4 pages=[75,76] page_match=False ev_type=paragraph | preview: 3.1 Government Output  tunjangan kinerja serta kebijakan untuk pejabat negara dan pejabat pada tingkat tertentu (Kemenke",auto,auto_labeled_needs_validation
Q026,DOC06_NPU,element,9,1,score=0.361 hits=2/4 pages=[13] page_match=False ev_type=paragraph | preview: DAFTAR GAMBAR/LIST OF FIGURES  No.  Gambar  /Figure  Judul Gambar/Figure Title  Halaman  Page  1 Output Non-Pasar Pemeri,auto,auto_labeled_needs_validation
Q026,DOC06_NPU,element,10,1,"score=0.361 hits=2/4 pages=[14] page_match=False ev_type=paragraph | preview: No. Halaman Judul Gambar/Figure Title Page /Figure 9 Pajak Pendapatan, Kekayaan, dan Pajak Lainnya Pemerintahan Umum (tr",auto,auto_labeled_needs_validation
Q026,DOC06_NPU,element,87,1,"score=0.359 hits=2/4 pages=[85,86] page_match=False ev_type=paragraph | preview: 3.4.2 Pajak Pendapatan, Kekayaan, dan Pajak Lainnya  restitusi dan kebijakan optimalisasi penerimaan, serta kinerja cuka",auto,auto_labeled_needs_validation
Q026,DOC06_NPU,element,8,1,"score=0.355 hits=2/4 pages=[11,12] page_match=False ev_type=paragraph | preview: DAFTAR TABEL/LIST OF TABLES  No. Tabel  /Table  Judul Tabel/Table Title  Halaman  Page  1 Persentase Komponen-Komponen N",auto,auto_labeled_needs_validation
Q026,DOC06_NPU,element,88,1,"score=0.353 hits=2/4 pages=[87] page_match=False ev_type=paragraph | preview: 3.4.2 Pajak Pendapatan, Kekayaan, dan Pajak Lainnya  https://www.bps.go.id  Gambar 10 Pengeluaran Konsumsi Pemerintahan ",auto,auto_labeled_needs_validation
Q026,DOC06_NPU,element,61,1,"score=0.347 hits=2/4 pages=[59,60] page_match=False ev_type=paragraph | preview: 2.2.6.7 Capital Transfers Received …………and Capital Transfer Paid  2.2.6.7 Transfer  Modal  yang  …………..Diterima dan yang",auto,auto_labeled_needs_validation
Q026,DOC06_NPU,element,85,1,"score=0.347 hits=2/4 pages=[83,84] page_match=False ev_type=paragraph | preview: 3.4 Disposable Income  https://www.bps.go.id  Gambar 8 menunjukkan bahwa jumlah manfaat sosial yang diberikan pemerintah",auto,auto_labeled_needs_validation
Q026,DOC06_NPU,semantic_maxmin,0,2,score=0.680 hits=4/4 pages=[?] page_match=False ev_type=paragraph | preview: 2019 2024 NERACA PEMERINTAHANAN UMUM INDONESIA General Government Accounts of Indonesia BADAN PUSAT STATISTIK BPS-STATIS,auto,auto_labeled_needs_validation
Q026,DOC06_NPU,semantic_maxmin,3,2,score=0.674 hits=4/4 pages=[?] page_match=False ev_type=paragraph | preview: vi s “Publikasi Neraca Pemerintahan Umum Indonesia 2019–2024 menyajikan neraca- neraca Pemerintahan Umum menurut tingkat,auto,auto_labeled_needs_validation
Q026,DOC06_NPU,semantic_maxmin,4,2,"score=0.581 hits=4/4 pages=[?] page_match=False ev_type=paragraph | preview: Lampiran /Appendices Judul Lampiran/Appendices Title Halaman .1 Neraca Produksi Pemerintahan Umum (miliar rupiah), 2019–",auto,auto_labeled_needs_validation
Q026,DOC06_NPU,semantic_maxmin,52,1,"score=0.473 hits=3/4 pages=[?] page_match=False ev_type=paragraph | preview: Dalam penyusunan neraca pemerintahan umum ini, LNP pemerintah dinyatakan sebagai bagian dari pemerintahan umum secara ke",auto,auto_labeled_needs_validation
Q026,DOC06_NPU,semantic_maxmin,51,1,score=0.467 hits=3/4 pages=[?] page_match=False ev_type=paragraph | preview: Salah satu statistik makro yang berhubungan dengan pengukuran kegiatan pemerintah tersebut adalah neraca sektor pemerint,auto,auto_labeled_needs_validation
Q026,DOC06_NPU,semantic_maxmin,85,1,"score=0.467 hits=3/4 pages=[?] page_match=False ev_type=paragraph | preview: 2.2.2.3 Operating Surplus The government is a non- market producer that non-profit oriented, net operating surplus of ge",auto,auto_labeled_needs_validation
Q026,DOC06_NPU,semantic_maxmin,137,1,"score=0.435 hits=3/4 pages=[?] page_match=False ev_type=paragraph | preview: Since 2022, the Non-Cash Food Assistance Program (Bantuan Pangan Non-Tunai, BPNT) has been provided in cash, and therefo",auto,auto_labeled_needs_validation
Q026,DOC06_NPU,semantic_maxmin,6,1,"score=0.429 hits=3/4 pages=[?] page_match=False ev_type=paragraph | preview: Selain itu, pemerintahan umum juga berfungsi meredistribusi pendapatan dan kekayaan melalui pajak dan transfer. Sektor p",auto,auto_labeled_needs_validation
Q026,DOC06_NPU,semantic_maxmin,314,1,"score=0.407 hits=4/4 pages=[?] page_match=False ev_type=paragraph [TABLE]| preview: Surplus Usaha Bruto Operating Surplus, Gross 2. Pajak atas produksi dan impor dikurang subsidi Taxes on production and i",auto,auto_labeled_needs_validation
Q026,DOC06_NPU,semantic_maxmin,11,1,"score=0.405 hits=2/4 pages=[?] page_match=False ev_type=paragraph | preview: Pemerintah berperan sebagai pengelola keuangan negara, yang mencakup pengelolaan fiskal, pengelolaan moneter, dan pengel",auto,auto_labeled_needs_validation
Q026,DOC06_NPU,semantic_maxmin,312,1,"score=0.381 hits=4/4 pages=[?] page_match=False ev_type=paragraph [TABLE]| preview: Lampiran 1.1 Neraca Produksi Pemerintahan Umum (miliar rupiah), 2019–2024 Appendix General Government’s Production Accou",auto,auto_labeled_needs_validation
Q026,DOC06_NPU,semantic_maxmin,322,1,score=0.381 hits=4/4 pages=[?] page_match=False ev_type=paragraph [TABLE]| preview: Pengeluaran Konsumsi Final Consumption Expenditure 1.394.615 1.491.172 1.569.830 1.505.008 1.557.496 1.711.551 2. Tabung,auto,auto_labeled_needs_validation
Q026,DOC06_NPU,semantic_maxmin,156,1,"score=0.347 hits=2/4 pages=[?] page_match=False ev_type=paragraph | preview: 2.2.6.3 Pembelian Tanah Pemerintahan umum sering melakukan transaksi jual beli tanah, baik jual beli antar instansi peme",auto,auto_labeled_needs_validation
Q026,DOC06_NPU,semantic_maxmin,287,1,"score=0.347 hits=2/4 pages=[?] page_match=False ev_type=paragraph | preview: Gambar 15 Net Lending/Net Borrowing Pemerintahan Umum (triliun rupiah), 2019–2024 Figure 15 Net Lending/Net Borrowing Ge",auto,auto_labeled_needs_validation
Q026,DOC06_NPU,semantic_maxmin,196,1,score=0.341 hits=2/4 pages=[?] page_match=False ev_type=paragraph | preview: Sedangkan dari sisi belanja pegawai adanya pengurangan komponen tunjangan pada pemberian gaji ke-13 dan THR. medications,auto,auto_labeled_needs_validation
Q026,DOC06_NPU,semantic_maxmin,266,1,"score=0.341 hits=2/4 pages=[?] page_match=False ev_type=paragraph | preview: Gambar 12 Persentase PMTB terhadap PDB Atas Dasar Harga Berlaku (persen), 2019–2024 Figure 12 Percentage of GFCF on GDP ",auto,auto_labeled_needs_validation
Q026,DOC06_NPU,semantic_maxmin,142,1,"score=0.335 hits=2/4 pages=[?] page_match=False ev_type=paragraph | preview: Sementara untuk pemerintah daerah, pendapatan dari penjualan barang dan jasa berasal dari retribusi daerah. 2.2.5.3 Tabu",auto,auto_labeled_needs_validation
Q026,DOC06_NPU,semantic_maxmin,212,1,"score=0.335 hits=2/4 pages=[?] page_match=False ev_type=paragraph | preview: for TNI/Polri, as well as PP Number 8 Year 2024 for pensioners. Gambar 4 Persentase Kompensasi Pegawai terhadap Nilai Ta",auto,auto_labeled_needs_validation
Q026,DOC06_NPU,semantic_maxmin,268,1,score=0.335 hits=2/4 pages=[?] page_match=False ev_type=paragraph | preview: Kelanjutan proyek pembangunan strategis seperti pembangunan IKN juga masih menopang pertumbuhan PMTB yang tumbuh melamba,auto,auto_labeled_needs_validation
Q026,DOC06_NPU,semantic_maxmin,311,1,score=0.335 hits=2/4 pages=[?] page_match=False ev_type=paragraph | preview: United States of America (USA). Undang-Undang Republik Indonesia Nomor 17 Tahun 2003 Tentang Keuangan Negara. Undang-Und,auto,auto_labeled_needs_validation
Q026,DOC06_NPU,semantic_maxmin,224,1,"score=0.329 hits=2/4 pages=[?] page_match=False ev_type=paragraph | preview: Rp1,111 trillion. The smallest value of GNI occurred in 2020 with a value of Rp655 trillion. In 2024, GNI experienced a ",auto,auto_labeled_needs_validation
Q026,DOC06_NPU,semantic_maxmin,321,1,score=0.329 hits=2/4 pages=[?] page_match=False ev_type=paragraph | preview: Transfer Berjalan Lainnya Other Current Transfer a. Transfer Berjalan Antar Pemerintah/Current Transfer Within General G,auto,auto_labeled_needs_validation
Q026,DOC06_NPU,semantic_maxmin,329,1,score=0.329 hits=2/4 pages=[?] page_match=False ev_type=paragraph | preview: Tabungan Neto Net Savings Transfer Modal Diterima Capital Transfer.Received Transfer Modal Dibayar Capital Transfer. Pai,auto,auto_labeled_needs_validation
Q026,DOC06_NPU,semantic_maxmin,118,1,"score=0.321 hits=2/4 pages=[?] page_match=False ev_type=paragraph | preview: Transfer berjalan ke pemerintah pusat berupa pendapatan dari pungutan dan denda, pendapatan hibah Badan Layanan Umum (BL",auto,auto_labeled_needs_validation
Q026,DOC06_NPU,semantic_maxmin,247,1,"score=0.321 hits=2/4 pages=[?] page_match=False ev_type=paragraph | preview: Gambar 10 Pengeluaran Konsumsi Pemerintahan Umum (triliun rupiah), 2019–2024 Figure 10 General Government Final Consumpt",auto,auto_labeled_needs_validation
Q026,DOC06_NPU,recursive,2,2,"score=0.680 hits=4/4 pages=[?] page_match=False ev_type=paragraph | preview: Deja Firda Lupitasari Canva.com, Freepik.com Pengarah/Director Penanggung Jawab Person in Charge Penyunting/Editor Penul",auto,auto_labeled_needs_validation
Q026,DOC06_NPU,recursive,5,2,score=0.674 hits=4/4 pages=[?] page_match=False ev_type=paragraph | preview: Suggestions are greatly appreciated to improve the future editions. vi s “Publikasi Neraca Pemerintahan Umum Indonesia 2,auto,auto_labeled_needs_validation
Q026,DOC06_NPU,recursive,171,2,score=0.613 hits=4/4 pages=[?] page_match=False ev_type=paragraph | preview: Peraturan Pemerintah Pengganti Undang-Undang Nomor 1 tahun 2020 tentang Kebijakan Keuangan Negara dan Stabilitas Sistem ,auto,auto_labeled_needs_validation
Q026,DOC06_NPU,recursive,15,1,"score=0.607 hits=4/4 pages=[?] page_match=False ev_type=paragraph | preview: Daerah (miliar rupiah), 2019–2024/Local Government Use of Disposable Income Account (billion rupiah), 2019–2024 ... 6.1 ",auto,auto_labeled_needs_validation
Q026,DOC06_NPU,recursive,161,1,score=0.599 hits=4/4 pages=[?] page_match=False ev_type=paragraph | preview: PMTB pemerintah daerah General government’s GFCF contribution on national GDP also shows same trend as contribution of g,auto,auto_labeled_needs_validation
Q026,DOC06_NPU,recursive,12,1,"score=0.581 hits=4/4 pages=[?] page_match=False ev_type=paragraph | preview: .1 Neraca Produksi Pemerintahan Umum (miliar rupiah), 2019– 2024/General Government Production Account (billion rupiah),",auto,auto_labeled_needs_validation
Q026,DOC06_NPU,recursive,13,1,"score=0.581 hits=4/4 pages=[?] page_match=False ev_type=paragraph | preview: (miliar rupiah), 2019–2024/Local Government Generation of Income Account (billion rupiah), 2019–2024 ... 3.1 Neraca Alok",auto,auto_labeled_needs_validation
Q026,DOC06_NPU,recursive,14,1,"score=0.581 hits=4/4 pages=[?] page_match=False ev_type=paragraph | preview: Distribution of Income Account (billion rupiah), 2019–2024 ... 4.2 Neraca Distribusi Pendapatan Sekunder Pemerintahan Pu",auto,auto_labeled_needs_validation
Q026,DOC06_NPU,recursive,162,1,score=0.499 hits=3/4 pages=[?] page_match=False ev_type=paragraph | preview: GFCF in 2024 is 59.68 percent compared to the local government's 40.32 percent. Gambar 14 Proporsi PMTB Pemerintahan Umu,auto,auto_labeled_needs_validation
Q026,DOC06_NPU,recursive,1,1,score=0.493 hits=3/4 pages=[?] page_match=False ev_type=paragraph | preview: Direktorat Neraca Pengeluaran Directorate of Expenditure Accounts Penerbit/Publisher: ©Badan Pusat Statistik/BPS-Statist,auto,auto_labeled_needs_validation
Q026,DOC06_NPU,recursive,11,1,"score=0.487 hits=3/4 pages=[?] page_match=False ev_type=paragraph | preview: Tabungan Bruto Pemerintahan Umum (triliun rupiah), 2019– 2024/General Government Gross Savings (trillion rupiah), 2019–2",auto,auto_labeled_needs_validation
Q026,DOC06_NPU,recursive,38,1,score=0.473 hits=3/4 pages=[?] page_match=False ev_type=paragraph | preview: enhancing domestic financing sources; (ii) gradually reducing the debt stock; and (iii) ensuring timely fulfillment of d,auto,auto_labeled_needs_validation
Q026,DOC06_NPU,recursive,39,1,"score=0.473 hits=3/4 pages=[?] page_match=False ev_type=paragraph | preview: yang dikontrol oleh unit pemerintah, dan dana jaminan sosial. Dalam penyusunan neraca pemerintahan umum ini, LNP pemerin",auto,auto_labeled_needs_validation
Q026,DOC06_NPU,recursive,59,1,"score=0.467 hits=3/4 pages=[?] page_match=False ev_type=paragraph | preview: Meanwhile, the gross operating surplus of general government is equal to pemerintahan umum adalah senilai dengan konsums",auto,auto_labeled_needs_validation
Q026,DOC06_NPU,recursive,0,1,score=0.461 hits=3/4 pages=[?] page_match=False ev_type=paragraph | preview: 2019 2024 NERACA PEMERINTAHANAN UMUM INDONESIA General Government Accounts of Indonesia BADAN PUSAT STATISTIK BPS-STATIS,auto,auto_labeled_needs_validation
Q026,DOC06_NPU,recursive,160,1,"score=0.455 hits=3/4 pages=[?] page_match=False ev_type=paragraph | preview: percent, while the smallest contribution was recorded in 2022 at 7.62 percent (Table 2). Tabel 2 Proporsi PMTB dan Tabun",auto,auto_labeled_needs_validation
Q026,DOC06_NPU,recursive,41,1,"score=0.447 hits=3/4 pages=[?] page_match=False ev_type=paragraph | preview: Thus, the general government includes all: ministries, agencies, and badan, dan lembaga tinggi negara, baik yang ada di ",auto,auto_labeled_needs_validation
Q026,DOC06_NPU,recursive,77,1,"score=0.447 hits=3/4 pages=[?] page_match=False ev_type=paragraph | preview: Layanan Umum (BLU), pendapatan lain- lain, serta transfer nonpasar dari Bank Indonesia kepada Pemerintah. Nilai rincian ",auto,auto_labeled_needs_validation
Q026,DOC06_NPU,recursive,84,1,score=0.435 hits=3/4 pages=[?] page_match=False ev_type=paragraph | preview: (BPNT) program. The BPNT program has been implemented in stages starting in 2017 to ensure that the program becomes more,auto,auto_labeled_needs_validation
Q026,DOC06_NPU,recursive,16,1,"score=0.429 hits=3/4 pages=[?] page_match=False ev_type=paragraph | preview: Selain itu, pemerintahan umum juga berfungsi meredistribusi pendapatan dan kekayaan melalui pajak dan transfer. Sektor p",auto,auto_labeled_needs_validation
Q026,DOC06_NPU,recursive,3,1,"score=0.405 hits=2/4 pages=[?] page_match=False ev_type=paragraph | preview: Sejak publikasi tahun 2016, penyusunan neraca pemerintahan umum sudah mengacu pada System of National Accounts (SNA) 200",auto,auto_labeled_needs_validation
Q026,DOC06_NPU,recursive,19,1,"score=0.381 hits=2/4 pages=[?] page_match=False ev_type=paragraph | preview: Budget (Anggaran Pendapatan dan Belanja Negara, APBN) and the Regional Budget (Anggaran Pendapatan Belanja Daerah, APBD)",auto,auto_labeled_needs_validation
Q026,DOC06_NPU,recursive,8,1,score=0.355 hits=2/4 pages=[?] page_match=False ev_type=paragraph | preview: LAMPIRAN/APPENDICES ... 87 ix No. Tabel /Table Judul Tabel/Table Title Halaman Persentase Komponen-Komponen Neraca Pemer,auto,auto_labeled_needs_validation
Q026,DOC06_NPU,recursive,122,1,"score=0.355 hits=2/4 pages=[?] page_match=False ev_type=paragraph | preview: Compensation for general government employees exhibited an upward trend over the period from 2019 to 2024. In 2024, comp",auto,auto_labeled_needs_validation
Q026,DOC06_NPU,recursive,146,1,score=0.353 hits=2/4 pages=[?] page_match=False ev_type=paragraph | preview: 2019–2024 Nilai pengeluaran konsumsi pemerintahan umum pada tahun 2019 sebesar Rp1.395 triliun yang terus meningkat samp,auto,auto_labeled_needs_validation
Q027,DOC06_NPU,element,4,2,"score=0.755 hits=6/6 pages=[5,7] page_match=True ev_type=paragraph | preview: TIM PENYUSUN/COMPILERS  NERACA PEMERINTAHAN UMUM INDONESIA 2019–2024  GENERAL GOVERNMENT ACCOUNTS OF INDONESIA 2019–2024",auto,auto_labeled_needs_validation
Q027,DOC06_NPU,element,6,1,score=0.660 hits=6/6 pages=[9] page_match=False ev_type=paragraph | preview: DAFTAR ISI/TABLE OF CONTENTS  NERACA PEMERINTAHAN UMUM INDONESIA 2019–2024  GENERAL GOVERNMENT ACCOUNTS OF INDONESIA 201,auto,auto_labeled_needs_validation
Q027,DOC06_NPU,element,63,1,"score=0.596 hits=6/6 pages=[63,64,65] page_match=False ev_type=paragraph | preview: ANALISIS DESKRIPTIF DESCRIPTIVE ANALYSIS  https://www.bps.go.id  48  III.  ANALISIS DESKRIPTIF NERACA  III.  DESCRIPTIVE",auto,auto_labeled_needs_validation
Q027,DOC06_NPU,element,29,1,"score=0.538 hits=6/6 pages=[33,34] page_match=False ev_type=paragraph | preview: 2.1.1 Revenues  17  annually/quarterly in a set of accounts consist of production account, generation of income account,",auto,auto_labeled_needs_validation
Q027,DOC06_NPU,element,13,1,"score=0.437 hits=4/6 pages=[15,16,17] page_match=False ev_type=paragraph | preview: DAFTAR LAMPIRAN/LIST OF APPENDICES  No. Lampiran  Halaman  3.2  Neraca Alokasi Pendapatan Primer Pemerintahan Pusat (mil",auto,auto_labeled_needs_validation
Q027,DOC06_NPU,element,48,1,"score=0.383 hits=3/6 pages=[46,47] page_match=False ev_type=paragraph | preview: 2.2.3.5 Property Income Paid  Dibayar  Property income paid includes interest payments on government debt, discounts pay",auto,auto_labeled_needs_validation
Q027,DOC06_NPU,element,60,1,"score=0.371 hits=3/6 pages=[58,59] page_match=False ev_type=paragraph | preview: 2.2.6.4 Konsumsi Barang Modal Tetap 2.2.6.4 Consumption of Fixed …………..Capital  The consumption of fixed capital in the ",auto,auto_labeled_needs_validation
Q027,DOC06_NPU,element,12,1,"score=0.329 hits=3/6 pages=[15] page_match=False ev_type=paragraph | preview: Judul Lampiran/Appendices Title /Appendices Page 1.1 Neraca Produksi Pemerintahan Umum (miliar rupiah), 2019– 2024/Gener",auto,auto_labeled_needs_validation
Q027,DOC06_NPU,element,52,1,score=0.310 hits=2/6 pages=[51] page_match=False ev_type=paragraph | preview: 2.2.3.5 Property Income Paid  1. 80 persen Dana Alokasi Umum (DAU)  1. 80 percent of General Allocation Funds (DAU) for ,auto,auto_labeled_needs_validation
Q027,DOC06_NPU,element,5,1,score=0.303 hits=2/6 pages=[8] page_match=False ev_type=paragraph | preview: TIM PENYUSUN/COMPILERS  “Publikasi Neraca Pemerintahan Umum s Indonesia 2019–2024 menyajikan neraca- neraca Pemerintahan,auto,auto_labeled_needs_validation
Q027,DOC06_NPU,element,56,1,"score=0.298 hits=2/6 pages=[55] page_match=False ev_type=paragraph | preview: 2.2.3.5 Property Income Paid  For regional governments, revenue from the sale of goods and services is derived from loca",auto,auto_labeled_needs_validation
Q027,DOC06_NPU,element,31,1,score=0.291 hits=2/6 pages=[35] page_match=False ev_type=paragraph | preview: 2.2.1 Neraca Produksi  umum ini menggambarkan biaya-biaya yang dikeluarkan di sisi kiri dan output di sisi kanan. Biaya-,auto,auto_labeled_needs_validation
Q027,DOC06_NPU,element,65,1,score=0.291 hits=2/6 pages=[67] page_match=False ev_type=paragraph | preview: ANALISIS DESKRIPTIF DESCRIPTIVE ANALYSIS  komponen dengan komponen lainnya atau ditinjau pertumbuhan masing- masing komp,auto,auto_labeled_needs_validation
Q027,DOC06_NPU,element,40,1,"score=0.285 hits=2/6 pages=[40,41] page_match=False ev_type=paragraph | preview: 2.2.2.2 Consumption of fixed capital  Consumption of fixed capital is the part of income put aside for the purpose of re",auto,auto_labeled_needs_validation
Q027,DOC06_NPU,element,35,1,"score=0.257 hits=2/6 pages=[37,38] page_match=False ev_type=paragraph | preview: 2.2.1.1 Intermediate Consumption  covers purchases of writing utensils, printing material and other office supplies, bus",auto,auto_labeled_needs_validation
Q027,DOC06_NPU,element,78,1,"score=0.237 hits=1/6 pages=[77,78] page_match=False ev_type=paragraph | preview: 3.3 Gross National Income  Item penyeimbang pada neraca alokasi pendapatan primer adalah pendapatan primer atau Pendapat",auto,auto_labeled_needs_validation
Q027,DOC06_NPU,element,53,1,score=0.231 hits=1/6 pages=[52] page_match=False ev_type=paragraph | preview: 2.2.3.5 Property Income Paid  disposable income. On the left side of the account containing the use of disposable income,auto,auto_labeled_needs_validation
Q027,DOC06_NPU,element,50,1,"score=0.225 hits=1/6 pages=[49] page_match=False ev_type=paragraph | preview: 2.2.3.5 Property Income Paid  actually included on compensation of employees. This item covered pensions, family allowan",auto,auto_labeled_needs_validation
Q027,DOC06_NPU,element,64,1,"score=0.218 hits=1/6 pages=[66] page_match=False ev_type=paragraph | preview: ANALISIS DESKRIPTIF DESCRIPTIVE ANALYSIS  accounts, the concept of expense is defined to include all uses incurred by go",auto,auto_labeled_needs_validation
Q027,DOC06_NPU,element,66,1,"score=0.218 hits=1/6 pages=[67,68] page_match=False ev_type=paragraph | preview: 3.1 Government Output  3.1 Output Pemerintah  Output pemerintah merupakan  output non-pasar yang terdiri atas barang dan",auto,auto_labeled_needs_validation
Q027,DOC06_NPU,element,17,1,"score=0.212 hits=1/6 pages=[21,22] page_match=False ev_type=paragraph | preview: I. INTRODUCTION  penyusunan  neraca  pemerintahan  to government accounts. Chapter II  umum. Bab II Sumber Data dan Meto",auto,auto_labeled_needs_validation
Q027,DOC06_NPU,element,30,1,"score=0.212 hits=1/6 pages=[34,35] page_match=False ev_type=paragraph | preview: 2.2.1 Neraca Produksi  https://www.bps.go.id  The production account of general government is an account which is used t",auto,auto_labeled_needs_validation
Q027,DOC06_NPU,element,81,1,"score=0.206 hits=1/6 pages=[79,80] page_match=False ev_type=paragraph | preview: 3.4 Disposable Income  the  ANALISIS DESKRIPTIF DESCRIPTIVE ANALYSIS  63  primary incomes of an institutional  menggamba",auto,auto_labeled_needs_validation
Q027,DOC06_NPU,element,100,1,score=0.206 hits=1/6 pages=[98] page_match=False ev_type=paragraph | preview: 3.7 Pembentukan Modal Tetap Bruto 3.7 Gross Fixed Capital Formation (PMTB) (GFCF)  menunjukkan pemerintahan bahwa that t,auto,auto_labeled_needs_validation
Q027,DOC06_NPU,element,37,1,score=0.206 hits=2/6 pages=[38] page_match=False ev_type=paragraph | preview: 2.2.5 The Generation of Income  Account  The Generation of Income Account is the elaboration of Gross Value Added (GVA).,auto,auto_labeled_needs_validation
Q027,DOC06_NPU,semantic_maxmin,0,2,score=0.665 hits=6/6 pages=[?] page_match=False ev_type=paragraph | preview: 2019 2024 NERACA PEMERINTAHANAN UMUM INDONESIA General Government Accounts of Indonesia BADAN PUSAT STATISTIK BPS-STATIS,auto,auto_labeled_needs_validation
Q027,DOC06_NPU,semantic_maxmin,3,2,score=0.624 hits=6/6 pages=[?] page_match=False ev_type=paragraph | preview: vi s “Publikasi Neraca Pemerintahan Umum Indonesia 2019–2024 menyajikan neraca- neraca Pemerintahan Umum menurut tingkat,auto,auto_labeled_needs_validation
Q027,DOC06_NPU,semantic_maxmin,171,2,"score=0.567 hits=6/6 pages=[?] page_match=False ev_type=paragraph | preview: III. ANALISIS DESKRIPTIF NERACA PEMERINTAHAN UMUM 2019- Neraca pemerintahan umum terdiri atas rangkaian neraca, yaitu ne",auto,auto_labeled_needs_validation
Q027,DOC06_NPU,semantic_maxmin,4,1,"score=0.561 hits=6/6 pages=[?] page_match=False ev_type=paragraph | preview: Lampiran /Appendices Judul Lampiran/Appendices Title Halaman .1 Neraca Produksi Pemerintahan Umum (miliar rupiah), 2019–",auto,auto_labeled_needs_validation
Q027,DOC06_NPU,semantic_maxmin,57,1,"score=0.538 hits=6/6 pages=[?] page_match=False ev_type=paragraph | preview: The United Nations recommends that all transactions made by general government should be recorded in a certain period, s",auto,auto_labeled_needs_validation
Q027,DOC06_NPU,semantic_maxmin,102,1,score=0.304 hits=2/6 pages=[?] page_match=False ev_type=paragraph | preview: 2.2.3.5 Pendapatan Kepemilikan yang Dibayar Pendapatan kepemilikan yang dibayar mencakup pembayaran bunga utang pemerint,auto,auto_labeled_needs_validation
Q027,DOC06_NPU,semantic_maxmin,124,1,score=0.304 hits=2/6 pages=[?] page_match=False ev_type=paragraph | preview: Dana desa 2.2.4.5 Pendapatan Disposabel Pendapatan disposabel adalah pendapatan yang digunakan untuk pengeluaran konsums,auto,auto_labeled_needs_validation
Q027,DOC06_NPU,semantic_maxmin,142,1,"score=0.298 hits=2/6 pages=[?] page_match=False ev_type=paragraph | preview: Sementara untuk pemerintah daerah, pendapatan dari penjualan barang dan jasa berasal dari retribusi daerah. 2.2.5.3 Tabu",auto,auto_labeled_needs_validation
Q027,DOC06_NPU,semantic_maxmin,63,1,"score=0.291 hits=2/6 pages=[?] page_match=False ev_type=paragraph | preview: Sementara, NTB pemerintahan umum terdiri dari belanja pegawai, konsumsi barang modal tetap, pajak atas produksi dan impo",auto,auto_labeled_needs_validation
Q027,DOC06_NPU,semantic_maxmin,83,1,"score=0.279 hits=2/6 pages=[?] page_match=False ev_type=paragraph | preview: Dalam neraca pendapatan yang dihasilkan, data konsumsi barang modal tetap tidak tersedia sehingga nilainya diestimasi se",auto,auto_labeled_needs_validation
Q027,DOC06_NPU,semantic_maxmin,85,1,"score=0.275 hits=2/6 pages=[?] page_match=False ev_type=paragraph | preview: 2.2.2.3 Operating Surplus The government is a non- market producer that non-profit oriented, net operating surplus of ge",auto,auto_labeled_needs_validation
Q027,DOC06_NPU,semantic_maxmin,181,1,score=0.263 hits=2/6 pages=[?] page_match=False ev_type=paragraph | preview: Neraca pemerintahan umum disajikan dan dianalisis tahun 2019-2024. Terdapat delapan komponen neraca pemerintahan umum ya,auto,auto_labeled_needs_validation
Q027,DOC06_NPU,semantic_maxmin,68,1,score=0.257 hits=2/6 pages=[?] page_match=False ev_type=paragraph | preview: 2.2.1.2 Nilai Tambah Bruto NTB pemerintahan umum terdiri dari belanja pegawai dan konsumsi barang modal tetap. Penjelasa,auto,auto_labeled_needs_validation
Q027,DOC06_NPU,semantic_maxmin,156,1,"score=0.257 hits=2/6 pages=[?] page_match=False ev_type=paragraph | preview: 2.2.6.3 Pembelian Tanah Pemerintahan umum sering melakukan transaksi jual beli tanah, baik jual beli antar instansi peme",auto,auto_labeled_needs_validation
Q027,DOC06_NPU,semantic_maxmin,224,1,"score=0.257 hits=2/6 pages=[?] page_match=False ev_type=paragraph | preview: Rp1,111 trillion. The smallest value of GNI occurred in 2020 with a value of Rp655 trillion. In 2024, GNI experienced a ",auto,auto_labeled_needs_validation
Q027,DOC06_NPU,semantic_maxmin,104,1,score=0.234 hits=2/6 pages=[?] page_match=False ev_type=paragraph | preview: the difference between the resources and uses that later transferred into the secondary distribution of income account a,auto,auto_labeled_needs_validation
Q027,DOC06_NPU,semantic_maxmin,128,1,"score=0.225 hits=1/6 pages=[?] page_match=False ev_type=paragraph | preview: Tabungan sebagai penyeimbang, merupakan pengurangan dari pendapatan disposabel dan pengeluaran konsumsi akhir pemerintah",auto,auto_labeled_needs_validation
Q027,DOC06_NPU,semantic_maxmin,143,1,"score=0.212 hits=1/6 pages=[?] page_match=False ev_type=paragraph | preview: Neraca modal pemerintahan umum mencatat perolehan dan penggunaan atas harta nonfinansial, dan merupakan neraca yang memp",auto,auto_labeled_needs_validation
Q027,DOC06_NPU,semantic_maxmin,160,1,"score=0.212 hits=2/6 pages=[?] page_match=False ev_type=paragraph | preview: Jika positif menggambarkan peminjaman neto, sedangkan jika negatif menggambarkan pinjaman neto. 2.2.6.6 Tabungan Tabunga",auto,auto_labeled_needs_validation
Q027,DOC06_NPU,semantic_maxmin,312,1,"score=0.209 hits=4/6 pages=[?] page_match=False ev_type=paragraph [TABLE]| preview: Lampiran 1.1 Neraca Produksi Pemerintahan Umum (miliar rupiah), 2019–2024 Appendix General Government’s Production Accou",auto,auto_labeled_needs_validation
Q027,DOC06_NPU,semantic_maxmin,16,1,"score=0.206 hits=1/6 pages=[?] page_match=False ev_type=paragraph | preview: Neraca pemerintahan umum menggambarkan keterlibatan pemerintah dalam menciptakan output non-pasar, meredistribusi pendap",auto,auto_labeled_needs_validation
Q027,DOC06_NPU,semantic_maxmin,62,1,score=0.206 hits=1/6 pages=[?] page_match=False ev_type=paragraph | preview: Neraca produksi pemerintahan umum ini menggambarkan biaya-biaya yang dikeluarkan di sisi kiri dan output di sisi kanan. ,auto,auto_labeled_needs_validation
Q027,DOC06_NPU,semantic_maxmin,226,1,score=0.206 hits=1/6 pages=[?] page_match=False ev_type=paragraph | preview: Pendapatan disposabel dapat diartikan secara sempit sebagai jumlah maksimum kemampuan pemerintahan umum dalam membiayai ,auto,auto_labeled_needs_validation
Q027,DOC06_NPU,semantic_maxmin,159,1,"score=0.200 hits=1/6 pages=[?] page_match=False ev_type=paragraph | preview: In the capital account, this detail appears on the left side of the balance sheet with a negative sign, serving as a ded",auto,auto_labeled_needs_validation
Q027,DOC06_NPU,semantic_maxmin,105,1,score=0.196 hits=1/6 pages=[?] page_match=False ev_type=paragraph | preview: Dalam neraca distribusi pendapatan sekunder transfer berjalan dibedakan menjadi empat kelompok: a. Pajak pendapatan dan ,auto,auto_labeled_needs_validation
Q027,DOC06_NPU,recursive,2,2,"score=0.665 hits=6/6 pages=[?] page_match=False ev_type=paragraph | preview: Deja Firda Lupitasari Canva.com, Freepik.com Pengarah/Director Penanggung Jawab Person in Charge Penyunting/Editor Penul",auto,auto_labeled_needs_validation
Q027,DOC06_NPU,recursive,101,2,score=0.567 hits=6/6 pages=[?] page_match=False ev_type=paragraph | preview: percent of special allocation fund d. 90 percent special autonomy funds e. Part of funding adjustment. III. ANALISIS DES,auto,auto_labeled_needs_validation
Q027,DOC06_NPU,recursive,6,2,"score=0.538 hits=6/6 pages=[?] page_match=False ev_type=paragraph | preview: Volume 42, 2025 KATA PENGANTAR/PREFACE ... v DAFTAR ISI/TABLE OF CONTENTS ... vii DAFTAR TABEL/LIST OF TABLES ... ix DAF",auto,auto_labeled_needs_validation
Q027,DOC06_NPU,recursive,43,1,"score=0.538 hits=6/6 pages=[?] page_match=False ev_type=paragraph | preview: financial services of a kind provided by state-owned/private enterprises, but the production activities and financial ma",auto,auto_labeled_needs_validation
Q027,DOC06_NPU,recursive,12,1,"score=0.329 hits=3/6 pages=[?] page_match=False ev_type=paragraph | preview: .1 Neraca Produksi Pemerintahan Umum (miliar rupiah), 2019– 2024/General Government Production Account (billion rupiah),",auto,auto_labeled_needs_validation
Q027,DOC06_NPU,recursive,14,1,"score=0.329 hits=3/6 pages=[?] page_match=False ev_type=paragraph | preview: Distribution of Income Account (billion rupiah), 2019–2024 ... 4.2 Neraca Distribusi Pendapatan Sekunder Pemerintahan Pu",auto,auto_labeled_needs_validation
Q027,DOC06_NPU,recursive,106,1,"score=0.326 hits=2/6 pages=[?] page_match=False ev_type=paragraph | preview: The data will be analyzed vertically, such as an analysis of the relative komponen dengan komponen lainnya atau ditinjau",auto,auto_labeled_needs_validation
Q027,DOC06_NPU,recursive,79,1,score=0.310 hits=2/6 pages=[?] page_match=False ev_type=paragraph | preview: 3. 10 persen Dana Otonomi Khusus (DOK) 4. 100 persen Dana Alokasi Khusus (DAK) nonfisik 5. Dana desa 2.2.4.5 Pendapatan ,auto,auto_labeled_needs_validation
Q027,DOC06_NPU,recursive,69,1,score=0.304 hits=2/6 pages=[?] page_match=False ev_type=paragraph | preview: SDA kelautan). 2.2.3.5 Pendapatan Kepemilikan yang Dibayar Pendapatan kepemilikan yang dibayar mencakup pembayaran bunga,auto,auto_labeled_needs_validation
Q027,DOC06_NPU,recursive,5,1,score=0.301 hits=2/6 pages=[?] page_match=False ev_type=paragraph | preview: Suggestions are greatly appreciated to improve the future editions. vi s “Publikasi Neraca Pemerintahan Umum Indonesia 2,auto,auto_labeled_needs_validation
Q027,DOC06_NPU,recursive,87,1,"score=0.298 hits=2/6 pages=[?] page_match=False ev_type=paragraph | preview: Health, Social Protection, and Religious Services. 4. Revenue from Education, Culture, Research, and Technology. 5. Reve",auto,auto_labeled_needs_validation
Q027,DOC06_NPU,recursive,46,1,score=0.291 hits=2/6 pages=[?] page_match=False ev_type=paragraph | preview: dalam ciri struktur biaya maupun dalam pembelanjaannya. Neraca produksi pemerintahan umum ini menggambarkan biaya-biaya ,auto,auto_labeled_needs_validation
Q027,DOC06_NPU,recursive,7,1,score=0.285 hits=2/6 pages=[?] page_match=False ev_type=paragraph | preview: Distribution of Income Account ... 30 2.2.5 Neraca Penggunaan Pendapatan Disposabel/The Use of Disposable Income Account,auto,auto_labeled_needs_validation
Q027,DOC06_NPU,recursive,57,1,score=0.285 hits=2/6 pages=[?] page_match=False ev_type=paragraph | preview: 2.2.2.2 Konsumsi Barang Modal Tetap Konsumsi barang modal tetap adalah penyisihan pendapatan yang akan digunakan untuk p,auto,auto_labeled_needs_validation
Q027,DOC06_NPU,recursive,59,1,"score=0.275 hits=2/6 pages=[?] page_match=False ev_type=paragraph | preview: Meanwhile, the gross operating surplus of general government is equal to pemerintahan umum adalah senilai dengan konsums",auto,auto_labeled_needs_validation
Q027,DOC06_NPU,recursive,13,1,"score=0.257 hits=2/6 pages=[?] page_match=False ev_type=paragraph | preview: (miliar rupiah), 2019–2024/Local Government Generation of Income Account (billion rupiah), 2019–2024 ... 3.1 Neraca Alok",auto,auto_labeled_needs_validation
Q027,DOC06_NPU,recursive,50,1,"score=0.257 hits=2/6 pages=[?] page_match=False ev_type=paragraph | preview: This procedure is also applied on local government. However, in the local government’s budget, expenses are classified i",auto,auto_labeled_needs_validation
Q027,DOC06_NPU,recursive,58,1,score=0.257 hits=2/6 pages=[?] page_match=False ev_type=paragraph | preview: 2.2.2.2 Consumption of fixed capital Consumption of fixed capital is the part of income put aside for the purpose of rep,auto,auto_labeled_needs_validation
Q027,DOC06_NPU,recursive,181,1,score=0.250 hits=2/6 pages=[?] page_match=False ev_type=paragraph | preview: Uses 44.309 159.301 115.788 136.783 119.811 108.221 1. Manfaat Sosial Social Benefits 2. Transfer Berjalan Lainnya Other,auto,auto_labeled_needs_validation
Q027,DOC06_NPU,recursive,70,1,"score=0.234 hits=2/6 pages=[?] page_match=False ev_type=paragraph | preview: Based Government Securities (SUN), and discounts payment of Sharia Government Securities (SBN). 2.2.3.6 Primary Income P",auto,auto_labeled_needs_validation
Q027,DOC06_NPU,recursive,80,1,score=0.231 hits=1/6 pages=[?] page_match=False ev_type=paragraph | preview: 3. 10 percent of Special Autonomy Fund. 4. 10 percent of specific Allocation Fund 5. Village Fund 2.2.4.5 Disposable Inc,auto,auto_labeled_needs_validation
Q027,DOC06_NPU,recursive,74,1,score=0.225 hits=1/6 pages=[?] page_match=False ev_type=paragraph | preview: 3. Government-Assumed Income Tax Local government income tax is categorized according to local tax classifications estab,auto,auto_labeled_needs_validation
Q027,DOC06_NPU,recursive,81,1,score=0.225 hits=1/6 pages=[?] page_match=False ev_type=paragraph | preview: Rincian dalam neraca penggunaan pendapatan disposabel adalah sebagai berikut: 2.2.5.1 Pengeluaran Konsumsi Akhir Pengelu,auto,auto_labeled_needs_validation
Q027,DOC06_NPU,recursive,148,1,score=0.218 hits=1/6 pages=[?] page_match=False ev_type=paragraph | preview: persen (y-on-y). Peningkatan ini utamanya dipengaruhi oleh pengadaan dan pemeliharaan barang milik negara (BMN) dan bara,auto,auto_labeled_needs_validation
Q027,DOC06_NPU,recursive,15,1,"score=0.212 hits=1/6 pages=[?] page_match=False ev_type=paragraph | preview: Daerah (miliar rupiah), 2019–2024/Local Government Use of Disposable Income Account (billion rupiah), 2019–2024 ... 6.1 ",auto,auto_labeled_needs_validation
Q028,DOC06_NPU,element,4,2,"score=0.657 hits=2/3 pages=[5,7] page_match=True ev_type=paragraph | preview: TIM PENYUSUN/COMPILERS  NERACA PEMERINTAHAN UMUM INDONESIA 2019–2024  GENERAL GOVERNMENT ACCOUNTS OF INDONESIA 2019–2024",auto,auto_labeled_needs_validation
Q028,DOC06_NPU,element,26,1,"score=0.271 hits=1/3 pages=[31,32] page_match=False ev_type=paragraph | preview: 2.1.1 Revenues  countries,  pada berbagai  the economic  15  activities and social affairs of their society. It is neces",auto,auto_labeled_needs_validation
Q028,DOC06_NPU,element,64,1,"score=0.241 hits=1/3 pages=[66] page_match=False ev_type=paragraph | preview: ANALISIS DESKRIPTIF DESCRIPTIVE ANALYSIS  accounts, the concept of expense is defined to include all uses incurred by go",auto,auto_labeled_needs_validation
Q028,DOC06_NPU,element,78,1,"score=0.241 hits=1/3 pages=[77,78] page_match=False ev_type=paragraph | preview: 3.3 Gross National Income  Item penyeimbang pada neraca alokasi pendapatan primer adalah pendapatan primer atau Pendapat",auto,auto_labeled_needs_validation
Q028,DOC06_NPU,element,17,1,"score=0.235 hits=1/3 pages=[21,22] page_match=False ev_type=paragraph | preview: I. INTRODUCTION  penyusunan  neraca  pemerintahan  to government accounts. Chapter II  umum. Bab II Sumber Data dan Meto",auto,auto_labeled_needs_validation
Q028,DOC06_NPU,element,63,1,"score=0.235 hits=1/3 pages=[63,64,65] page_match=False ev_type=paragraph | preview: ANALISIS DESKRIPTIF DESCRIPTIVE ANALYSIS  https://www.bps.go.id  48  III.  ANALISIS DESKRIPTIF NERACA  III.  DESCRIPTIVE",auto,auto_labeled_needs_validation
Q028,DOC06_NPU,element,87,1,"score=0.229 hits=1/3 pages=[85,86] page_match=False ev_type=paragraph | preview: 3.4.2 Pajak Pendapatan, Kekayaan, dan Pajak Lainnya  restitusi dan kebijakan optimalisasi penerimaan, serta kinerja cuka",auto,auto_labeled_needs_validation
Q028,DOC06_NPU,element,15,1,score=0.223 hits=1/3 pages=[19] page_match=False ev_type=paragraph | preview: I. INTRODUCTION  Pemerintahan umum merupakan  General government  is an  salah satu sektor penting dalam kerangka Sistem,auto,auto_labeled_needs_validation
Q028,DOC06_NPU,element,22,1,"score=0.211 hits=1/3 pages=[29] page_match=False ev_type=paragraph | preview: 2.1.1 Revenues  tercantum dalam Nota Keuangan dan UU APBN. Selain menurut jenis belanja, belanja juga dirinci menurut fu",auto,auto_labeled_needs_validation
Q028,DOC06_NPU,element,59,1,"score=0.205 hits=1/3 pages=[58] page_match=False ev_type=paragraph | preview: 2.2.6.3 Purchase of Land  General government are often involved in land transactions, either within government units or ",auto,auto_labeled_needs_validation
Q028,DOC06_NPU,element,89,1,"score=0.205 hits=1/3 pages=[87,88] page_match=False ev_type=paragraph | preview: ANALISIS DESKRIPTIF DESCRIPTIVE ANALYSIS  71  absorber and agent of development to protect the people, keep the economy ",auto,auto_labeled_needs_validation
Q028,DOC06_NPU,semantic_maxmin,1,2,"score=0.567 hits=2/3 pages=[?] page_match=False ev_type=paragraph | preview: Neraca- neraca tersebut disajikan dalam bentuk tabel dan grafik, baik berupa persentase maupun nilai rupiah. Sejak publi",auto,auto_labeled_needs_validation
Q028,DOC06_NPU,semantic_maxmin,2,1,score=0.381 hits=2/3 pages=[?] page_match=False ev_type=paragraph | preview: General Government Accounts of Indonesia 2019–2024 provides detailed general government accounts at both the central and,auto,auto_labeled_needs_validation
Q028,DOC06_NPU,semantic_maxmin,252,1,"score=0.235 hits=1/3 pages=[?] page_match=False ev_type=paragraph | preview: Dalam neraca ini, tabungan berperan sebagai item penyeimbang. Tabungan bruto pemerintahan umum pada rentang tahun 2019-2",auto,auto_labeled_needs_validation
Q028,DOC06_NPU,semantic_maxmin,177,1,score=0.229 hits=1/3 pages=[?] page_match=False ev_type=paragraph | preview: Agregat dan item penyeimbang digunakan untuk menilai penggunaan sumber daya dalam memproduksi jasa individu dan jasa kol,auto,auto_labeled_needs_validation
Q028,DOC06_NPU,semantic_maxmin,51,1,score=0.223 hits=1/3 pages=[?] page_match=False ev_type=paragraph | preview: Salah satu statistik makro yang berhubungan dengan pengukuran kegiatan pemerintah tersebut adalah neraca sektor pemerint,auto,auto_labeled_needs_validation
Q028,DOC06_NPU,semantic_maxmin,217,1,score=0.217 hits=1/3 pages=[?] page_match=False ev_type=paragraph | preview: 3.3 Pendapatan Nasional Bruto Item penyeimbang pada neraca alokasi pendapatan primer adalah pendapatan primer atau Penda,auto,auto_labeled_needs_validation
Q028,DOC06_NPU,semantic_maxmin,172,1,score=0.211 hits=1/3 pages=[?] page_match=False ev_type=paragraph | preview: Setiap neraca tersusun dari beberapa transaksi. Berbagai transaksi pada sajian keuangan pemerintah pada dasarnya terdiri,auto,auto_labeled_needs_validation
Q028,DOC06_NPU,semantic_maxmin,37,1,score=0.206 hits=1/3 pages=[?] page_match=False ev_type=paragraph | preview: Pengklasifikasian menurut fungsi ini menunjukkan bahwa Indonesia telah mengacu pada Classification of the Functions of G,auto,auto_labeled_needs_validation
Q028,DOC06_NPU,semantic_maxmin,8,1,score=0.205 hits=1/3 pages=[?] page_match=False ev_type=paragraph | preview: I. INTRODUCTION General government is an important sector in the System of National Accounts (SNA 2008).,auto,auto_labeled_needs_validation
Q028,DOC06_NPU,semantic_maxmin,5,1,score=0.199 hits=1/3 pages=[?] page_match=False ev_type=paragraph | preview: I. PENDAHULUAN Pemerintahan umum merupakan salah satu sektor penting dalam kerangka Sistem Neraca Nasional (SNA 2008). P,auto,auto_labeled_needs_validation
Q028,DOC06_NPU,semantic_maxmin,15,1,"score=0.199 hits=1/3 pages=[?] page_match=False ev_type=paragraph | preview: Bab II Sumber Data dan Metodologi, menjelaskan data-data yang digunakan untuk menyusun neraca pemerintahan umum, cakupan",auto,auto_labeled_needs_validation
Q028,DOC06_NPU,semantic_maxmin,17,1,score=0.193 hits=1/3 pages=[?] page_match=False ev_type=paragraph | preview: to government accounts. Chapter II Data Sources and Methodology describes data used in estimating general government acc,auto,auto_labeled_needs_validation
Q028,DOC06_NPU,semantic_maxmin,251,1,score=0.193 hits=1/3 pages=[?] page_match=False ev_type=paragraph | preview: This change is primarily driven by the procurement and maintenance of state-owned assests as well as the operational ite,auto,auto_labeled_needs_validation
Q028,DOC06_NPU,semantic_maxmin,175,1,score=0.187 hits=1/3 pages=[?] page_match=False ev_type=paragraph | preview: Every account is composed of several transactions. Various transactions in the government financial presentations essent,auto,auto_labeled_needs_validation
Q028,DOC06_NPU,semantic_maxmin,179,1,score=0.187 hits=1/3 pages=[?] page_match=False ev_type=paragraph | preview: Aggregates and balancing items of this nature can be used to assess the use of resources to produce individual and colle,auto,auto_labeled_needs_validation
Q028,DOC06_NPU,semantic_maxmin,39,1,score=0.157 hits=1/3 pages=[?] page_match=False ev_type=paragraph | preview: The classification of functions is determined by the government's primary duties in providing services to the community.,auto,auto_labeled_needs_validation
Q028,DOC06_NPU,recursive,3,2,"score=0.567 hits=2/3 pages=[?] page_match=False ev_type=paragraph | preview: Sejak publikasi tahun 2016, penyusunan neraca pemerintahan umum sudah mengacu pada System of National Accounts (SNA) 200",auto,auto_labeled_needs_validation
Q028,DOC06_NPU,recursive,4,2,"score=0.422 hits=2/3 pages=[?] page_match=False ev_type=paragraph | preview: Account, Generation of Income Account, Allocation of Primary Income Account, Secondary Distribution of Income Account, U",auto,auto_labeled_needs_validation
Q028,DOC06_NPU,recursive,2,1,"score=0.282 hits=0/3 pages=[?] page_match=False ev_type=paragraph | preview: Deja Firda Lupitasari Canva.com, Freepik.com Pengarah/Director Penanggung Jawab Person in Charge Penyunting/Editor Penul",auto,auto_labeled_needs_validation
Q028,DOC06_NPU,recursive,38,1,score=0.253 hits=1/3 pages=[?] page_match=False ev_type=paragraph | preview: enhancing domestic financing sources; (ii) gradually reducing the debt stock; and (iii) ensuring timely fulfillment of d,auto,auto_labeled_needs_validation
Q028,DOC06_NPU,recursive,20,1,score=0.247 hits=1/3 pages=[?] page_match=False ev_type=paragraph | preview: based on the System of National Accounts (SNA) 2008. It is presented under three chapters. Chapter I Introduction presen,auto,auto_labeled_needs_validation
Q028,DOC06_NPU,recursive,104,1,score=0.241 hits=1/3 pages=[?] page_match=False ev_type=paragraph | preview: Berbagai transaksi baik yang meningkatkan dan mengurangi kekayaan neto menghasilkan nilai agregat dan item penyeimbang p,auto,auto_labeled_needs_validation
Q028,DOC06_NPU,recursive,148,1,score=0.235 hits=1/3 pages=[?] page_match=False ev_type=paragraph | preview: persen (y-on-y). Peningkatan ini utamanya dipengaruhi oleh pengadaan dan pemeliharaan barang milik negara (BMN) dan bara,auto,auto_labeled_needs_validation
Q028,DOC06_NPU,recursive,149,1,"score=0.235 hits=1/3 pages=[?] page_match=False ev_type=paragraph | preview: poin 9.1). Dalam neraca ini, tabungan berperan sebagai item penyeimbang. Tabungan bruto pemerintahan umum pada rentang t",auto,auto_labeled_needs_validation
Q028,DOC06_NPU,recursive,101,1,score=0.229 hits=1/3 pages=[?] page_match=False ev_type=paragraph | preview: percent of special allocation fund d. 90 percent special autonomy funds e. Part of funding adjustment. III. ANALISIS DES,auto,auto_labeled_needs_validation
Q028,DOC06_NPU,recursive,142,1,"score=0.223 hits=1/3 pages=[?] page_match=False ev_type=paragraph | preview: trillion. This figure represents an increase of 0.47 percent compared to Rp1,116 trillion in 2023. The growth in income,",auto,auto_labeled_needs_validation
Q028,DOC06_NPU,recursive,21,1,score=0.217 hits=1/3 pages=[?] page_match=False ev_type=paragraph | preview: to government accounts. Chapter II Data Sources and Methodology describes data used in estimating general government acc,auto,auto_labeled_needs_validation
Q028,DOC06_NPU,recursive,103,1,score=0.217 hits=1/3 pages=[?] page_match=False ev_type=paragraph | preview: (SNA 2008: 22.63). Government revenues are usually dominated by compulsory levies in the form of taxes and social contri,auto,auto_labeled_needs_validation
Q028,DOC06_NPU,recursive,16,1,"score=0.217 hits=1/3 pages=[?] page_match=False ev_type=paragraph | preview: Selain itu, pemerintahan umum juga berfungsi meredistribusi pendapatan dan kekayaan melalui pajak dan transfer. Sektor p",auto,auto_labeled_needs_validation
Q028,DOC06_NPU,recursive,32,1,score=0.211 hits=1/3 pages=[?] page_match=False ev_type=paragraph | preview: Pengklasifikasian menurut fungsi ini menunjukkan bahwa Indonesia telah mengacu pada Classification of the Functions of G,auto,auto_labeled_needs_validation
Q028,DOC06_NPU,recursive,15,1,"score=0.205 hits=1/3 pages=[?] page_match=False ev_type=paragraph | preview: Daerah (miliar rupiah), 2019–2024/Local Government Use of Disposable Income Account (billion rupiah), 2019–2024 ... 6.1 ",auto,auto_labeled_needs_validation
Q028,DOC06_NPU,recursive,105,1,score=0.199 hits=1/3 pages=[?] page_match=False ev_type=paragraph | preview: current accounts and capital transfer payable as recorded in the capital account. Transactions that both increase and de,auto,auto_labeled_needs_validation
Q028,DOC06_NPU,recursive,102,1,"score=0.193 hits=1/3 pages=[?] page_match=False ev_type=paragraph | preview: Pendapatan pemerintah umumnya didominasi oleh pungutan wajib dalam bentuk pajak dan kontribusi sosial. Selain itu, sumbe",auto,auto_labeled_needs_validation
Q028,DOC06_NPU,recursive,33,1,score=0.163 hits=1/3 pages=[?] page_match=False ev_type=paragraph | preview: The classification of functions is determined by the government's primary duties in providing services to the community.,auto,auto_labeled_needs_validation
Q029,DOC06_NPU,element,4,2,"score=0.555 hits=2/3 pages=[5,7] page_match=True ev_type=paragraph | preview: TIM PENYUSUN/COMPILERS  NERACA PEMERINTAHAN UMUM INDONESIA 2019–2024  GENERAL GOVERNMENT ACCOUNTS OF INDONESIA 2019–2024",auto,auto_labeled_needs_validation
Q029,DOC06_NPU,semantic_maxmin,1,2,"score=0.465 hits=2/3 pages=[?] page_match=False ev_type=paragraph | preview: Neraca- neraca tersebut disajikan dalam bentuk tabel dan grafik, baik berupa persentase maupun nilai rupiah. Sejak publi",auto,auto_labeled_needs_validation
Q029,DOC06_NPU,recursive,3,2,"score=0.465 hits=2/3 pages=[?] page_match=False ev_type=paragraph | preview: Sejak publikasi tahun 2016, penyusunan neraca pemerintahan umum sudah mengacu pada System of National Accounts (SNA) 200",auto,auto_labeled_needs_validation
Q030,DOC06_NPU,element,65,2,"score=0.426 hits=3/5 pages=[67] page_match=False ev_type=table_of_contents | preview: ANALISIS DESKRIPTIF DESCRIPTIVE ANALYSIS  komponen dengan komponen lainnya atau ditinjau pertumbuhan masing- masing komp [PROMOTED: best candidate, no strict label-2 found]",auto,auto_labeled_promoted_needs_validation
Q030,DOC06_NPU,element,7,1,score=0.372 hits=2/5 pages=[10] page_match=True ev_type=table_of_contents | preview: DAFTAR ISI/TABLE OF CONTENTS  3.4 Pendapatan Disposabel/Disposable Income  3.5 Pengeluaran Konsumsi Pemerintah/Governmen,auto,auto_labeled_needs_validation
Q030,DOC06_NPU,element,71,1,"score=0.304 hits=2/5 pages=[71,72] page_match=False ev_type=table_of_contents | preview: 3.1 Government Output  ANALISIS DESKRIPTIF DESCRIPTIVE ANALYSIS  55  persen. Proporsi konsumsi antara tahun tahun 2024 m",auto,auto_labeled_needs_validation
Q030,DOC06_NPU,element,10,1,"score=0.300 hits=3/5 pages=[14] page_match=False ev_type=table_of_contents | preview: No. Halaman Judul Gambar/Figure Title Page /Figure 9 Pajak Pendapatan, Kekayaan, dan Pajak Lainnya Pemerintahan Umum (tr",auto,auto_labeled_needs_validation
Q030,DOC06_NPU,element,94,1,"score=0.257 hits=2/5 pages=[93,94] page_match=False ev_type=table_of_contents | preview: 3.7 Pembentukan Modal Tetap Bruto 3.7 Gross Fixed Capital Formation (PMTB) (GFCF)  kinerja investasi pemerintah di tahun",auto,auto_labeled_needs_validation
Q030,DOC06_NPU,element,8,1,"score=0.254 hits=2/5 pages=[11,12] page_match=False ev_type=table_of_contents | preview: DAFTAR TABEL/LIST OF TABLES  No. Tabel  /Table  Judul Tabel/Table Title  Halaman  Page  1 Persentase Komponen-Komponen N",auto,auto_labeled_needs_validation
Q030,DOC06_NPU,element,9,1,score=0.254 hits=2/5 pages=[13] page_match=False ev_type=table_of_contents | preview: DAFTAR GAMBAR/LIST OF FIGURES  No.  Gambar  /Figure  Judul Gambar/Figure Title  Halaman  Page  1 Output Non-Pasar Pemeri,auto,auto_labeled_needs_validation
Q030,DOC06_NPU,element,91,1,"score=0.234 hits=2/5 pages=[88,89,90] page_match=False ev_type=table_of_contents | preview: ANALISIS DESKRIPTIF DESCRIPTIVE ANALYSIS  72  seperti pada gambar 11. Nilai tabungan bruto pemerintah mengalami penuruna",auto,auto_labeled_needs_validation
Q030,DOC06_NPU,element,73,1,score=0.217 hits=2/5 pages=[73] page_match=False ev_type=table_of_contents | preview: Rata- Rata No Keterangan/Items 2019 2020 2021 2022 2023 2024 Average https://www.bps.go.id (1) (2) (3) (4) (5) (6) (7) (,auto,auto_labeled_needs_validation
Q030,DOC06_NPU,element,74,1,"score=0.214 hits=1/5 pages=[73,74] page_match=False ev_type=table_of_contents | preview: 3.1 Government Output  Berdasarkan Tabel 1,  rata-rata  persentase kompensasi pegawai pemerintahan umum terhadap PDB nas",auto,auto_labeled_needs_validation
Q030,DOC06_NPU,element,95,1,"score=0.202 hits=2/5 pages=[94] page_match=False ev_type=table_of_contents | preview: Rata- 2019 2022 2021 2020 Keterangan/Items 2023 Rata 2024 (5) (3) (4) (2) (7) (8) (6) (9) PMTB Pemerintahan Umum 8,35 8,",auto,auto_labeled_needs_validation
Q030,DOC06_NPU,element,92,1,"score=0.192 hits=1/5 pages=[90,91] page_match=False ev_type=table_of_contents | preview: 3.7 Pembentukan Modal Tetap Bruto 3.7 Gross Fixed Capital Formation (PMTB) (GFCF)  PMTB dicatat pada sisi uses neraca mo",auto,auto_labeled_needs_validation
Q030,DOC06_NPU,element,67,1,"score=0.189 hits=1/5 pages=[69] page_match=False ev_type=table_of_contents | preview: 3.1 Government Output  tahun 2024 secara umum menunjukkan  general upward trend but contracted in  2022. In 2019, govern",auto,auto_labeled_needs_validation
Q030,DOC06_NPU,element,66,1,"score=0.187 hits=1/5 pages=[67,68] page_match=False ev_type=table_of_contents | preview: 3.1 Government Output  3.1 Output Pemerintah  Output pemerintah merupakan  output non-pasar yang terdiri atas barang dan",auto,auto_labeled_needs_validation
Q030,DOC06_NPU,element,89,1,"score=0.187 hits=1/5 pages=[87,88] page_match=False ev_type=table_of_contents | preview: ANALISIS DESKRIPTIF DESCRIPTIVE ANALYSIS  71  absorber and agent of development to protect the people, keep the economy ",auto,auto_labeled_needs_validation
Q030,DOC06_NPU,element,98,1,"score=0.187 hits=1/5 pages=[95,96] page_match=False ev_type=table_of_contents | preview: 3.7 Pembentukan Modal Tetap Bruto 3.7 Gross Fixed Capital Formation (PMTB) (GFCF)  government's  ANALISIS DESKRIPTIF DES",auto,auto_labeled_needs_validation
Q030,DOC06_NPU,element,75,1,"score=0.182 hits=1/5 pages=[75,76] page_match=False ev_type=table_of_contents | preview: 3.1 Government Output  tunjangan kinerja serta kebijakan untuk pejabat negara dan pejabat pada tingkat tertentu (Kemenke",auto,auto_labeled_needs_validation
Q030,DOC06_NPU,element,99,1,score=0.182 hits=1/5 pages=[97] page_match=False ev_type=table_of_contents | preview: 3.7 Pembentukan Modal Tetap Bruto 3.7 Gross Fixed Capital Formation (PMTB) (GFCF)  meminjamkan atau yang perlu untuk  av,auto,auto_labeled_needs_validation
Q030,DOC06_NPU,element,68,1,"score=0.159 hits=1/5 pages=[70] page_match=False ev_type=table_of_contents | preview: 3.1 Government Output  inclusive economic growth, and fulfill government obligations. Additionally, the acceleration of ",auto,auto_labeled_needs_validation
Q030,DOC06_NPU,element,69,1,"score=0.154 hits=1/5 pages=[71] page_match=False ev_type=table_of_contents | preview: 3.1 Government Output  obatan, vaksin, serta biaya penanganan pasien COVID-19. Sedangkan dari sisi belanja pegawai adany",auto,auto_labeled_needs_validation
Q030,DOC06_NPU,semantic_maxmin,3,2,score=0.651 hits=5/5 pages=[?] page_match=False ev_type=table_of_contents | preview: vi s “Publikasi Neraca Pemerintahan Umum Indonesia 2019–2024 menyajikan neraca- neraca Pemerintahan Umum menurut tingkat,auto,auto_labeled_needs_validation
Q030,DOC06_NPU,semantic_maxmin,181,1,score=0.382 hits=3/5 pages=[?] page_match=False ev_type=table_of_contents | preview: Neraca pemerintahan umum disajikan dan dianalisis tahun 2019-2024. Terdapat delapan komponen neraca pemerintahan umum ya,auto,auto_labeled_needs_validation
Q030,DOC06_NPU,semantic_maxmin,199,1,score=0.312 hits=3/5 pages=[?] page_match=False ev_type=table_of_contents | preview: Proporsi konsumsi antara tahun meningkat dibanding tahun sebelumnya utamanya dipengaruhi oleh persiapan dan pelaksanaan ,auto,auto_labeled_needs_validation
Q030,DOC06_NPU,semantic_maxmin,259,1,score=0.190 hits=2/5 pages=[?] page_match=False ev_type=table_of_contents | preview: Hal ini mengakibatkan tabungan bruto pada tahun 2020 dan 2021 bernilai negatif. Seiring dengan membaiknya kondisi pandem,auto,auto_labeled_needs_validation
Q030,DOC06_NPU,semantic_maxmin,256,1,"score=0.180 hits=2/5 pages=[?] page_match=False ev_type=table_of_contents | preview: Gambar 11 Tabungan Bruto Pemerintahan Umum (triliun rupiah), 2019–2024 Figure 11 General Government Gross Savings (trill",auto,auto_labeled_needs_validation
Q030,DOC06_NPU,semantic_maxmin,207,1,"score=0.149 hits=1/5 pages=[?] page_match=False ev_type=table_of_contents | preview: Kompensasi pegawai pemerintahan umum cenderung meningkat pada periode 2019-2024. Pada tahun 2024, kompensasi pegawai pem",auto,auto_labeled_needs_validation
Q030,DOC06_NPU,semantic_maxmin,251,1,score=0.142 hits=1/5 pages=[?] page_match=False ev_type=table_of_contents | preview: This change is primarily driven by the procurement and maintenance of state-owned assests as well as the operational ite,auto,auto_labeled_needs_validation
Q030,DOC06_NPU,semantic_maxmin,156,1,"score=0.132 hits=1/5 pages=[?] page_match=False ev_type=table_of_contents | preview: 2.2.6.3 Pembelian Tanah Pemerintahan umum sering melakukan transaksi jual beli tanah, baik jual beli antar instansi peme",auto,auto_labeled_needs_validation
Q030,DOC06_NPU,semantic_maxmin,206,1,"score=0.132 hits=1/5 pages=[?] page_match=False ev_type=table_of_contents | preview: Meanwhile, the highest percentage occurred on 2020 at 5.68 percent. persen. Meskipun peranan kompensasi pegawai sektor p",auto,auto_labeled_needs_validation
Q030,DOC06_NPU,semantic_maxmin,193,1,"score=0.127 hits=1/5 pages=[?] page_match=False ev_type=table_of_contents | preview: Di sisi lain, akselerasi kegiatan pelaksanaan dan pengawasan Pemilu 2024, dan pembayaran bantuan pangan (bantuan beras, ",auto,auto_labeled_needs_validation
Q030,DOC06_NPU,semantic_maxmin,196,1,score=0.127 hits=1/5 pages=[?] page_match=False ev_type=table_of_contents | preview: Sedangkan dari sisi belanja pegawai adanya pengurangan komponen tunjangan pada pemberian gaji ke-13 dan THR. medications,auto,auto_labeled_needs_validation
Q030,DOC06_NPU,semantic_maxmin,210,1,score=0.127 hits=1/5 pages=[?] page_match=False ev_type=table_of_contents | preview: Pertumbuhan kompensasi pegawai tahun 2024 dipengaruhi oleh kenaikan gaji pegawai sebesar 8 persen dan kenaikan gaji pens,auto,auto_labeled_needs_validation
Q030,DOC06_NPU,semantic_maxmin,212,1,"score=0.127 hits=1/5 pages=[?] page_match=False ev_type=table_of_contents | preview: for TNI/Polri, as well as PP Number 8 Year 2024 for pensioners. Gambar 4 Persentase Kompensasi Pegawai terhadap Nilai Ta",auto,auto_labeled_needs_validation
Q030,DOC06_NPU,semantic_maxmin,182,1,score=0.122 hits=1/5 pages=[?] page_match=False ev_type=table_of_contents | preview: 3.1 Output Pemerintah Output pemerintah merupakan output non-pasar yang terdiri atas barang dan jasa kolektif atau indiv,auto,auto_labeled_needs_validation
Q030,DOC06_NPU,semantic_maxmin,252,1,"score=0.122 hits=1/5 pages=[?] page_match=False ev_type=table_of_contents | preview: Dalam neraca ini, tabungan berperan sebagai item penyeimbang. Tabungan bruto pemerintahan umum pada rentang tahun 2019-2",auto,auto_labeled_needs_validation
Q030,DOC06_NPU,semantic_maxmin,261,1,"score=0.122 hits=1/5 pages=[?] page_match=False ev_type=table_of_contents | preview: Peranan paling besar terjadi pada tahun 2023 sebesar 1,77 persen dan peranan paling kecil terjadi pada tahun 2020 sebesa",auto,auto_labeled_needs_validation
Q030,DOC06_NPU,semantic_maxmin,160,1,"score=0.120 hits=1/5 pages=[?] page_match=False ev_type=table_of_contents | preview: Jika positif menggambarkan peminjaman neto, sedangkan jika negatif menggambarkan pinjaman neto. 2.2.6.6 Tabungan Tabunga",auto,auto_labeled_needs_validation
Q030,DOC06_NPU,semantic_maxmin,209,1,score=0.117 hits=1/5 pages=[?] page_match=False ev_type=table_of_contents | preview: does not include performance allowances as well as policies for state officials and officials at a certain level (Minist,auto,auto_labeled_needs_validation
Q030,DOC06_NPU,semantic_maxmin,146,1,score=0.115 hits=1/5 pages=[?] page_match=False ev_type=table_of_contents | preview: neraca modal adalah peminjaman neto/pinjaman neto (net lending/net borrowing). Sisi kiri neraca mencakup penambahan dan ,auto,auto_labeled_needs_validation
Q030,DOC06_NPU,semantic_maxmin,189,1,score=0.112 hits=1/5 pages=[?] page_match=False ev_type=table_of_contents | preview: Peningkatan output non-pasar ini dikarenakan komponen penyusun output yang meningkat pula. Jika dilihat dari pertumbuhan,auto,auto_labeled_needs_validation
Q030,DOC06_NPU,semantic_maxmin,72,1,"score=0.105 hits=1/5 pages=[?] page_match=False ev_type=table_of_contents | preview: NTB yaitu balas jasa pegawai, konsumsi barang modal tetap, pajak atas produksi dan impor neto, serta surplus usaha. Beri",auto,auto_labeled_needs_validation
Q030,DOC06_NPU,semantic_maxmin,147,1,score=0.100 hits=1/5 pages=[?] page_match=False ev_type=table_of_contents | preview: Peminjaman neto/pinjaman neto digunakan sebagai faktor penyeimbang pada neraca modal. Sisi kanan neraca mencakup sumber ,auto,auto_labeled_needs_validation
Q030,DOC06_NPU,semantic_maxmin,263,1,"score=0.100 hits=1/5 pages=[?] page_match=False ev_type=table_of_contents | preview: PMTB merupakan total nilai perolehan kurang pelepasan aset tetap milik produsen selama periode neraca, ditambah pengelua",auto,auto_labeled_needs_validation
Q030,DOC06_NPU,semantic_maxmin,266,1,"score=0.100 hits=1/5 pages=[?] page_match=False ev_type=table_of_contents | preview: Gambar 12 Persentase PMTB terhadap PDB Atas Dasar Harga Berlaku (persen), 2019–2024 Figure 12 Percentage of GFCF on GDP ",auto,auto_labeled_needs_validation
Q030,DOC06_NPU,recursive,7,2,score=0.538 hits=4/5 pages=[?] page_match=False ev_type=table_of_contents | preview: Distribution of Income Account ... 30 2.2.5 Neraca Penggunaan Pendapatan Disposabel/The Use of Disposable Income Account,auto,auto_labeled_needs_validation
Q030,DOC06_NPU,recursive,106,2,"score=0.489 hits=4/5 pages=[?] page_match=False ev_type=table_of_contents | preview: The data will be analyzed vertically, such as an analysis of the relative komponen dengan komponen lainnya atau ditinjau",auto,auto_labeled_needs_validation
Q030,DOC06_NPU,recursive,8,1,score=0.314 hits=3/5 pages=[?] page_match=False ev_type=table_of_contents | preview: LAMPIRAN/APPENDICES ... 87 ix No. Tabel /Table Judul Tabel/Table Title Halaman Persentase Komponen-Komponen Neraca Pemer,auto,auto_labeled_needs_validation
Q030,DOC06_NPU,recursive,11,1,"score=0.302 hits=3/5 pages=[?] page_match=False ev_type=table_of_contents | preview: Tabungan Bruto Pemerintahan Umum (triliun rupiah), 2019– 2024/General Government Gross Savings (trillion rupiah), 2019–2",auto,auto_labeled_needs_validation
Q030,DOC06_NPU,recursive,10,1,"score=0.222 hits=2/5 pages=[?] page_match=False ev_type=table_of_contents | preview: General Government (trillion rupiah), 2019–2024 ... Pendapatan Disposabel Pemerintahan Umum (triliun rupiah), 2019–2024/",auto,auto_labeled_needs_validation
Q030,DOC06_NPU,recursive,160,1,"score=0.212 hits=2/5 pages=[?] page_match=False ev_type=table_of_contents | preview: percent, while the smallest contribution was recorded in 2022 at 7.62 percent (Table 2). Tabel 2 Proporsi PMTB dan Tabun",auto,auto_labeled_needs_validation
Q030,DOC06_NPU,recursive,151,1,"score=0.190 hits=2/5 pages=[?] page_match=False ev_type=table_of_contents | preview: PMTB dari tabungannya. In 2019, the gross savings was Rp279 trillion then possed a decline to minus Rp425 trillion in 20",auto,auto_labeled_needs_validation
Q030,DOC06_NPU,recursive,150,1,score=0.180 hits=2/5 pages=[?] page_match=False ev_type=table_of_contents | preview: can see in figure 11. The amount of the gross savings declined from 2019 to 2020 and then started to gradually rising un,auto,auto_labeled_needs_validation
Q030,DOC06_NPU,recursive,159,1,"score=0.180 hits=2/5 pages=[?] page_match=False ev_type=table_of_contents | preview: GFCF to national GFCF in 2019 to 2024 was 8.32 percent, smaller than 2,99 2,09 5,93 8,89 17,19 11,07 10,00 5,00 5,00 10,",auto,auto_labeled_needs_validation
Q030,DOC06_NPU,recursive,52,1,score=0.169 hits=1/5 pages=[?] page_match=False ev_type=table_of_contents | preview: Added will be explained on the generation of income account. 2.2.1.3 Non-Market Output Non-market output consists of ind,auto,auto_labeled_needs_validation
Q030,DOC06_NPU,recursive,121,1,"score=0.149 hits=1/5 pages=[?] page_match=False ev_type=table_of_contents | preview: Kompensasi pegawai pemerintahan umum cenderung meningkat pada periode 2019-2024. Pada tahun 2024, kompensasi pegawai pem",auto,auto_labeled_needs_validation
Q030,DOC06_NPU,recursive,53,1,"score=0.142 hits=1/5 pages=[?] page_match=False ev_type=table_of_contents | preview: NTB yaitu balas jasa pegawai, konsumsi barang modal tetap, pajak atas produksi dan impor neto, serta surplus usaha. Beri",auto,auto_labeled_needs_validation
Q030,DOC06_NPU,recursive,148,1,score=0.142 hits=1/5 pages=[?] page_match=False ev_type=table_of_contents | preview: persen (y-on-y). Peningkatan ini utamanya dipengaruhi oleh pengadaan dan pemeliharaan barang milik negara (BMN) dan bara,auto,auto_labeled_needs_validation
Q030,DOC06_NPU,recursive,94,1,score=0.137 hits=1/5 pages=[?] page_match=False ev_type=table_of_contents | preview: Berdasarkan SNA pengeluaran ini sudah dipisahkan dari PMTB dan masuk kedalam Sumber Daya Alam (SDA) karena menyangkut ba,auto,auto_labeled_needs_validation
Q030,DOC06_NPU,recursive,153,1,score=0.137 hits=1/5 pages=[?] page_match=False ev_type=table_of_contents | preview: (PMTB) PMTB dicatat pada sisi uses neraca modal. Neraca modal mencatat transaksi aset non-finansial yang diperoleh atau ,auto,auto_labeled_needs_validation
Q030,DOC06_NPU,recursive,107,1,score=0.132 hits=1/5 pages=[?] page_match=False ev_type=table_of_contents | preview: Output pemerintah merupakan penjumlahan dari konsumsi comparison between one component and another or the growth of each,auto,auto_labeled_needs_validation
Q030,DOC06_NPU,recursive,120,1,"score=0.132 hits=1/5 pages=[?] page_match=False ev_type=table_of_contents | preview: 2,22 2,44 2,55 2,55 PDB (triliun rupiah) GDP (trillion rupiah) 15.833 15.443 16.977 19.588 20.892 22.139 Berdasarkan Tab",auto,auto_labeled_needs_validation
Q030,DOC06_NPU,recursive,91,1,score=0.127 hits=1/5 pages=[?] page_match=False ev_type=table_of_contents | preview: 2.2.6.1 Pembentukan Modal Tetap …………Bruto PMTB adalah penambahan barang modal dikurangi pengurangan barang modal. Barang,auto,auto_labeled_needs_validation
Q030,DOC06_NPU,recursive,93,1,score=0.127 hits=1/5 pages=[?] page_match=False ev_type=table_of_contents | preview: The example of general government inventories are writing utensils. Changes in inventories in a particular year are defi,auto,auto_labeled_needs_validation
Q030,DOC06_NPU,recursive,112,1,"score=0.127 hits=1/5 pages=[?] page_match=False ev_type=table_of_contents | preview: As the post-pandemic conditions improved in 2022, government spending on COVID-19 response began to decrease, resulting ",auto,auto_labeled_needs_validation
Q030,DOC06_NPU,recursive,114,1,"score=0.127 hits=1/5 pages=[?] page_match=False ev_type=table_of_contents | preview: (GVA), the largest component is generally the Gross Value Added (GVA). As shown more clearly in Figure 2, the GVA compon",auto,auto_labeled_needs_validation
Q030,DOC06_NPU,recursive,123,1,"score=0.127 hits=1/5 pages=[?] page_match=False ev_type=table_of_contents | preview: (Ministry of Finance, 2021). Gambar 3 Kompensasi Belanja Pegawai Pemerintahan Umum (triliun rupiah), 2019–2024 Figure 3 ",auto,auto_labeled_needs_validation
Q030,DOC06_NPU,recursive,124,1,"score=0.127 hits=1/5 pages=[?] page_match=False ev_type=table_of_contents | preview: (MoF, 2019). Employee compensation growth in 2024 was influenced by an 8 percent increase in employee pay and a 12 perce",auto,auto_labeled_needs_validation
Q030,DOC06_NPU,recursive,149,1,"score=0.127 hits=1/5 pages=[?] page_match=False ev_type=table_of_contents | preview: poin 9.1). Dalam neraca ini, tabungan berperan sebagai item penyeimbang. Tabungan bruto pemerintahan umum pada rentang t",auto,auto_labeled_needs_validation
Q030,DOC06_NPU,recursive,125,1,score=0.122 hits=1/5 pages=[?] page_match=False ev_type=table_of_contents | preview: (NTB) pemerintahan umum terdiri atas komponen kompensasi pegawai dan konsumsi barang modal tetap. Persentase kompensasi ,auto,auto_labeled_needs_validation
Q031,DOC07_NRT,element,7,2,"score=0.765 hits=3/3 pages=[7,8] page_match=True ev_type=paragraph | preview: KATA PENGANTAR  Publikasi Neraca Rumah Tangga Indonesia Tahun 2022–2024 merupakan kelanjutan publikasi yang diterbitkan ",auto,auto_labeled_needs_validation
Q031,DOC07_NRT,element,35,1,"score=0.633 hits=3/3 pages=[28,29] page_match=False ev_type=paragraph | preview: 2.1 Household Accounts in System of National Accounts  Di dalam Neraca Nasional, data transaksi perekonomian menunjukkan",auto,auto_labeled_needs_validation
Q031,DOC07_NRT,element,29,1,"score=0.592 hits=3/3 pages=[22] page_match=False ev_type=paragraph | preview: 1.1 Background  4  tangga, maka akan memengaruhi besarnya permintaan (demand) atas barang dan jasa.  will have the impac",auto,auto_labeled_needs_validation
Q031,DOC07_NRT,element,64,1,"score=0.592 hits=3/3 pages=[42,43,44] page_match=False ev_type=paragraph | preview: 2.4 Concepts and Definitions  Aktivitas ekonomi rumah tangga dilakukan pada saat rumah tangga bertransaksi  Household ec",auto,auto_labeled_needs_validation
Q031,DOC07_NRT,element,37,1,"score=0.500 hits=2/3 pages=[30,31] page_match=False ev_type=paragraph | preview: 2.1 Household Accounts in System of National Accounts  Neraca Distribusi Pendapatan Sekunder pendapatan bagaimana mengga",auto,auto_labeled_needs_validation
Q031,DOC07_NRT,element,38,1,"score=0.483 hits=2/3 pages=[31,32] page_match=False ev_type=paragraph | preview: 2.1 Household Accounts in System of National Accounts  National Accounts are aggregate of the accounts of various instit",auto,auto_labeled_needs_validation
Q031,DOC07_NRT,element,31,1,"score=0.467 hits=2/3 pages=[23,24] page_match=False ev_type=paragraph | preview: 1.2 Sistematika Penulisan  Indonesia Household Accounts 2022– 2024 publication is presented with the outline as follows:",auto,auto_labeled_needs_validation
Q031,DOC07_NRT,element,51,1,"score=0.433 hits=2/3 pages=[36,37] page_match=False ev_type=paragraph | preview: Secondary Distribution of Income Account  Neraca Distribusi Pendapatan Sekunder menggambarkan bagaimana pendapatan didis",auto,auto_labeled_needs_validation
Q031,DOC07_NRT,element,71,1,"score=0.433 hits=2/3 pages=[46,47] page_match=False ev_type=paragraph | preview: Compensation of Employees Paid  Kompensasi tenaga kerja yaitu total pembayaran dalam bentuk uang atau barang yang dikelu",auto,auto_labeled_needs_validation
Q031,DOC07_NRT,element,105,1,"score=0.433 hits=2/3 pages=[66] page_match=False ev_type=paragraph | preview: Neraca Penciptaan Pendapatan Rumah Tangga (triliun rupiah), 2022–2024  48  https://www.bps.go.id  Struktur Neraca Pencip",auto,auto_labeled_needs_validation
Q031,DOC07_NRT,element,110,1,"score=0.433 hits=2/3 pages=[68,69] page_match=False ev_type=paragraph | preview: 3.3 Neraca Alokasi Pendapatan Primer Rumah Tangga 2022–2024  Selama periode 2022–2024, nilai  During the period 2022–202",auto,auto_labeled_needs_validation
Q031,DOC07_NRT,element,111,1,"score=0.433 hits=2/3 pages=[69,70] page_match=False ev_type=paragraph | preview: 3.3 Neraca Alokasi Pendapatan Primer Rumah Tangga 2022–2024  Property income in the form of interest paid by households ",auto,auto_labeled_needs_validation
Q031,DOC07_NRT,element,116,1,"score=0.433 hits=2/3 pages=[73,74] page_match=False ev_type=paragraph | preview: 3.4 Neraca Distribusi Pendapatan Sekunder Rumah Tangga 2022–2024  Dari sisi penggunaan, besarnya pajak pendapatan, kekay",auto,auto_labeled_needs_validation
Q031,DOC07_NRT,element,125,1,score=0.433 hits=2/3 pages=[80] page_match=False ev_type=paragraph | preview: 3.7 Household Capital Account 2022–  2022–2024  2024  Neraca Kapital rumah tangga memperlihatkan transaksi modal dan pem,auto,auto_labeled_needs_validation
Q031,DOC07_NRT,element,136,1,score=0.433 hits=2/3 pages=[88] page_match=False ev_type=paragraph | preview: Incomes Household 3.8 and Expenditures Total  70  tersebut rata-rata diatas 80 persen selama periode 2022–2024. Pada tah,auto,auto_labeled_needs_validation
Q031,DOC07_NRT,element,1,1,"score=0.425 hits=2/3 pages=[4] page_match=False ev_type=paragraph | preview: Neraca Rumah Tangga Indonesia 2022–2024 Indonesia Household Accounts 2022–2024  Volume 14, 2025  Katalog/Catalogue: 9506",auto,auto_labeled_needs_validation
Q031,DOC07_NRT,element,33,1,"score=0.425 hits=2/3 pages=[25,26,27] page_match=False ev_type=paragraph | preview: KONSEP DAN DEFINISI  CONCEPT AND DEFINITION  Konsep dan Definisi  Concept and Definition  7  8  Neraca Rumah Tangga Indo",auto,auto_labeled_needs_validation
Q031,DOC07_NRT,element,39,1,score=0.425 hits=2/3 pages=[32] page_match=False ev_type=paragraph | preview: 2.1 Household Accounts in System of National Accounts  dikaitkan dengan tampilan data ekonomi makro dalam bentuk Sistem ,auto,auto_labeled_needs_validation
Q031,DOC07_NRT,element,67,1,score=0.425 hits=2/3 pages=[44] page_match=False ev_type=paragraph | preview: Unincorporated Enterprises within Households Income  Pendapatan usaha rumah tangga merupakan pendapatan anggota rumah ta,auto,auto_labeled_needs_validation
Q031,DOC07_NRT,element,86,1,"score=0.425 hits=2/3 pages=[52,53] page_match=False ev_type=paragraph | preview: 2.5 Sumber Data dan Metodologi  Dalam penyusunan Neraca Rumah Tangga Indonesia 2022–2024, sumber data utama diperoleh da",auto,auto_labeled_needs_validation
Q031,DOC07_NRT,element,137,1,"score=0.425 hits=2/3 pages=[89,90,91] page_match=False ev_type=paragraph | preview: DAFTAR PUSTAKA BIBLIOGRAPHY  Badan Pusat Statistik. 2010. Sistem Neraca Sosial Ekonomi Indonesia 2008. Jakarta: Badan Pu",auto,auto_labeled_needs_validation
Q031,DOC07_NRT,element,11,1,score=0.413 hits=2/3 pages=[9] page_match=False ev_type=paragraph | preview: PENDAHULUAN/INTRODUCTION ............................................................................................. 1,auto,auto_labeled_needs_validation
Q031,DOC07_NRT,element,98,1,"score=0.408 hits=2/3 pages=[61,62] page_match=False ev_type=paragraph | preview: 3.1 Household Production Account 2022–2024  Selama periode tahun 2022–2024, nilai output yang dihasilkan usaha rumah tan",auto,auto_labeled_needs_validation
Q031,DOC07_NRT,element,119,1,"score=0.408 hits=2/3 pages=[76,77] page_match=False ev_type=paragraph | preview: 3.5 Neraca Penggunaan Pendapatan Disposabel Rumah Tangga 2022–2024  Pendapatan disposabel atau pendapatan yang siap dibe",auto,auto_labeled_needs_validation
Q031,DOC07_NRT,element,2,1,"score=0.397 hits=2/3 pages=[5] page_match=False ev_type=paragraph | preview: TIM PENYUSUN/COMPILERS  Neraca Rumah Tangga Indonesia 2022–2024  Indonesia Household Accounts 2022–2024  Volume 14, 2025",auto,auto_labeled_needs_validation
Q031,DOC07_NRT,semantic_maxmin,32,2,score=0.592 hits=3/3 pages=[?] page_match=False ev_type=paragraph | preview: 2.1 Neraca Rumah Tangga di dalam Sistem Neraca Nasional System of National Accounts (SNA) merupakan standar internasiona,auto,auto_labeled_needs_validation
Q031,DOC07_NRT,semantic_maxmin,4,2,"score=0.533 hits=2/3 pages=[?] page_match=False ev_type=paragraph | preview: Publikasi ini menyajikan gambaran menyeluruh mengenai aktivitas ekonomi rumah tangga selama periode 2022–2024, khususnya",auto,auto_labeled_needs_validation
Q031,DOC07_NRT,semantic_maxmin,108,2,score=0.442 hits=2/3 pages=[?] page_match=False ev_type=paragraph | preview: Setiap jenis aktivitas ekonomi dan komponen di masing-masing neraca mempunyai batasan. Konsep dan definisi yang diuraika,auto,auto_labeled_needs_validation
Q031,DOC07_NRT,semantic_maxmin,24,1,score=0.433 hits=2/3 pages=[?] page_match=False ev_type=paragraph | preview: 1.2 Sistematika Penulisan Publikasi Neraca Rumah Tangga Indonesia 2022–2024 disusun dengan sistematika penulisan sebagai,auto,auto_labeled_needs_validation
Q031,DOC07_NRT,semantic_maxmin,66,1,score=0.433 hits=2/3 pages=[?] page_match=False ev_type=paragraph | preview: Konsep dan Definisi Concept and Definition 2.2 Kerangka Neraca Rumah Tangga Data tentang aktivitas ekonomi rumah tangga ,auto,auto_labeled_needs_validation
Q031,DOC07_NRT,semantic_maxmin,204,1,"score=0.433 hits=2/3 pages=[?] page_match=False ev_type=paragraph | preview: Gross mixed income during the 2022–2024 period also increased. In 2023, gross mixed income increased to 4.038,16 trillio",auto,auto_labeled_needs_validation
Q031,DOC07_NRT,semantic_maxmin,236,1,score=0.433 hits=2/3 pages=[?] page_match=False ev_type=paragraph | preview: Neraca Rumah Tangga Indonesia 2022–2024 Indonesia Household Accounts 2022–2024 Dari seluruh pendapatan yang diterima rum,auto,auto_labeled_needs_validation
Q031,DOC07_NRT,semantic_maxmin,282,1,"score=0.433 hits=2/3 pages=[?] page_match=False ev_type=paragraph | preview: Gambar 3.9 Struktur Penerimaan Rumah Tangga (persen), 2022–2024 Figure Household Incomes Structure (percent), 2022–2024 ",auto,auto_labeled_needs_validation
Q031,DOC07_NRT,semantic_maxmin,290,1,"score=0.433 hits=2/3 pages=[?] page_match=False ev_type=paragraph | preview: The contribution from final consumption 80,94 83,53 82,99 2,83 2,40 2,32 8,20 7,57 7,84 8,03 6,51 6,85 Persen/Percent Ta",auto,auto_labeled_needs_validation
Q031,DOC07_NRT,semantic_maxmin,0,1,"score=0.425 hits=2/3 pages=[?] page_match=False ev_type=paragraph | preview: Neraca Rumah Tangga Indonesia 2022–2024 Indonesia Household Accounts 2022–2024 Volume 14, 2025 Katalog/Catalogue: 950600",auto,auto_labeled_needs_validation
Q031,DOC07_NRT,semantic_maxmin,16,1,"score=0.425 hits=2/3 pages=[?] page_match=False ev_type=paragraph | preview: If there is change in household consumption pattern, it Neraca Rumah Tangga Indonesia 2022–2024 Indonesia Household Acco",auto,auto_labeled_needs_validation
Q031,DOC07_NRT,semantic_maxmin,31,1,score=0.425 hits=2/3 pages=[?] page_match=False ev_type=paragraph | preview: Konsep dan Definisi Concept and Definition BAB II KONSEP DAN DEFINISI CONCEPT AND DEFINITION Neraca Rumah Tangga Indones,auto,auto_labeled_needs_validation
Q031,DOC07_NRT,semantic_maxmin,62,1,score=0.425 hits=2/3 pages=[?] page_match=False ev_type=paragraph | preview: Neraca Rumah Tangga Indonesia 2022–2024 Indonesia Household Accounts 2022–2024 Jika Neraca Rumah Tangga Indonesia dikait,auto,auto_labeled_needs_validation
Q031,DOC07_NRT,semantic_maxmin,155,1,"score=0.425 hits=2/3 pages=[?] page_match=False ev_type=paragraph | preview: 2.5 Sumber Data dan Metodologi Dalam penyusunan Neraca Rumah Tangga Indonesia 2022–2024, sumber data utama diperoleh dar",auto,auto_labeled_needs_validation
Q031,DOC07_NRT,semantic_maxmin,183,1,"score=0.425 hits=2/3 pages=[?] page_match=False ev_type=paragraph | preview: Gross Fixed Capital Formation (GFCF) are collected from Ministry data, Survey of GFCF disaggregation and SKTIR. The last",auto,auto_labeled_needs_validation
Q031,DOC07_NRT,semantic_maxmin,248,1,"score=0.408 hits=2/3 pages=[?] page_match=False ev_type=paragraph | preview: In 2024, gross savings increased by 14,09 percent compared to 2023 to 987,33 trillion rupiah. Gambar 3.6 Tabungan Rumah ",auto,auto_labeled_needs_validation
Q031,DOC07_NRT,semantic_maxmin,2,1,score=0.400 hits=2/3 pages=[?] page_match=False ev_type=paragraph | preview: ISSN 2476 -9126 v KATA PENGANTAR Publikasi Neraca Rumah Tangga Indonesia Tahun 2022–2024 merupakan kelanjutan publikasi ,auto,auto_labeled_needs_validation
Q031,DOC07_NRT,semantic_maxmin,35,1,"score=0.400 hits=2/3 pages=[?] page_match=False ev_type=paragraph | preview: Furthermore, the SNA covers the interaction among institutional units in economy as actors of economics in the market or",auto,auto_labeled_needs_validation
Q031,DOC07_NRT,semantic_maxmin,9,1,"score=0.392 hits=2/3 pages=[?] page_match=False ev_type=paragraph | preview: Jakarta, October 2025 Chief Statistician Amalia Adininggar Widyasanti, S.T., M.Si., M.Eng., Ph.D vii DAFTAR ISI CONTENTS",auto,auto_labeled_needs_validation
Q031,DOC07_NRT,semantic_maxmin,46,1,score=0.392 hits=2/3 pages=[?] page_match=False ev_type=paragraph | preview: Primary income is income earned by an institutional unit as a consequence of its involvement in the Neraca Rumah Tangga ,auto,auto_labeled_needs_validation
Q031,DOC07_NRT,semantic_maxmin,86,1,score=0.392 hits=2/3 pages=[?] page_match=False ev_type=paragraph | preview: Tabel 2.4 Neraca Distribusi Pendapatan Sekunder Table Secondary Distribution of Income Account Penggunaan Uses Sumber Re,auto,auto_labeled_needs_validation
Q031,DOC07_NRT,semantic_maxmin,93,1,"score=0.392 hits=2/3 pages=[?] page_match=False ev_type=paragraph | preview: While on the changes in assets side, investment is recorded, Neraca Rumah Tangga Indonesia 2022–2024 Indonesia Household",auto,auto_labeled_needs_validation
Q031,DOC07_NRT,semantic_maxmin,114,1,score=0.392 hits=2/3 pages=[?] page_match=False ev_type=paragraph | preview: Neraca Rumah Tangga Indonesia 2022–2024 Indonesia Household Accounts 2022–2024 Usaha Rumah Tangga Usaha rumah tangga mer,auto,auto_labeled_needs_validation
Q031,DOC07_NRT,semantic_maxmin,132,1,score=0.392 hits=2/3 pages=[?] page_match=False ev_type=paragraph | preview: Which include to social contributions are actual social contributions to other employment-related social insurance schem,auto,auto_labeled_needs_validation
Q031,DOC07_NRT,semantic_maxmin,143,1,"score=0.392 hits=2/3 pages=[?] page_match=False ev_type=paragraph | preview: The components of the current transfer in are social benefits in pension benefit, non- life insurance claims, current tr",auto,auto_labeled_needs_validation
Q031,DOC07_NRT,recursive,22,2,"score=0.592 hits=3/3 pages=[?] page_match=False ev_type=paragraph | preview: In Indonesia, household economic activities strongly relate to the performance of the national economy. This can be seen",auto,auto_labeled_needs_validation
Q031,DOC07_NRT,recursive,3,2,"score=0.533 hits=2/3 pages=[?] page_match=False ev_type=paragraph | preview: Sebagai salah satu pelaku penting dalam perekonomian nasional, rumah tangga tidak hanya berperan sebagai objek pembangun",auto,auto_labeled_needs_validation
Q031,DOC07_NRT,recursive,30,2,"score=0.475 hits=2/3 pages=[?] page_match=False ev_type=paragraph | preview: Beberapa istilah dalam neraca telah disesuaikan dengan nomenklatur SNA 2008, yang berbeda dari SNA 1968, antara lain out",auto,auto_labeled_needs_validation
Q031,DOC07_NRT,recursive,45,1,score=0.475 hits=2/3 pages=[?] page_match=False ev_type=paragraph | preview: Neraca Produksi Nasional. Pengertian yang sama juga berlaku untuk neraca lainnya. Penyusunan neraca menurut unit institu,auto,auto_labeled_needs_validation
Q031,DOC07_NRT,recursive,26,1,score=0.458 hits=2/3 pages=[?] page_match=False ev_type=paragraph | preview: Pendahuluan Introduction ekonomi rumah tangga sangat memengaruhi kinerja ekonomi nasional. Menimbang besarnya peranan ru,auto,auto_labeled_needs_validation
Q031,DOC07_NRT,recursive,50,1,"score=0.442 hits=2/3 pages=[?] page_match=False ev_type=paragraph | preview: From the Allocation of Primary Income Account we can derive aggregate of wages and salaries, and property income. From S",auto,auto_labeled_needs_validation
Q031,DOC07_NRT,recursive,79,1,"score=0.442 hits=2/3 pages=[?] page_match=False ev_type=paragraph | preview: Demikian pula transaksi yang terkait dengan pendapatan kepemilikan, transfer, konsumsi, dan akumulasi modal, masing-masi",auto,auto_labeled_needs_validation
Q031,DOC07_NRT,recursive,29,1,"score=0.433 hits=2/3 pages=[?] page_match=False ev_type=paragraph | preview: Bab III: Ulasan Singkat, menyajikan uraian deskriptif mengenai informasi yang dihasilkan dari penyusunan Neraca Rumah Ta",auto,auto_labeled_needs_validation
Q031,DOC07_NRT,recursive,51,1,score=0.433 hits=2/3 pages=[?] page_match=False ev_type=paragraph | preview: Konsep dan Definisi Concept and Definition 2.2 Kerangka Neraca Rumah Tangga Data tentang aktivitas ekonomi rumah tangga ,auto,auto_labeled_needs_validation
Q031,DOC07_NRT,recursive,54,1,"score=0.433 hits=2/3 pages=[?] page_match=False ev_type=paragraph | preview: (intermediate consumption) in production process, and value added generated. The resources side of Production Account co",auto,auto_labeled_needs_validation
Q031,DOC07_NRT,recursive,138,1,"score=0.433 hits=2/3 pages=[?] page_match=False ev_type=paragraph | preview: trillion rupiah compared to .587,05 trillion rupiah. In 2024, gross mixed income continued to increased by 7,55 percent ",auto,auto_labeled_needs_validation
Q031,DOC07_NRT,recursive,149,1,"score=0.433 hits=2/3 pages=[?] page_match=False ev_type=paragraph | preview: compared to 2022, then decreased by 10,30 percent to 340,54 trillion rupiah in 2024. Property income in the form of inte",auto,auto_labeled_needs_validation
Q031,DOC07_NRT,recursive,161,1,"score=0.433 hits=2/3 pages=[?] page_match=False ev_type=paragraph | preview: 2024 increased by 15,07 percent from 2023. Neraca Rumah Tangga Indonesia 2022–2024 Indonesia Household Accounts 2022–202",auto,auto_labeled_needs_validation
Q031,DOC07_NRT,recursive,165,1,"score=0.433 hits=2/3 pages=[?] page_match=False ev_type=paragraph | preview: Persen/Percent Tahun/Year Pajak pendapatan, kekayaan, dll/Current taxes on income, wealth, etc Kontribusi sosial neto/Ne",auto,auto_labeled_needs_validation
Q031,DOC07_NRT,recursive,174,1,"score=0.433 hits=2/3 pages=[?] page_match=False ev_type=paragraph | preview: 2023 increased by 2,88 percent to 854,86 trillion rupiah. Meanwhile, in 2024 social transfer in kind received by househo",auto,auto_labeled_needs_validation
Q031,DOC07_NRT,recursive,193,1,"score=0.433 hits=2/3 pages=[?] page_match=False ev_type=paragraph | preview: Gambar 3.10 Struktur Pengeluaran Rumah Tangga (persen), 2022–2024 Figure Household Expenditures Structure (percent), 202",auto,auto_labeled_needs_validation
Q031,DOC07_NRT,recursive,0,1,"score=0.425 hits=2/3 pages=[?] page_match=False ev_type=paragraph | preview: Neraca Rumah Tangga Indonesia 2022–2024 Indonesia Household Accounts 2022–2024 Volume 14, 2025 Katalog/Catalogue: 950600",auto,auto_labeled_needs_validation
Q031,DOC07_NRT,recursive,47,1,score=0.425 hits=2/3 pages=[?] page_match=False ev_type=paragraph | preview: The purpose of institutional unit accounts compilation is to reveal the linkages among various institution units which p,auto,auto_labeled_needs_validation
Q031,DOC07_NRT,recursive,107,1,"score=0.425 hits=2/3 pages=[?] page_match=False ev_type=paragraph | preview: a. Finished good, are the products which are ready to be marketed. An example of finished goods inventories is the unsol",auto,auto_labeled_needs_validation
Q031,DOC07_NRT,recursive,108,1,"score=0.425 hits=2/3 pages=[?] page_match=False ev_type=paragraph | preview: Dalam penyusunan Neraca Rumah Tangga Indonesia 2022–2024, sumber data utama diperoleh dari Survei Khusus Tabungan dan In",auto,auto_labeled_needs_validation
Q031,DOC07_NRT,recursive,124,1,score=0.425 hits=2/3 pages=[?] page_match=False ev_type=paragraph | preview: Brief Review BAB III ULASAN SINGKAT BRIEF REVIEW Neraca Rumah Tangga Indonesia 2022–2024 Indonesia Household Accounts 20,auto,auto_labeled_needs_validation
Q031,DOC07_NRT,recursive,179,1,"score=0.425 hits=2/3 pages=[?] page_match=False ev_type=paragraph | preview: Acquisitions less disposals of non- produced assets 135,01 – 143,81 – 70,68 – Pinjaman neto Net lending/Net borrowing 17",auto,auto_labeled_needs_validation
Q031,DOC07_NRT,recursive,126,1,"score=0.408 hits=2/3 pages=[?] page_match=False ev_type=paragraph | preview: Resources Penggunaan Uses Sumber Resources Penggunaan Uses Sumber Resources Output Output – 7.625,26 – 8.339,69 – 8.916,",auto,auto_labeled_needs_validation
Q031,DOC07_NRT,recursive,170,1,score=0.408 hits=2/3 pages=[?] page_match=False ev_type=paragraph | preview: Triliun Rupiah/Trillion Rupiah Tahun/Year Neraca Rumah Tangga Indonesia 2022–2024 Indonesia Household Accounts 2022–2024,auto,auto_labeled_needs_validation
Q031,DOC07_NRT,recursive,2,1,"score=0.400 hits=2/3 pages=[?] page_match=False ev_type=paragraph | preview: Kamelina Solihat SST Penata Letak/Layouter Kamelina Solihat SST Penerjemah/Translators Putri Puspita Ayu SST, M.S.E Kame",auto,auto_labeled_needs_validation
Q032,DOC07_NRT,element,7,2,"score=0.710 hits=4/5 pages=[7,8] page_match=True ev_type=paragraph | preview: KATA PENGANTAR  Publikasi Neraca Rumah Tangga Indonesia Tahun 2022–2024 merupakan kelanjutan publikasi yang diterbitkan ",auto,auto_labeled_needs_validation
Q032,DOC07_NRT,element,28,1,score=0.339 hits=2/5 pages=[21] page_match=False ev_type=paragraph | preview: 1.1 Background  Hakekat pembangunan nasional adalah pembangunan manusia Indonesia seutuhnya yang meliputi seluruh lapisa,auto,auto_labeled_needs_validation
Q032,DOC07_NRT,element,29,1,"score=0.321 hits=2/5 pages=[22] page_match=False ev_type=paragraph | preview: 1.1 Background  4  tangga, maka akan memengaruhi besarnya permintaan (demand) atas barang dan jasa.  will have the impac",auto,auto_labeled_needs_validation
Q032,DOC07_NRT,element,67,1,score=0.321 hits=2/5 pages=[44] page_match=False ev_type=paragraph | preview: Unincorporated Enterprises within Households Income  Pendapatan usaha rumah tangga merupakan pendapatan anggota rumah ta,auto,auto_labeled_needs_validation
Q032,DOC07_NRT,element,68,1,"score=0.321 hits=2/5 pages=[45] page_match=False ev_type=paragraph | preview: Production and Output  Definisi produksi secara umum adalah aktivitas yang dilakukan di bawah tanggung jawab, kontrol, d",auto,auto_labeled_needs_validation
Q032,DOC07_NRT,element,76,1,"score=0.321 hits=2/5 pages=[48] page_match=False ev_type=paragraph | preview: Compensation of Employees Received  Pada Neraca Alokasi Pendapatan Primer sisi sumber, rumah tangga memperoleh pendapata",auto,auto_labeled_needs_validation
Q032,DOC07_NRT,element,36,1,"score=0.317 hits=2/5 pages=[29,30] page_match=False ev_type=paragraph | preview: 2.1 Household Accounts in System of National Accounts  The Production Account presents data on production activities, re",auto,auto_labeled_needs_validation
Q032,DOC07_NRT,element,39,1,score=0.317 hits=2/5 pages=[32] page_match=False ev_type=paragraph | preview: 2.1 Household Accounts in System of National Accounts  dikaitkan dengan tampilan data ekonomi makro dalam bentuk Sistem ,auto,auto_labeled_needs_validation
Q032,DOC07_NRT,element,35,1,"score=0.313 hits=2/5 pages=[28,29] page_match=False ev_type=paragraph | preview: 2.1 Household Accounts in System of National Accounts  Di dalam Neraca Nasional, data transaksi perekonomian menunjukkan",auto,auto_labeled_needs_validation
Q032,DOC07_NRT,element,71,1,"score=0.309 hits=2/5 pages=[46,47] page_match=False ev_type=paragraph | preview: Compensation of Employees Paid  Kompensasi tenaga kerja yaitu total pembayaran dalam bentuk uang atau barang yang dikelu",auto,auto_labeled_needs_validation
Q032,DOC07_NRT,element,88,1,"score=0.309 hits=2/5 pages=[53,54] page_match=False ev_type=paragraph | preview: Neraca Penciptaan Pendapatan  In the Generation of Income Account, value added previously as balancing item in the Produ",auto,auto_labeled_needs_validation
Q032,DOC07_NRT,element,100,1,"score=0.309 hits=2/5 pages=[63,64] page_match=False ev_type=paragraph | preview: 3.2 Household Generation of Income Account 2022–2024  3.2 Neraca Penciptaan Pendapatan Rumah Tangga 2022–2024  Neraca Pe",auto,auto_labeled_needs_validation
Q032,DOC07_NRT,element,107,1,score=0.309 hits=2/5 pages=[67] page_match=False ev_type=paragraph | preview: 3.3 Neraca Alokasi Pendapatan Primer Rumah Tangga 2022–2024  https://www.bps.go.id  Income Whereas the Generation of Acc,auto,auto_labeled_needs_validation
Q032,DOC07_NRT,element,108,1,score=0.305 hits=2/5 pages=[68] page_match=False ev_type=paragraph | preview: 3.3 Neraca Alokasi Pendapatan Primer Rumah Tangga 2022–2024  50  Pendapatan akan dicatat sebagai sumber dalam Neraca Alo,auto,auto_labeled_needs_validation
Q032,DOC07_NRT,element,48,1,"score=0.301 hits=2/5 pages=[35,36] page_match=False ev_type=paragraph | preview: Neraca Alokasi Pendapatan Primer  Selanjutnya adalah Neraca Alokasi Pendapatan Primer, dimana pada neraca ini kapasitas ",auto,auto_labeled_needs_validation
Q032,DOC07_NRT,element,64,1,"score=0.299 hits=2/5 pages=[42,43,44] page_match=False ev_type=paragraph | preview: 2.4 Concepts and Definitions  Aktivitas ekonomi rumah tangga dilakukan pada saat rumah tangga bertransaksi  Household ec",auto,auto_labeled_needs_validation
Q032,DOC07_NRT,element,130,1,"score=0.299 hits=2/5 pages=[83,84] page_match=False ev_type=paragraph | preview: Incomes Household 3.8 and Expenditures Total  telah  Seperti  yang  As previously explained, besides the incomes from th",auto,auto_labeled_needs_validation
Q032,DOC07_NRT,element,70,1,score=0.295 hits=2/5 pages=[46] page_match=False ev_type=paragraph | preview: Intermediate Consumption (Input)  Konsumsi antara terdiri dari nilai barang dan jasa yang dikonsumsi sebagai input dalam,auto,auto_labeled_needs_validation
Q032,DOC07_NRT,element,103,1,"score=0.295 hits=2/5 pages=[64] page_match=False ev_type=paragraph | preview: Neraca Penciptaan Pendapatan Rumah Tangga (triliun rupiah), 2022–2024  https://www.bps.go.id  When the unincorporated en",auto,auto_labeled_needs_validation
Q032,DOC07_NRT,element,33,1,"score=0.287 hits=2/5 pages=[25,26,27] page_match=False ev_type=paragraph | preview: KONSEP DAN DEFINISI  CONCEPT AND DEFINITION  Konsep dan Definisi  Concept and Definition  7  8  Neraca Rumah Tangga Indo",auto,auto_labeled_needs_validation
Q032,DOC07_NRT,element,37,1,"score=0.287 hits=2/5 pages=[30,31] page_match=False ev_type=paragraph | preview: 2.1 Household Accounts in System of National Accounts  Neraca Distribusi Pendapatan Sekunder pendapatan bagaimana mengga",auto,auto_labeled_needs_validation
Q032,DOC07_NRT,element,105,1,"score=0.287 hits=2/5 pages=[66] page_match=False ev_type=paragraph | preview: Neraca Penciptaan Pendapatan Rumah Tangga (triliun rupiah), 2022–2024  48  https://www.bps.go.id  Struktur Neraca Pencip",auto,auto_labeled_needs_validation
Q032,DOC07_NRT,element,59,1,"score=0.283 hits=2/5 pages=[39,40] page_match=False ev_type=paragraph | preview: Neraca Kapital  The Capital Account records the value of non-financial assets acquired or disposed of by the resident in",auto,auto_labeled_needs_validation
Q032,DOC07_NRT,element,104,1,"score=0.283 hits=2/5 pages=[65] page_match=False ev_type=paragraph | preview: Neraca Penciptaan Pendapatan Rumah Tangga (triliun rupiah), 2022–2024  produksi yang diambil dari nilai tambah bruto. Pa",auto,auto_labeled_needs_validation
Q032,DOC07_NRT,element,106,1,"score=0.279 hits=2/5 pages=[67] page_match=False ev_type=paragraph | preview: Neraca Penciptaan Pendapatan Rumah Tangga (triliun rupiah), 2022–2024  Proporsi total surplus usaha bruto dan pendapatan",auto,auto_labeled_needs_validation
Q032,DOC07_NRT,semantic_maxmin,3,2,"score=0.425 hits=3/5 pages=[?] page_match=False ev_type=paragraph | preview: Rumah tangga berkontribusi dalam menghasilkan barang dan jasa melalui kegiatan produksi, sekaligus menyediakan faktor pr",auto,auto_labeled_needs_validation
Q032,DOC07_NRT,semantic_maxmin,313,1,score=0.371 hits=3/5 pages=[?] page_match=False ev_type=paragraph | preview: New York. Daftar Pustaka Bibliography Neraca Rumah Tangga Indonesia 2022–2024 Indonesia Household Accounts 2022–2024 Lam,auto,auto_labeled_needs_validation
Q032,DOC07_NRT,semantic_maxmin,12,1,"score=0.331 hits=2/5 pages=[?] page_match=False ev_type=paragraph | preview: Hal tersebut tercermin dari peranan rumah tangga dalam perekonomian Indonesia, yaitu sebagai: a. konsumen dari barang da",auto,auto_labeled_needs_validation
Q032,DOC07_NRT,semantic_maxmin,2,1,score=0.327 hits=2/5 pages=[?] page_match=False ev_type=paragraph | preview: ISSN 2476 -9126 v KATA PENGANTAR Publikasi Neraca Rumah Tangga Indonesia Tahun 2022–2024 merupakan kelanjutan publikasi ,auto,auto_labeled_needs_validation
Q032,DOC07_NRT,semantic_maxmin,116,1,score=0.321 hits=2/5 pages=[?] page_match=False ev_type=paragraph | preview: Kedua unit usaha itu diperlakukan sebagai unit usaha yang terpisah dari institusi rumah tangga yang bersangkutan. Pendap,auto,auto_labeled_needs_validation
Q032,DOC07_NRT,semantic_maxmin,134,1,"score=0.321 hits=2/5 pages=[?] page_match=False ev_type=paragraph | preview: Kompensasi Tenaga Kerja yang Diterima Pada Neraca Alokasi Pendapatan Primer sisi sumber, rumah tangga memperoleh pendapa",auto,auto_labeled_needs_validation
Q032,DOC07_NRT,semantic_maxmin,127,1,score=0.313 hits=2/5 pages=[?] page_match=False ev_type=paragraph | preview: Disebut sebagai nilai tambah karena mengukur nilai yang diciptakan dari aktivitas produksi. Nilai tambah didefinisikan s,auto,auto_labeled_needs_validation
Q032,DOC07_NRT,semantic_maxmin,17,1,"score=0.309 hits=2/5 pages=[?] page_match=False ev_type=paragraph | preview: Berdasarkan hal tersebut, aktivitas pengeluaran konsumsi oleh rumah tangga (PKRT) akan memengaruhi aktivitas ekonomi sua",auto,auto_labeled_needs_validation
Q032,DOC07_NRT,semantic_maxmin,191,1,score=0.309 hits=2/5 pages=[?] page_match=False ev_type=paragraph | preview: 3.2 Neraca Penciptaan Pendapatan Rumah Tangga 2022–2024 Neraca Penciptaan Pendapataan merupakan lanjutan dari Neraca Pro,auto,auto_labeled_needs_validation
Q032,DOC07_NRT,semantic_maxmin,213,1,score=0.305 hits=2/5 pages=[?] page_match=False ev_type=paragraph | preview: The gross operating surplus and the gross mixed income which are the balancing items on the Generation of Income Account,auto,auto_labeled_needs_validation
Q032,DOC07_NRT,semantic_maxmin,121,1,score=0.299 hits=2/5 pages=[?] page_match=False ev_type=paragraph | preview: Konsep dan Definisi Concept and Definition Produksi dan Output Definisi produksi secara umum adalah aktivitas yang dilak,auto,auto_labeled_needs_validation
Q032,DOC07_NRT,semantic_maxmin,271,1,"score=0.291 hits=2/5 pages=[?] page_match=False ev_type=paragraph | preview: 3.8 Total Penerimaan dan Pengeluaran Rumah Tangga Seperti yang telah dijelaskan sebelumnya, selain pendapatan yang beras",auto,auto_labeled_needs_validation
Q032,DOC07_NRT,semantic_maxmin,31,1,score=0.287 hits=2/5 pages=[?] page_match=False ev_type=paragraph | preview: Konsep dan Definisi Concept and Definition BAB II KONSEP DAN DEFINISI CONCEPT AND DEFINITION Neraca Rumah Tangga Indones,auto,auto_labeled_needs_validation
Q032,DOC07_NRT,semantic_maxmin,93,1,"score=0.283 hits=2/5 pages=[?] page_match=False ev_type=paragraph | preview: While on the changes in assets side, investment is recorded, Neraca Rumah Tangga Indonesia 2022–2024 Indonesia Household",auto,auto_labeled_needs_validation
Q032,DOC07_NRT,semantic_maxmin,107,1,"score=0.283 hits=2/5 pages=[?] page_match=False ev_type=paragraph | preview: Apabila transaksi yang terjadi terkait dengan aktivitas produksi, maka transaksi itu akan dicatat sebagai salah satu kom",auto,auto_labeled_needs_validation
Q032,DOC07_NRT,semantic_maxmin,199,1,"score=0.283 hits=2/5 pages=[?] page_match=False ev_type=paragraph | preview: Sementara itu, pada tahun 2024 pajak lainnya atas produksi meningkat sebesar 13,19 persen atau sebesar 2,77 triliun rupi",auto,auto_labeled_needs_validation
Q032,DOC07_NRT,semantic_maxmin,209,1,score=0.283 hits=2/5 pages=[?] page_match=False ev_type=paragraph | preview: 3.3 Neraca Alokasi Pendapatan Primer Rumah Tangga 2022–2024 Jika Neraca Penciptaan Pendapatan fokus pada unit atau unit ,auto,auto_labeled_needs_validation
Q032,DOC07_NRT,semantic_maxmin,282,1,"score=0.283 hits=2/5 pages=[?] page_match=False ev_type=paragraph | preview: Gambar 3.9 Struktur Penerimaan Rumah Tangga (persen), 2022–2024 Figure Household Incomes Structure (percent), 2022–2024 ",auto,auto_labeled_needs_validation
Q032,DOC07_NRT,semantic_maxmin,48,1,"score=0.279 hits=2/5 pages=[?] page_match=False ev_type=paragraph | preview: Sisi sumber, rumah tangga menerima pendapatan yang berasal dari kompensasi tenaga kerja dan pendapatan kepemilikan (pend",auto,auto_labeled_needs_validation
Q032,DOC07_NRT,semantic_maxmin,165,1,"score=0.279 hits=2/5 pages=[?] page_match=False ev_type=paragraph | preview: Otherwise, operating surplus and mixed income are balancing items and calculated Neraca Rumah Tangga Indonesia 2022–2024",auto,auto_labeled_needs_validation
Q032,DOC07_NRT,semantic_maxmin,196,1,"score=0.279 hits=2/5 pages=[?] page_match=False ev_type=paragraph | preview: Nilai kompensasi tenaga kerja pada tahun 2022 adalah sebesar 1.085,82 triliun rupiah dan meningkat sebesar 7,72 persen p",auto,auto_labeled_needs_validation
Q032,DOC07_NRT,semantic_maxmin,208,1,"score=0.279 hits=2/5 pages=[?] page_match=False ev_type=paragraph | preview: Persen/Percent Tahun/Year Pendapatan campuran bruto Mixed income, gross Surplus usaha bruto/Operating surplus, gross Paj",auto,auto_labeled_needs_validation
Q032,DOC07_NRT,semantic_maxmin,217,1,"score=0.279 hits=2/5 pages=[?] page_match=False ev_type=paragraph | preview: Tabel 3.3 Neraca Alokasi Pendapatan Primer Rumah Tangga (triliun rupiah), 2022–2024 Table Household Allocation of Primar",auto,auto_labeled_needs_validation
Q032,DOC07_NRT,semantic_maxmin,140,1,score=0.277 hits=2/5 pages=[?] page_match=False ev_type=paragraph | preview: Transfer Berjalan Transfer berjalan merupakan pendapatan rumah tangga dalam bentuk uang maupun barang yang diterima atau,auto,auto_labeled_needs_validation
Q032,DOC07_NRT,semantic_maxmin,79,1,"score=0.275 hits=2/5 pages=[?] page_match=False ev_type=paragraph | preview: Sisi sumber, rumah tangga menerima pendapatan yang berasal dari kompensasi tenaga kerja dan pendapatan kepemilikan (pend",auto,auto_labeled_needs_validation
Q032,DOC07_NRT,recursive,3,2,"score=0.620 hits=4/5 pages=[?] page_match=False ev_type=paragraph | preview: Sebagai salah satu pelaku penting dalam perekonomian nasional, rumah tangga tidak hanya berperan sebagai objek pembangun",auto,auto_labeled_needs_validation
Q032,DOC07_NRT,recursive,20,1,"score=0.339 hits=2/5 pages=[?] page_match=False ev_type=paragraph | preview: Keberhasilan pelaksanaan program pembangunan ditandai oleh terpenuhinya kebutuhan hidup masyarakat Indonesia, baik kebut",auto,auto_labeled_needs_validation
Q032,DOC07_NRT,recursive,95,1,score=0.325 hits=2/5 pages=[?] page_match=False ev_type=paragraph | preview: Indonesia Household Accounts 2022–2024 unit usaha atau lembaga dengan menerima upah dan gaji. Pendapatan yang didapatkan,auto,auto_labeled_needs_validation
Q032,DOC07_NRT,recursive,82,1,score=0.321 hits=2/5 pages=[?] page_match=False ev_type=paragraph | preview: Usaha rumah tangga dibedakan dari usaha dalam bentuk kuasi korporasi ataupun korporasi yang dimiliki oleh rumah tangga. ,auto,auto_labeled_needs_validation
Q032,DOC07_NRT,recursive,23,1,"score=0.317 hits=2/5 pages=[?] page_match=False ev_type=paragraph | preview: Berdasarkan hal tersebut, aktivitas pengeluaran konsumsi oleh rumah tangga (PKRT) akan memengaruhi aktivitas ekonomi sua",auto,auto_labeled_needs_validation
Q032,DOC07_NRT,recursive,48,1,score=0.317 hits=2/5 pages=[?] page_match=False ev_type=paragraph | preview: Penggunaan Pendapatan Disposabel dan Neraca Kapital. Dari Neraca Penciptaan Pendapatan dapat diturunkan agregat surplus ,auto,auto_labeled_needs_validation
Q032,DOC07_NRT,recursive,40,1,score=0.313 hits=2/5 pages=[?] page_match=False ev_type=paragraph | preview: Neraca Rumah Tangga Indonesia 2022–2024 Indonesia Household Accounts 2022–2024 sebagai imbalan atas kepemilikan aset yan,auto,auto_labeled_needs_validation
Q032,DOC07_NRT,recursive,89,1,score=0.313 hits=2/5 pages=[?] page_match=False ev_type=paragraph | preview: Nilai Tambah Item penyeimbang pada Neraca Produksi nilai tambah. Disebut sebagai nilai tambah karena mengukur nilai yang,auto,auto_labeled_needs_validation
Q032,DOC07_NRT,recursive,110,1,score=0.313 hits=2/5 pages=[?] page_match=False ev_type=paragraph | preview: Konsep dan Definisi Concept and Definition bersesuaian dari sumber data lainnnya baik dari BPS maupun data eksternal. Ne,auto,auto_labeled_needs_validation
Q032,DOC07_NRT,recursive,30,1,"score=0.309 hits=2/5 pages=[?] page_match=False ev_type=paragraph | preview: Beberapa istilah dalam neraca telah disesuaikan dengan nomenklatur SNA 2008, yang berbeda dari SNA 1968, antara lain out",auto,auto_labeled_needs_validation
Q032,DOC07_NRT,recursive,57,1,"score=0.309 hits=2/5 pages=[?] page_match=False ev_type=paragraph | preview: Compensation of employees Pajak lainnya atas produksi Other taxes on production Surplus usaha bruto Operating surplus, g",auto,auto_labeled_needs_validation
Q032,DOC07_NRT,recursive,130,1,score=0.309 hits=2/5 pages=[?] page_match=False ev_type=paragraph | preview: Penciptaan Pendapataan merupakan lanjutan dari Neraca Produksi. Nilai tambah bruto yang dihasilkan oleh usaha rumah tang,auto,auto_labeled_needs_validation
Q032,DOC07_NRT,recursive,140,1,"score=0.309 hits=2/5 pages=[?] page_match=False ev_type=paragraph | preview: Surplus usaha bruto/Operating surplus, gross Pajak lainnya atas produksi neto Other taxes on production Kompensasi tenag",auto,auto_labeled_needs_validation
Q032,DOC07_NRT,recursive,111,1,"score=0.305 hits=2/5 pages=[?] page_match=False ev_type=paragraph | preview: Neraca Produksi, dicatat sebagai sisi sumber. Nilai tambah sama dengan penjumlahan item kompensasi tenaga kerja, pajak a",auto,auto_labeled_needs_validation
Q032,DOC07_NRT,recursive,141,1,score=0.305 hits=2/5 pages=[?] page_match=False ev_type=paragraph | preview: Kompensasi tenaga kerja yang dibayarkan oleh setiap unit institusi (termasuk usaha rumah tangga) pada Neraca Penciptaan ,auto,auto_labeled_needs_validation
Q032,DOC07_NRT,recursive,143,1,score=0.305 hits=2/5 pages=[?] page_match=False ev_type=paragraph | preview: The gross operating surplus and the gross mixed income which are the balancing items on the Generation of Income Account,auto,auto_labeled_needs_validation
Q032,DOC07_NRT,recursive,151,1,"score=0.297 hits=2/5 pages=[?] page_match=False ev_type=paragraph | preview: (percent), 2022–2024 Persen/Percent Tahun/Year Surplus usaha bruto/Operating surplus, gross Pendapatan campuran bruto Mi",auto,auto_labeled_needs_validation
Q032,DOC07_NRT,recursive,88,1,"score=0.295 hits=2/5 pages=[?] page_match=False ev_type=paragraph | preview: Production Cost Production costs are the sum of intermediate consumption, compensation of employees, other taxes on prod",auto,auto_labeled_needs_validation
Q032,DOC07_NRT,recursive,133,1,"score=0.295 hits=2/5 pages=[?] page_match=False ev_type=paragraph | preview: 6.016,61 6.016,61 Ketika usaha rumah tangga menggunakan faktor produksi berupa tenaga kerja dalam kegiatan produksinya, ",auto,auto_labeled_needs_validation
Q032,DOC07_NRT,recursive,113,1,"score=0.291 hits=2/5 pages=[?] page_match=False ev_type=paragraph | preview: Otherwise, operating surplus and mixed income are balancing items and calculated Neraca Rumah Tangga Indonesia 2022–2024",auto,auto_labeled_needs_validation
Q032,DOC07_NRT,recursive,183,1,score=0.291 hits=2/5 pages=[?] page_match=False ev_type=paragraph | preview: PMTB selama tahun 2022–2024 pada Neraca Kapital lebih dari 90 persen. 3.8 Total Penerimaan dan Pengeluaran Rumah Tangga ,auto,auto_labeled_needs_validation
Q032,DOC07_NRT,recursive,185,1,score=0.291 hits=2/5 pages=[?] page_match=False ev_type=paragraph | preview: rumah tangga yang menghasilkan barang dan jasa untuk konsumsi sendiri. produce goods and services for own final use. Tab,auto,auto_labeled_needs_validation
Q032,DOC07_NRT,recursive,138,1,"score=0.287 hits=2/5 pages=[?] page_match=False ev_type=paragraph | preview: trillion rupiah compared to .587,05 trillion rupiah. In 2024, gross mixed income continued to increased by 7,55 percent ",auto,auto_labeled_needs_validation
Q032,DOC07_NRT,recursive,69,1,score=0.283 hits=2/5 pages=[?] page_match=False ev_type=paragraph | preview: The changes in liabilities side of the capital account records the resources available to finance household physical inv,auto,auto_labeled_needs_validation
Q032,DOC07_NRT,recursive,78,1,score=0.283 hits=2/5 pages=[?] page_match=False ev_type=paragraph | preview: Konsep dan Definisi Concept and Definition dengan unit institusi lain. Unit institusi lain yang dimaksud adalah unit kor,auto,auto_labeled_needs_validation
Q033,DOC07_NRT,element,7,2,"score=0.779 hits=3/3 pages=[7,8] page_match=True ev_type=paragraph | preview: KATA PENGANTAR  Publikasi Neraca Rumah Tangga Indonesia Tahun 2022–2024 merupakan kelanjutan publikasi yang diterbitkan ",auto,auto_labeled_needs_validation
Q033,DOC07_NRT,element,92,1,"score=0.450 hits=2/3 pages=[56] page_match=False ev_type=paragraph | preview: Use of Disposable Income Account  Dalam Neraca Penggunaan Pendapatan Disposabel, pendapatan disposabel yang merupakan it",auto,auto_labeled_needs_validation
Q033,DOC07_NRT,element,94,1,"score=0.450 hits=2/3 pages=[56,57,58] page_match=False ev_type=paragraph | preview: Capital Account  Dalam Neraca Kapital, tabungan yang sebelumnya merupakan item penyeimbang dalam Neraca Penggunaan Penda",auto,auto_labeled_needs_validation
Q033,DOC07_NRT,element,80,1,score=0.439 hits=2/3 pages=[50] page_match=False ev_type=paragraph | preview: Tabungan  Savings is the balancing item in the two use of income accounts. Its value is the same whether it is derived a,auto,auto_labeled_needs_validation
Q033,DOC07_NRT,element,37,1,"score=0.428 hits=2/3 pages=[30,31] page_match=False ev_type=paragraph | preview: 2.1 Household Accounts in System of National Accounts  Neraca Distribusi Pendapatan Sekunder pendapatan bagaimana mengga",auto,auto_labeled_needs_validation
Q033,DOC07_NRT,element,29,1,"score=0.422 hits=2/3 pages=[22] page_match=False ev_type=paragraph | preview: 1.1 Background  4  tangga, maka akan memengaruhi besarnya permintaan (demand) atas barang dan jasa.  will have the impac",auto,auto_labeled_needs_validation
Q033,DOC07_NRT,element,39,1,score=0.422 hits=2/3 pages=[32] page_match=False ev_type=paragraph | preview: 2.1 Household Accounts in System of National Accounts  dikaitkan dengan tampilan data ekonomi makro dalam bentuk Sistem ,auto,auto_labeled_needs_validation
Q033,DOC07_NRT,element,54,1,score=0.411 hits=2/3 pages=[38] page_match=False ev_type=paragraph | preview: Use of Disposable Income Account  Neraca Penggunaan Pendapatan Disposabel menunjukkan bagaimana unit rumah tangga mengal,auto,auto_labeled_needs_validation
Q033,DOC07_NRT,element,119,1,"score=0.383 hits=2/3 pages=[76,77] page_match=False ev_type=paragraph | preview: 3.5 Neraca Penggunaan Pendapatan Disposabel Rumah Tangga 2022–2024  Pendapatan disposabel atau pendapatan yang siap dibe",auto,auto_labeled_needs_validation
Q033,DOC07_NRT,element,8,1,score=0.374 hits=2/3 pages=[8] page_match=False ev_type=paragraph | preview: PREFACE  Indonesia Household Accounts 2022–2024 is a continuation of annual publications series by BPS. Concept and defi,auto,auto_labeled_needs_validation
Q033,DOC07_NRT,element,55,1,score=0.356 hits=2/3 pages=[38] page_match=False ev_type=paragraph | preview: Neraca Penggunaan Pendapatan Disposabel Tabel 2.5 Table Use of Disposable Income Account Sumber Penggunaan Uses Resourse,auto,auto_labeled_needs_validation
Q033,DOC07_NRT,element,120,1,score=0.356 hits=2/3 pages=[77] page_match=False ev_type=paragraph | preview: 2022 2023 2024 Item Items Penggunaan Uses Sumber Resources Penggunaan Uses Sumber Resources Penggunaan Uses Sumber Resou,auto,auto_labeled_needs_validation
Q033,DOC07_NRT,element,11,1,score=0.297 hits=1/3 pages=[9] page_match=False ev_type=paragraph | preview: PENDAHULUAN/INTRODUCTION ............................................................................................. 1,auto,auto_labeled_needs_validation
Q033,DOC07_NRT,element,40,1,"score=0.294 hits=1/3 pages=[33] page_match=False ev_type=paragraph | preview: 2.2 Household Accounts Framework  Data tentang aktivitas ekonomi rumah tangga akan digambarkan dalam Neraca Produksi, Ne",auto,auto_labeled_needs_validation
Q033,DOC07_NRT,element,51,1,"score=0.283 hits=1/3 pages=[36,37] page_match=False ev_type=paragraph | preview: Secondary Distribution of Income Account  Neraca Distribusi Pendapatan Sekunder menggambarkan bagaimana pendapatan didis",auto,auto_labeled_needs_validation
Q033,DOC07_NRT,element,116,1,"score=0.283 hits=1/3 pages=[73,74] page_match=False ev_type=paragraph | preview: 3.4 Neraca Distribusi Pendapatan Sekunder Rumah Tangga 2022–2024  Dari sisi penggunaan, besarnya pajak pendapatan, kekay",auto,auto_labeled_needs_validation
Q033,DOC07_NRT,element,113,1,"score=0.278 hits=1/3 pages=[71,72] page_match=False ev_type=paragraph | preview: 3.4 Neraca Distribusi Pendapatan Sekunder Rumah Tangga 2022–2024  Neraca Distribusi Pendapatan Sekunder menggambarkan ba",auto,auto_labeled_needs_validation
Q033,DOC07_NRT,element,35,1,"score=0.272 hits=1/3 pages=[28,29] page_match=False ev_type=paragraph | preview: 2.1 Household Accounts in System of National Accounts  Di dalam Neraca Nasional, data transaksi perekonomian menunjukkan",auto,auto_labeled_needs_validation
Q033,DOC07_NRT,element,90,1,"score=0.272 hits=1/3 pages=[54,55] page_match=False ev_type=paragraph | preview: Secondary Distribution of Income Account  Dalam Neraca Distribusi Pendapatan Sekunder, pendapatan nasional yang sebelumn",auto,auto_labeled_needs_validation
Q033,DOC07_NRT,element,38,1,"score=0.267 hits=1/3 pages=[31,32] page_match=False ev_type=paragraph | preview: 2.1 Household Accounts in System of National Accounts  National Accounts are aggregate of the accounts of various instit",auto,auto_labeled_needs_validation
Q033,DOC07_NRT,element,93,1,"score=0.261 hits=1/3 pages=[56] page_match=False ev_type=paragraph | preview: Redistribution of Income in Kind Account  Sama halnya dengan Neraca Penggunaan Pendapatan Disposabel, pada sisi sumber t",auto,auto_labeled_needs_validation
Q033,DOC07_NRT,element,136,1,score=0.244 hits=1/3 pages=[88] page_match=False ev_type=paragraph | preview: Incomes Household 3.8 and Expenditures Total  70  tersebut rata-rata diatas 80 persen selama periode 2022–2024. Pada tah,auto,auto_labeled_needs_validation
Q033,DOC07_NRT,element,28,1,score=0.239 hits=1/3 pages=[21] page_match=False ev_type=paragraph | preview: 1.1 Background  Hakekat pembangunan nasional adalah pembangunan manusia Indonesia seutuhnya yang meliputi seluruh lapisa,auto,auto_labeled_needs_validation
Q033,DOC07_NRT,element,129,1,"score=0.239 hits=1/3 pages=[83] page_match=False ev_type=paragraph | preview: 3.7 Household Capital Account 2022–  persen menjadi 88,03 triliun rupiah. Sementara itu, pada tahun 2024 net lending rum",auto,auto_labeled_needs_validation
Q033,DOC07_NRT,element,135,1,"score=0.239 hits=1/3 pages=[86,87] page_match=False ev_type=paragraph | preview: Incomes Household 3.8 and Expenditures Total  Selain itu, rumah tangga juga menggunakan aset milik pihak lain, baik aset",auto,auto_labeled_needs_validation
Q033,DOC07_NRT,semantic_maxmin,3,2,"score=0.689 hits=3/3 pages=[?] page_match=False ev_type=paragraph | preview: Rumah tangga berkontribusi dalam menghasilkan barang dan jasa melalui kegiatan produksi, sekaligus menyediakan faktor pr",auto,auto_labeled_needs_validation
Q033,DOC07_NRT,semantic_maxmin,180,2,"score=0.439 hits=2/3 pages=[?] page_match=False ev_type=paragraph | preview: Final consumption expenditure is obtained from household consumption expenditure from GDP. Meanwhile, saving is a balanc",auto,auto_labeled_needs_validation
Q033,DOC07_NRT,semantic_maxmin,91,1,score=0.417 hits=2/3 pages=[?] page_match=False ev_type=paragraph | preview: Tabel 2.6 Neraca Redistribusi Pendapatan dalam Bentuk Barang Table Redistribution of Income in Kind Account Penggunaan U,auto,auto_labeled_needs_validation
Q033,DOC07_NRT,semantic_maxmin,9,1,"score=0.411 hits=2/3 pages=[?] page_match=False ev_type=paragraph | preview: Jakarta, October 2025 Chief Statistician Amalia Adininggar Widyasanti, S.T., M.Si., M.Eng., Ph.D vii DAFTAR ISI CONTENTS",auto,auto_labeled_needs_validation
Q033,DOC07_NRT,semantic_maxmin,89,1,score=0.411 hits=2/3 pages=[?] page_match=False ev_type=paragraph | preview: Tabel 2.5 Neraca Penggunaan Pendapatan Disposabel Table Use of Disposable Income Account Penggunaan Uses Sumber Resourse,auto,auto_labeled_needs_validation
Q033,DOC07_NRT,semantic_maxmin,149,1,score=0.383 hits=2/3 pages=[?] page_match=False ev_type=paragraph | preview: Savings Savings is the balancing item in the two use of income accounts. Its value is the same whether it is derived as ,auto,auto_labeled_needs_validation
Q033,DOC07_NRT,semantic_maxmin,313,1,score=0.372 hits=2/3 pages=[?] page_match=False ev_type=paragraph | preview: New York. Daftar Pustaka Bibliography Neraca Rumah Tangga Indonesia 2022–2024 Indonesia Household Accounts 2022–2024 Lam,auto,auto_labeled_needs_validation
Q033,DOC07_NRT,semantic_maxmin,247,1,"score=0.367 hits=2/3 pages=[?] page_match=False ev_type=paragraph | preview: Ulasan Singkat Brief Review Tabel 3.5 Neraca Penggunaan Pendapatan Disposabel Rumah Tangga (triliun rupiah), 2022–2024 T",auto,auto_labeled_needs_validation
Q033,DOC07_NRT,semantic_maxmin,87,1,score=0.350 hits=2/3 pages=[?] page_match=False ev_type=paragraph | preview: Item penyeimbang neraca ini adalah tabungan. Use of Disposable Income Account The Use of Disposable Income account shows,auto,auto_labeled_needs_validation
Q033,DOC07_NRT,semantic_maxmin,7,1,"score=0.344 hits=2/3 pages=[?] page_match=False ev_type=paragraph | preview: This involvement entitle household to retain fortune, reflected in various macroeconomy measures such as disposable inco",auto,auto_labeled_needs_validation
Q033,DOC07_NRT,semantic_maxmin,65,1,score=0.344 hits=2/3 pages=[?] page_match=False ev_type=paragraph | preview: When the Indonesia Household Accounts are associated with macroeconomic data in the form of Social Accounting Matrix (SA,auto,auto_labeled_needs_validation
Q033,DOC07_NRT,semantic_maxmin,88,1,score=0.344 hits=2/3 pages=[?] page_match=False ev_type=paragraph | preview: The resources side contains disposable income obtained from the Secondary Distribution of Income Account and adjustment ,auto,auto_labeled_needs_validation
Q033,DOC07_NRT,semantic_maxmin,245,1,score=0.344 hits=2/3 pages=[?] page_match=False ev_type=paragraph | preview: The disposable income will be used to finance household final consumption during the account period. Savings on this acc,auto,auto_labeled_needs_validation
Q033,DOC07_NRT,semantic_maxmin,69,1,"score=0.278 hits=1/3 pages=[?] page_match=False ev_type=paragraph | preview: Di dalamnya memuat keterangan tentang nilai barang dan jasa yang dihasilkan (output), biaya antara yang dikeluarkan (int",auto,auto_labeled_needs_validation
Q033,DOC07_NRT,semantic_maxmin,86,1,score=0.278 hits=1/3 pages=[?] page_match=False ev_type=paragraph | preview: Tabel 2.4 Neraca Distribusi Pendapatan Sekunder Table Secondary Distribution of Income Account Penggunaan Uses Sumber Re,auto,auto_labeled_needs_validation
Q033,DOC07_NRT,semantic_maxmin,230,1,"score=0.272 hits=1/3 pages=[?] page_match=False ev_type=paragraph | preview: Tabel 3.4 Neraca Distribusi Pendapatan Sekunder Rumah Tangga (triliun rupiah), 2022–2024 Table Household Secondary Distr",auto,auto_labeled_needs_validation
Q033,DOC07_NRT,semantic_maxmin,52,1,"score=0.267 hits=1/3 pages=[?] page_match=False ev_type=paragraph | preview: The Secondary Distribution of Income Account describes how income is redistributed among institutional units, through pa",auto,auto_labeled_needs_validation
Q033,DOC07_NRT,semantic_maxmin,183,1,"score=0.239 hits=1/3 pages=[?] page_match=False ev_type=paragraph | preview: Gross Fixed Capital Formation (GFCF) are collected from Ministry data, Survey of GFCF disaggregation and SKTIR. The last",auto,auto_labeled_needs_validation
Q033,DOC07_NRT,semantic_maxmin,290,1,"score=0.239 hits=1/3 pages=[?] page_match=False ev_type=paragraph | preview: The contribution from final consumption 80,94 83,53 82,99 2,83 2,40 2,32 8,20 7,57 7,84 8,03 6,51 6,85 Persen/Percent Ta",auto,auto_labeled_needs_validation
Q033,DOC07_NRT,semantic_maxmin,18,1,score=0.233 hits=1/3 pages=[?] page_match=False ev_type=paragraph | preview: Seluruh pendapatan yang diperoleh dari balas jasa dan pendapatan lainnya disebut sebagai penerimaan rumah tangga. Sehing,auto,auto_labeled_needs_validation
Q033,DOC07_NRT,semantic_maxmin,172,1,score=0.233 hits=1/3 pages=[?] page_match=False ev_type=paragraph | preview: Konsep dan Definisi Concept and Definition Kontribusi sosial neto sisi penerimaan dan pengeluaran didapatkan dari OJK. T,auto,auto_labeled_needs_validation
Q033,DOC07_NRT,semantic_maxmin,251,1,"score=0.233 hits=1/3 pages=[?] page_match=False ev_type=paragraph | preview: Tabel 3.6 Neraca Redistribusi Pendapatan Rumah Tangga dalam Bentuk Barang (triliun rupiah), 2022–2024 Table Household Re",auto,auto_labeled_needs_validation
Q033,DOC07_NRT,semantic_maxmin,10,1,"score=0.222 hits=1/3 pages=[?] page_match=False ev_type=paragraph | preview: Agar tujuan ini tercapai, maka program-program pembangunan yang dirancang oleh pemerintah, seyogyanya diarahkan untuk me",auto,auto_labeled_needs_validation
Q033,DOC07_NRT,semantic_maxmin,44,1,"score=0.211 hits=1/3 pages=[?] page_match=False ev_type=paragraph | preview: National Accounts present transaction value estimation (expressed as value of money) of production, income distribution,",auto,auto_labeled_needs_validation
Q033,DOC07_NRT,semantic_maxmin,85,1,score=0.211 hits=1/3 pages=[?] page_match=False ev_type=paragraph | preview: The balancing item in the Secondary Distribution of Income Account is disposable income. Disposable income can be interp,auto,auto_labeled_needs_validation
Q033,DOC07_NRT,recursive,3,2,"score=0.689 hits=3/3 pages=[?] page_match=False ev_type=paragraph | preview: Sebagai salah satu pelaku penting dalam perekonomian nasional, rumah tangga tidak hanya berperan sebagai objek pembangun",auto,auto_labeled_needs_validation
Q033,DOC07_NRT,recursive,122,2,"score=0.444 hits=2/3 pages=[?] page_match=False ev_type=paragraph | preview: In the Capital Account, saving previously as balancing item in the Use of Disposable Income Account, re-recorded in chan",auto,auto_labeled_needs_validation
Q033,DOC07_NRT,recursive,103,2,score=0.439 hits=2/3 pages=[?] page_match=False ev_type=paragraph | preview: Goods and services use for unincorporated enterprises within households is not included in household consumption expendi,auto,auto_labeled_needs_validation
Q033,DOC07_NRT,recursive,121,1,score=0.422 hits=2/3 pages=[?] page_match=False ev_type=paragraph | preview: Adjustment for the change in pension entitlements is obtained from OJK. Final consumption expenditure is obtained from h,auto,auto_labeled_needs_validation
Q033,DOC07_NRT,recursive,68,1,"score=0.417 hits=2/3 pages=[?] page_match=False ev_type=paragraph | preview: Social transfer in kind Pendapatan disposabel yang disesuaikan bruto Adjusted disposable income, gross Jumlah/Total Juml",auto,auto_labeled_needs_validation
Q033,DOC07_NRT,recursive,64,1,"score=0.411 hits=2/3 pages=[?] page_match=False ev_type=paragraph | preview: Miscellaneous current transfers Transfer lainnya, yang belum diklasifikasikan Miscellaneous current transfers Pendapatan",auto,auto_labeled_needs_validation
Q033,DOC07_NRT,recursive,50,1,"score=0.394 hits=2/3 pages=[?] page_match=False ev_type=paragraph | preview: From the Allocation of Primary Income Account we can derive aggregate of wages and salaries, and property income. From S",auto,auto_labeled_needs_validation
Q033,DOC07_NRT,recursive,204,1,"score=0.372 hits=2/3 pages=[?] page_match=False ev_type=paragraph | preview: Final consumption expenditure 10.161,71 11.109,57 11.964,95 Tabungan bruto Savings, gross 1.007,70 865,42 987,33 Total 1",auto,auto_labeled_needs_validation
Q033,DOC07_NRT,recursive,205,1,score=0.372 hits=2/3 pages=[?] page_match=False ev_type=paragraph | preview: Neraca Rumah Tangga Indonesia 2022–2024 Indonesia Household Accounts 2022–2024 Item Items Pendapatan disposabel yang dis,auto,auto_labeled_needs_validation
Q033,DOC07_NRT,recursive,168,1,"score=0.367 hits=2/3 pages=[?] page_match=False ev_type=paragraph | preview: 9,33 percent or 11.109,57 trillion rupiah. In 2024, the value of household final consumption expenditure continued to in",auto,auto_labeled_needs_validation
Q033,DOC07_NRT,recursive,212,1,"score=0.361 hits=2/3 pages=[?] page_match=False ev_type=paragraph | preview: 2.7 Struktur Neraca Distribusi Pendapatan Sekunder Rumah Tangga Menurut Penggunaan (persen), 2022–2024 Household Seconda",auto,auto_labeled_needs_validation
Q033,DOC07_NRT,recursive,65,1,score=0.356 hits=2/3 pages=[?] page_match=False ev_type=paragraph | preview: The Use of Disposable Income account shows how household units allocate disposable income for consumption and savings. T,auto,auto_labeled_needs_validation
Q033,DOC07_NRT,recursive,4,1,"score=0.350 hits=2/3 pages=[?] page_match=False ev_type=paragraph | preview: Masukan yang konstruktif dari pengguna data kami harapkan untuk perbaikan publikasi ini di masa depan. Jakarta, Oktober ",auto,auto_labeled_needs_validation
Q033,DOC07_NRT,recursive,167,1,"score=0.344 hits=2/3 pages=[?] page_match=False ev_type=paragraph | preview: increased to 53,31 percent in 2024. In second place, current taxes on income, wealth, etc has proportion of 26,78 percen",auto,auto_labeled_needs_validation
Q033,DOC07_NRT,recursive,43,1,"score=0.283 hits=1/3 pages=[?] page_match=False ev_type=paragraph | preview: Account describes how income is redistributed among institutional units, through payments and receipts of current transf",auto,auto_labeled_needs_validation
Q033,DOC07_NRT,recursive,52,1,score=0.283 hits=1/3 pages=[?] page_match=False ev_type=paragraph | preview: Neraca Produksi Berikut adalah diagram kerangka Neraca Produksi Rumah Tangga. Neraca ini menggambarkan aktivitas produks,auto,auto_labeled_needs_validation
Q033,DOC07_NRT,recursive,161,1,"score=0.283 hits=1/3 pages=[?] page_match=False ev_type=paragraph | preview: 2024 increased by 15,07 percent from 2023. Neraca Rumah Tangga Indonesia 2022–2024 Indonesia Household Accounts 2022–202",auto,auto_labeled_needs_validation
Q033,DOC07_NRT,recursive,49,1,"score=0.272 hits=1/3 pages=[?] page_match=False ev_type=paragraph | preview: (NAD) Indonesia, maka akan ada dua neraca yang terkait, yaitu Neraca Penggunaan Pendapatan Disposabel dan Neraca Kapital",auto,auto_labeled_needs_validation
Q033,DOC07_NRT,recursive,62,1,score=0.272 hits=1/3 pages=[?] page_match=False ev_type=paragraph | preview: Concept and Definition manfaat sosial selain transfer sosial dalam bentuk barang dan transfer lainnya. Item penyeimbang ,auto,auto_labeled_needs_validation
Q033,DOC07_NRT,recursive,67,1,score=0.272 hits=1/3 pages=[?] page_match=False ev_type=paragraph | preview: dan dari sisi rumah tangga sebagai sumber dalam bentuk transfer sosial yang diterima dari institusi pemerintah dan LNPRT,auto,auto_labeled_needs_validation
Q033,DOC07_NRT,recursive,7,1,score=0.267 hits=1/3 pages=[?] page_match=False ev_type=paragraph | preview: 3.3 Neraca Alokasi Pendapatan Primer Rumah Tangga 2022–2024/Household Allocation of Primary Income Account 2022–2024 ...,auto,auto_labeled_needs_validation
Q033,DOC07_NRT,recursive,120,1,"score=0.267 hits=1/3 pages=[?] page_match=False ev_type=paragraph | preview: Pendapatan dalam Bentuk Barang Sama halnya dengan Neraca Penggunaan Pendapatan Disposabel, pada sisi sumber terdapat pen",auto,auto_labeled_needs_validation
Q033,DOC07_NRT,recursive,23,1,"score=0.244 hits=1/3 pages=[?] page_match=False ev_type=paragraph | preview: Berdasarkan hal tersebut, aktivitas pengeluaran konsumsi oleh rumah tangga (PKRT) akan memengaruhi aktivitas ekonomi sua",auto,auto_labeled_needs_validation
Q033,DOC07_NRT,recursive,183,1,score=0.244 hits=1/3 pages=[?] page_match=False ev_type=paragraph | preview: PMTB selama tahun 2022–2024 pada Neraca Kapital lebih dari 90 persen. 3.8 Total Penerimaan dan Pengeluaran Rumah Tangga ,auto,auto_labeled_needs_validation
Q033,DOC07_NRT,recursive,20,1,"score=0.239 hits=1/3 pages=[?] page_match=False ev_type=paragraph | preview: Keberhasilan pelaksanaan program pembangunan ditandai oleh terpenuhinya kebutuhan hidup masyarakat Indonesia, baik kebut",auto,auto_labeled_needs_validation
Q034,DOC07_NRT,element,11,2,score=0.622 hits=4/4 pages=[9] page_match=True ev_type=table_of_contents | preview: PENDAHULUAN/INTRODUCTION ............................................................................................. 1,auto,auto_labeled_needs_validation
Q034,DOC07_NRT,element,31,1,"score=0.374 hits=2/4 pages=[23,24] page_match=False ev_type=table_of_contents | preview: 1.2 Sistematika Penulisan  Indonesia Household Accounts 2022– 2024 publication is presented with the outline as follows:",auto,auto_labeled_needs_validation
Q034,DOC07_NRT,element,86,1,"score=0.210 hits=1/4 pages=[52,53] page_match=False ev_type=table_of_contents | preview: 2.5 Sumber Data dan Metodologi  Dalam penyusunan Neraca Rumah Tangga Indonesia 2022–2024, sumber data utama diperoleh da",auto,auto_labeled_needs_validation
Q034,DOC07_NRT,element,40,1,"score=0.192 hits=1/4 pages=[33] page_match=False ev_type=table_of_contents | preview: 2.2 Household Accounts Framework  Data tentang aktivitas ekonomi rumah tangga akan digambarkan dalam Neraca Produksi, Ne",auto,auto_labeled_needs_validation
Q034,DOC07_NRT,element,35,1,"score=0.186 hits=1/4 pages=[28,29] page_match=False ev_type=table_of_contents | preview: 2.1 Household Accounts in System of National Accounts  Di dalam Neraca Nasional, data transaksi perekonomian menunjukkan",auto,auto_labeled_needs_validation
Q034,DOC07_NRT,element,34,1,"score=0.174 hits=1/4 pages=[27,28] page_match=False ev_type=table_of_contents | preview: 2.1 Household Accounts in System of National Accounts  System of National Accounts  (SNA)  merupakan standar internasion",auto,auto_labeled_needs_validation
Q034,DOC07_NRT,element,90,1,"score=0.163 hits=1/4 pages=[54,55] page_match=False ev_type=table_of_contents | preview: Secondary Distribution of Income Account  Dalam Neraca Distribusi Pendapatan Sekunder, pendapatan nasional yang sebelumn",auto,auto_labeled_needs_validation
Q034,DOC07_NRT,semantic_maxmin,9,2,"score=0.616 hits=4/4 pages=[?] page_match=False ev_type=table_of_contents | preview: Jakarta, October 2025 Chief Statistician Amalia Adininggar Widyasanti, S.T., M.Si., M.Eng., Ph.D vii DAFTAR ISI CONTENTS",auto,auto_labeled_needs_validation
Q034,DOC07_NRT,semantic_maxmin,25,1,"score=0.374 hits=2/4 pages=[?] page_match=False ev_type=table_of_contents | preview: Bab II: Konsep dan Definisi, menjelaskan hubungan dan posisi Neraca Rumah Tangga di dalam Sistem Neraca Nasional Indones",auto,auto_labeled_needs_validation
Q034,DOC07_NRT,semantic_maxmin,155,1,"score=0.210 hits=1/4 pages=[?] page_match=False ev_type=table_of_contents | preview: 2.5 Sumber Data dan Metodologi Dalam penyusunan Neraca Rumah Tangga Indonesia 2022–2024, sumber data utama diperoleh dar",auto,auto_labeled_needs_validation
Q034,DOC07_NRT,semantic_maxmin,66,1,score=0.192 hits=1/4 pages=[?] page_match=False ev_type=table_of_contents | preview: Konsep dan Definisi Concept and Definition 2.2 Kerangka Neraca Rumah Tangga Data tentang aktivitas ekonomi rumah tangga ,auto,auto_labeled_needs_validation
Q034,DOC07_NRT,semantic_maxmin,172,1,score=0.181 hits=1/4 pages=[?] page_match=False ev_type=table_of_contents | preview: Konsep dan Definisi Concept and Definition Kontribusi sosial neto sisi penerimaan dan pengeluaran didapatkan dari OJK. T,auto,auto_labeled_needs_validation
Q034,DOC07_NRT,semantic_maxmin,42,1,"score=0.175 hits=1/4 pages=[?] page_match=False ev_type=table_of_contents | preview: Oleh karenanya, dalam Sistem Neraca Nasional Indonesia (SNNI), jenis neraca utama terdiri dari Neraca Produksi, Neraca P",auto,auto_labeled_needs_validation
Q034,DOC07_NRT,semantic_maxmin,95,1,score=0.175 hits=1/4 pages=[?] page_match=False ev_type=table_of_contents | preview: Tabel 2.7 Neraca Kapital Table Capital Account Perubahan aset Changes in assets Perubahan kewajiban Changes in liabiliti,auto,auto_labeled_needs_validation
Q034,DOC07_NRT,semantic_maxmin,158,1,score=0.164 hits=1/4 pages=[?] page_match=False ev_type=table_of_contents | preview: Indonesia Household Account are compiled based on the structure of household account obtained from SKTIR and Susenas. Co,auto,auto_labeled_needs_validation
Q034,DOC07_NRT,semantic_maxmin,32,1,score=0.163 hits=1/4 pages=[?] page_match=False ev_type=table_of_contents | preview: 2.1 Neraca Rumah Tangga di dalam Sistem Neraca Nasional System of National Accounts (SNA) merupakan standar internasiona,auto,auto_labeled_needs_validation
Q034,DOC07_NRT,semantic_maxmin,36,1,"score=0.128 hits=1/4 pages=[?] page_match=False ev_type=table_of_contents | preview: b. konsisten; nilai yang sama digunakan untuk menetapkan konsekuensi atas tindakan semua pihak yang terkait, dengan meng",auto,auto_labeled_needs_validation
Q034,DOC07_NRT,semantic_maxmin,68,1,score=0.122 hits=1/4 pages=[?] page_match=False ev_type=table_of_contents | preview: Neraca Produksi Berikut adalah diagram kerangka Neraca Produksi Rumah Tangga. Neraca ini menggambarkan aktivitas produks,auto,auto_labeled_needs_validation
Q034,DOC07_NRT,recursive,6,2,score=0.574 hits=4/4 pages=[?] page_match=False ev_type=table_of_contents | preview: ix DAFTAR GAMBAR/LIST OF FIGURES ... xi DAFTAR LAMPIRAN/LIST OF APPENDICES ... xii I PENDAHULUAN/INTRODUCTION ... 1.1 La,auto,auto_labeled_needs_validation
Q034,DOC07_NRT,recursive,27,1,"score=0.374 hits=2/4 pages=[?] page_match=False ev_type=table_of_contents | preview: Neraca Rumah Tangga Indonesia Tahun 2022– 2024. Selain itu, bab ini juga menjelaskan sistematika penulisan laporan. Bab ",auto,auto_labeled_needs_validation
Q034,DOC07_NRT,recursive,107,1,"score=0.205 hits=1/4 pages=[?] page_match=False ev_type=table_of_contents | preview: a. Finished good, are the products which are ready to be marketed. An example of finished goods inventories is the unsol",auto,auto_labeled_needs_validation
Q034,DOC07_NRT,recursive,36,1,"score=0.199 hits=1/4 pages=[?] page_match=False ev_type=table_of_contents | preview: (NPISHs), corporations, and government units (referred as resident units), and rest of the world or non-resident units. ",auto,auto_labeled_needs_validation
Q034,DOC07_NRT,recursive,51,1,score=0.197 hits=1/4 pages=[?] page_match=False ev_type=table_of_contents | preview: Konsep dan Definisi Concept and Definition 2.2 Kerangka Neraca Rumah Tangga Data tentang aktivitas ekonomi rumah tangga ,auto,auto_labeled_needs_validation
Q034,DOC07_NRT,recursive,110,1,score=0.192 hits=1/4 pages=[?] page_match=False ev_type=table_of_contents | preview: Konsep dan Definisi Concept and Definition bersesuaian dari sumber data lainnnya baik dari BPS maupun data eksternal. Ne,auto,auto_labeled_needs_validation
Q034,DOC07_NRT,recursive,50,1,"score=0.186 hits=1/4 pages=[?] page_match=False ev_type=table_of_contents | preview: From the Allocation of Primary Income Account we can derive aggregate of wages and salaries, and property income. From S",auto,auto_labeled_needs_validation
Q034,DOC07_NRT,recursive,52,1,score=0.186 hits=1/4 pages=[?] page_match=False ev_type=table_of_contents | preview: Neraca Produksi Berikut adalah diagram kerangka Neraca Produksi Rumah Tangga. Neraca ini menggambarkan aktivitas produks,auto,auto_labeled_needs_validation
Q034,DOC07_NRT,recursive,108,1,"score=0.186 hits=1/4 pages=[?] page_match=False ev_type=table_of_contents | preview: Dalam penyusunan Neraca Rumah Tangga Indonesia 2022–2024, sumber data utama diperoleh dari Survei Khusus Tabungan dan In",auto,auto_labeled_needs_validation
Q034,DOC07_NRT,recursive,116,1,score=0.181 hits=1/4 pages=[?] page_match=False ev_type=table_of_contents | preview: Konsep dan Definisi Concept and Definition Kontribusi sosial neto sisi penerimaan dan pengeluaran didapatkan dari OJK. T,auto,auto_labeled_needs_validation
Q034,DOC07_NRT,recursive,71,1,score=0.175 hits=1/4 pages=[?] page_match=False ev_type=table_of_contents | preview: Gross fixed capital formation Perubahan inventori Changes in inventory Perolehan dikurangi pelepasan aset non produksi A,auto,auto_labeled_needs_validation
Q034,DOC07_NRT,recursive,109,1,"score=0.170 hits=1/4 pages=[?] page_match=False ev_type=table_of_contents | preview: Net Lending/Net Borrowing In the Capital Accounts, the net lending is balancing item. The value of net lending is the di",auto,auto_labeled_needs_validation
Q034,DOC07_NRT,recursive,30,1,"score=0.163 hits=1/4 pages=[?] page_match=False ev_type=table_of_contents | preview: Beberapa istilah dalam neraca telah disesuaikan dengan nomenklatur SNA 2008, yang berbeda dari SNA 1968, antara lain out",auto,auto_labeled_needs_validation
Q035,DOC07_NRT,element,126,1,score=0.647 hits=3/3 pages=[81] page_match=False ev_type=table_of_contents | preview: 3.7 Household Capital Account 2022–  rincian tersebut memiliki tren yang berfluktuasi selama tahun 2022–2024. PMTB pada ,auto,auto_labeled_needs_validation
Q035,DOC07_NRT,element,16,2,score=0.587 hits=2/3 pages=[12] page_match=True ev_type=table_of_contents | preview: Tabel Table Tabel Table Tabel Tabel Tabel Table Tabel Table Tabel Table Tabel 3.3 3.4 3.5 3.6 3.7 3.8 3.9 Neraca Alokasi,auto,auto_labeled_needs_validation
Q035,DOC07_NRT,element,19,1,score=0.497 hits=2/3 pages=[13] page_match=False ev_type=table_of_contents | preview: Gambar Figure Gambar Figure Gambar Figure Gambar Figure Gambar Figure Gambar Figure Gambar Figure 3.4 3.5 3.6 3.7 3.8 3.,auto,auto_labeled_needs_validation
Q035,DOC07_NRT,element,125,1,score=0.483 hits=2/3 pages=[80] page_match=False ev_type=table_of_contents | preview: 3.7 Household Capital Account 2022–  2022–2024  2024  Neraca Kapital rumah tangga memperlihatkan transaksi modal dan pem,auto,auto_labeled_needs_validation
Q035,DOC07_NRT,element,11,1,score=0.467 hits=2/3 pages=[9] page_match=False ev_type=table_of_contents | preview: PENDAHULUAN/INTRODUCTION ............................................................................................. 1,auto,auto_labeled_needs_validation
Q035,DOC07_NRT,element,24,1,score=0.458 hits=2/3 pages=[16] page_match=False ev_type=table_of_contents | preview: DAFTAR LAMPIRAN LIST OF APPENDICES  https://www.bps.go.id  Lampiran Appendix 1.14 Neraca Kapital Rumah Tangga Menurut Pe,auto,auto_labeled_needs_validation
Q035,DOC07_NRT,element,158,1,"score=0.436 hits=2/3 pages=[98,99] page_match=False ev_type=table_of_contents | preview: LAMPIRAN APPENDIX  Neraca Redistribusi Pendapatan Rumah Tangga dalam Bentuk Barang Menurut Sumber (triliun rupiah), 2022",auto,auto_labeled_needs_validation
Q035,DOC07_NRT,element,26,1,"score=0.428 hits=2/3 pages=[17,18,19] page_match=False ev_type=table_of_contents | preview: DAFTAR LAMPIRAN LIST OF APPENDICES  https://www.bps.go.id  Struktur Neraca Penggunaan Pendapatan Disposabel Rumah Tangga",auto,auto_labeled_needs_validation
Q035,DOC07_NRT,element,15,1,"score=0.415 hits=1/3 pages=[11,12] page_match=True ev_type=table_of_contents | preview: DAFTAR TABEL LIST OF TABLES  Table  Household Production Account (trillion rupiah), 2022–2024 ..........................",auto,auto_labeled_needs_validation
Q035,DOC07_NRT,element,23,1,score=0.406 hits=2/3 pages=[16] page_match=False ev_type=table_of_contents | preview: Lampiran Appendix Lampiran Appendix Lampiran Appendix Lampiran Appendix Lampiran Appendix 1.9 1.10 1.11 1.12 1.13 Neraca,auto,auto_labeled_needs_validation
Q035,DOC07_NRT,element,160,1,score=0.406 hits=2/3 pages=[99] page_match=False ev_type=table_of_contents | preview: LAMPIRAN APPENDIX  Perubahan inventori  Changes in inventory  Pinjaman neto  https://www.bps.go.id  Total  Neraca Kapita,auto,auto_labeled_needs_validation
Q035,DOC07_NRT,element,182,1,"score=0.406 hits=2/3 pages=[105,106] page_match=False ev_type=table_of_contents | preview: LAMPIRAN APPENDIX  Lampiran  Appendix  87  88  Lampiran  Appendix  Appendix  2.13  Struktur Neraca Kapital Rumah Tangga ",auto,auto_labeled_needs_validation
Q035,DOC07_NRT,element,184,1,score=0.406 hits=2/3 pages=[106] page_match=False ev_type=table_of_contents | preview: LAMPIRAN APPENDIX  https://www.bps.go.id  Total  Struktur Neraca Kapital Rumah Tangga Menurut Perubahan Kewajiban (perse,auto,auto_labeled_needs_validation
Q035,DOC07_NRT,element,14,1,score=0.394 hits=1/3 pages=[11] page_match=False ev_type=table_of_contents | preview: Table Tabel Table Tabel Table Tabel Table Tabel Tabel Tabel Table Tabel Table Tabel 2.2 2.3 2.4 2.5 2.6 2.7 3.1 Producti,auto,auto_labeled_needs_validation
Q035,DOC07_NRT,element,119,1,"score=0.350 hits=1/3 pages=[76,77] page_match=False ev_type=table_of_contents | preview: 3.5 Neraca Penggunaan Pendapatan Disposabel Rumah Tangga 2022–2024  Pendapatan disposabel atau pendapatan yang siap dibe",auto,auto_labeled_needs_validation
Q035,DOC07_NRT,element,129,1,"score=0.350 hits=1/3 pages=[83] page_match=False ev_type=table_of_contents | preview: 3.7 Household Capital Account 2022–  persen menjadi 88,03 triliun rupiah. Sementara itu, pada tahun 2024 net lending rum",auto,auto_labeled_needs_validation
Q035,DOC07_NRT,element,18,1,"score=0.324 hits=1/3 pages=[13] page_match=False ev_type=table_of_contents | preview: DAFTAR GAMBAR LIST OF FIGURES  Gambar Struktur Neraca Produksi Rumah Tangga (persen), 2022–2024  3.1  Figure  Household ",auto,auto_labeled_needs_validation
Q035,DOC07_NRT,element,98,1,"score=0.319 hits=1/3 pages=[61,62] page_match=False ev_type=table_of_contents | preview: 3.1 Household Production Account 2022–2024  Selama periode tahun 2022–2024, nilai output yang dihasilkan usaha rumah tan",auto,auto_labeled_needs_validation
Q035,DOC07_NRT,element,104,1,"score=0.319 hits=1/3 pages=[65] page_match=False ev_type=table_of_contents | preview: Neraca Penciptaan Pendapatan Rumah Tangga (triliun rupiah), 2022–2024  produksi yang diambil dari nilai tambah bruto. Pa",auto,auto_labeled_needs_validation
Q035,DOC07_NRT,element,110,1,"score=0.319 hits=1/3 pages=[68,69] page_match=False ev_type=table_of_contents | preview: 3.3 Neraca Alokasi Pendapatan Primer Rumah Tangga 2022–2024  Selama periode 2022–2024, nilai  During the period 2022–202",auto,auto_labeled_needs_validation
Q035,DOC07_NRT,element,116,1,"score=0.319 hits=1/3 pages=[73,74] page_match=False ev_type=table_of_contents | preview: 3.4 Neraca Distribusi Pendapatan Sekunder Rumah Tangga 2022–2024  Dari sisi penggunaan, besarnya pajak pendapatan, kekay",auto,auto_labeled_needs_validation
Q035,DOC07_NRT,element,124,1,"score=0.319 hits=1/3 pages=[78,79,80] page_match=False ev_type=table_of_contents | preview: 3.6 Household Redistribution of Income in Kind Account2022–2024  Dalam Neraca Redistribusi Pendapatan Rumah Tangga dalam",auto,auto_labeled_needs_validation
Q035,DOC07_NRT,element,132,1,score=0.319 hits=1/3 pages=[84] page_match=False ev_type=table_of_contents | preview: Incomes Household 3.8 and Expenditures Total  Table  Kompensasi tenaga kerja  Compensation of employees  Surplus usaha d,auto,auto_labeled_needs_validation
Q035,DOC07_NRT,element,136,1,score=0.319 hits=1/3 pages=[88] page_match=False ev_type=table_of_contents | preview: Incomes Household 3.8 and Expenditures Total  70  tersebut rata-rata diatas 80 persen selama periode 2022–2024. Pada tah,auto,auto_labeled_needs_validation
Q035,DOC07_NRT,element,96,1,score=0.311 hits=1/3 pages=[61] page_match=False ev_type=table_of_contents | preview: 3.1 Household Production Account 2022–2024  Neraca Produksi merupakan neraca  The Production Account is the first accoun,auto,auto_labeled_needs_validation
Q035,DOC07_NRT,semantic_maxmin,9,2,"score=0.653 hits=3/3 pages=[?] page_match=False ev_type=table_of_contents | preview: Jakarta, October 2025 Chief Statistician Amalia Adininggar Widyasanti, S.T., M.Si., M.Eng., Ph.D vii DAFTAR ISI CONTENTS",auto,auto_labeled_needs_validation
Q035,DOC07_NRT,semantic_maxmin,263,2,"score=0.647 hits=3/3 pages=[?] page_match=False ev_type=table_of_contents | preview: GFCF in 2022 was 922,46 trillion rupiah, decreased by 4,61 percent in 2023, and increased by 6,26 percent in 2024 to 934",auto,auto_labeled_needs_validation
Q035,DOC07_NRT,semantic_maxmin,313,2,score=0.497 hits=2/3 pages=[?] page_match=False ev_type=table_of_contents | preview: New York. Daftar Pustaka Bibliography Neraca Rumah Tangga Indonesia 2022–2024 Indonesia Household Accounts 2022–2024 Lam,auto,auto_labeled_needs_validation
Q035,DOC07_NRT,semantic_maxmin,254,1,score=0.475 hits=2/3 pages=[?] page_match=False ev_type=table_of_contents | preview: Triliun Rupiah/Trillion Rupiah Tahun/Year Neraca Rumah Tangga Indonesia 2022–2024 Indonesia Household Accounts 2022–2024,auto,auto_labeled_needs_validation
Q035,DOC07_NRT,semantic_maxmin,266,1,score=0.444 hits=2/3 pages=[?] page_match=False ev_type=table_of_contents | preview: Neraca Rumah Tangga Indonesia 2022–2024 Indonesia Household Accounts 2022–2024 Gambar 3.8 Struktur Neraca Kapital Rumah ,auto,auto_labeled_needs_validation
Q035,DOC07_NRT,semantic_maxmin,185,1,"score=0.350 hits=1/3 pages=[?] page_match=False ev_type=table_of_contents | preview: Tabel 3.1 Neraca Produksi Rumah Tangga (triliun rupiah), 2022–2024 Table Household Production Account (trillion rupiah),",auto,auto_labeled_needs_validation
Q035,DOC07_NRT,semantic_maxmin,217,1,"score=0.350 hits=1/3 pages=[?] page_match=False ev_type=table_of_contents | preview: Tabel 3.3 Neraca Alokasi Pendapatan Primer Rumah Tangga (triliun rupiah), 2022–2024 Table Household Allocation of Primar",auto,auto_labeled_needs_validation
Q035,DOC07_NRT,semantic_maxmin,189,1,"score=0.319 hits=1/3 pages=[?] page_match=False ev_type=table_of_contents | preview: Gambar 3.1 Struktur Neraca Produksi Rumah Tangga (persen), 2022–2024 Figure Household Production Account Structure (perc",auto,auto_labeled_needs_validation
Q035,DOC07_NRT,semantic_maxmin,230,1,"score=0.319 hits=1/3 pages=[?] page_match=False ev_type=table_of_contents | preview: Tabel 3.4 Neraca Distribusi Pendapatan Sekunder Rumah Tangga (triliun rupiah), 2022–2024 Table Household Secondary Distr",auto,auto_labeled_needs_validation
Q035,DOC07_NRT,semantic_maxmin,247,1,"score=0.319 hits=1/3 pages=[?] page_match=False ev_type=table_of_contents | preview: Ulasan Singkat Brief Review Tabel 3.5 Neraca Penggunaan Pendapatan Disposabel Rumah Tangga (triliun rupiah), 2022–2024 T",auto,auto_labeled_needs_validation
Q035,DOC07_NRT,semantic_maxmin,282,1,"score=0.319 hits=1/3 pages=[?] page_match=False ev_type=table_of_contents | preview: Gambar 3.9 Struktur Penerimaan Rumah Tangga (persen), 2022–2024 Figure Household Incomes Structure (percent), 2022–2024 ",auto,auto_labeled_needs_validation
Q035,DOC07_NRT,semantic_maxmin,195,1,score=0.311 hits=1/3 pages=[?] page_match=False ev_type=table_of_contents | preview: Neraca Rumah Tangga Indonesia 2022–2024 Indonesia Household Accounts 2022–2024 Tabel 3.2 Neraca Penciptaan Pendapatan Ru,auto,auto_labeled_needs_validation
Q035,DOC07_NRT,semantic_maxmin,204,1,"score=0.303 hits=1/3 pages=[?] page_match=False ev_type=table_of_contents | preview: Gross mixed income during the 2022–2024 period also increased. In 2023, gross mixed income increased to 4.038,16 trillio",auto,auto_labeled_needs_validation
Q035,DOC07_NRT,semantic_maxmin,251,1,"score=0.303 hits=1/3 pages=[?] page_match=False ev_type=table_of_contents | preview: Tabel 3.6 Neraca Redistribusi Pendapatan Rumah Tangga dalam Bentuk Barang (triliun rupiah), 2022–2024 Table Household Re",auto,auto_labeled_needs_validation
Q035,DOC07_NRT,semantic_maxmin,186,1,"score=0.289 hits=1/3 pages=[?] page_match=False ev_type=table_of_contents | preview: In 2023, value of unincorporated enterprises within households Neraca Rumah Tangga Indonesia 2022–2024 Indonesia Househo",auto,auto_labeled_needs_validation
Q035,DOC07_NRT,semantic_maxmin,225,1,"score=0.289 hits=1/3 pages=[?] page_match=False ev_type=table_of_contents | preview: GNP in 2022 was 11.078,83 trillion rupiah, and continued to increase reached 12.933,45 trillion rupiah in 2024. Gambar 3",auto,auto_labeled_needs_validation
Q035,DOC07_NRT,semantic_maxmin,236,1,score=0.289 hits=1/3 pages=[?] page_match=False ev_type=table_of_contents | preview: Neraca Rumah Tangga Indonesia 2022–2024 Indonesia Household Accounts 2022–2024 Dari seluruh pendapatan yang diterima rum,auto,auto_labeled_needs_validation
Q035,DOC07_NRT,semantic_maxmin,238,1,"score=0.289 hits=1/3 pages=[?] page_match=False ev_type=table_of_contents | preview: Gambar 3.4 Struktur Transfer Berjalan yang Diterima Rumah Tangga (persen), 2022–2024 Figure Household Current Transfers ",auto,auto_labeled_needs_validation
Q035,DOC07_NRT,semantic_maxmin,240,1,"score=0.289 hits=1/3 pages=[?] page_match=False ev_type=table_of_contents | preview: Gambar 3.5 Struktur Transfer Berjalan yang Dibayar Rumah Tangga (persen), 2022–2024 Figure Household Current Transfers P",auto,auto_labeled_needs_validation
Q035,DOC07_NRT,semantic_maxmin,241,1,"score=0.289 hits=1/3 pages=[?] page_match=False ev_type=table_of_contents | preview: Sementara itu, proporsi terkecil selama periode 2022–2024 merupakan pembayaran premi asuransi non-jiwa neto dengan propo",auto,auto_labeled_needs_validation
Q035,DOC07_NRT,semantic_maxmin,252,1,"score=0.289 hits=1/3 pages=[?] page_match=False ev_type=table_of_contents | preview: Gambar 3.7 Transfer Sosial Rumah Tangga dalam Bentuk Barang (persen), 2022–2024 Figure Household Social Transfer in Kind",auto,auto_labeled_needs_validation
Q035,DOC07_NRT,semantic_maxmin,255,1,score=0.289 hits=1/3 pages=[?] page_match=False ev_type=table_of_contents | preview: Item penyeimbang dalam Neraca Kapital adalah pinjaman neto. Yang akan dicatat pada sisi perubahan kewajiban pada Neraca ,auto,auto_labeled_needs_validation
Q035,DOC07_NRT,semantic_maxmin,270,1,score=0.289 hits=1/3 pages=[?] page_match=False ev_type=table_of_contents | preview: Tabungan bruto rumah tangga memiliki proporsi lebih dari 95 persen pada periode 2022–2024 terhadap total sumber pembiaya,auto,auto_labeled_needs_validation
Q035,DOC07_NRT,semantic_maxmin,290,1,"score=0.289 hits=1/3 pages=[?] page_match=False ev_type=table_of_contents | preview: The contribution from final consumption 80,94 83,53 82,99 2,83 2,40 2,32 8,20 7,57 7,84 8,03 6,51 6,85 Persen/Percent Ta",auto,auto_labeled_needs_validation
Q035,DOC07_NRT,semantic_maxmin,86,1,score=0.281 hits=1/3 pages=[?] page_match=False ev_type=table_of_contents | preview: Tabel 2.4 Neraca Distribusi Pendapatan Sekunder Table Secondary Distribution of Income Account Penggunaan Uses Sumber Re,auto,auto_labeled_needs_validation
Q035,DOC07_NRT,recursive,10,2,"score=0.653 hits=3/3 pages=[?] page_match=False ev_type=table_of_contents | preview: Tabel 3.7 Neraca Kapital Rumah Tangga (triliun rupiah), 2022–2024 Table Household Capital Account (trillion rupiah), 202",auto,auto_labeled_needs_validation
Q035,DOC07_NRT,recursive,177,2,"score=0.647 hits=3/3 pages=[?] page_match=False ev_type=table_of_contents | preview: 48,40. This value in 2023 increased by 11,37 percent to 53,90 trillion rupiah. In 2024, capital transfers paid by househ",auto,auto_labeled_needs_validation
Q035,DOC07_NRT,recursive,9,2,"score=0.631 hits=3/3 pages=[?] page_match=False ev_type=table_of_contents | preview: Table Household Generation of Income Account (trillion rupiah), 2022–2024 ... 46 x Tabel 3.3 Neraca Alokasi Pendapatan P",auto,auto_labeled_needs_validation
Q035,DOC07_NRT,recursive,178,1,"score=0.631 hits=3/3 pages=[?] page_match=False ev_type=table_of_contents | preview: 6,26 percent in 2024 to 934,99 trillion rupiah. Tabel 3.7 Neraca Kapital Rumah Tangga (triliun rupiah), 2022–2024 Table ",auto,auto_labeled_needs_validation
Q035,DOC07_NRT,recursive,7,1,score=0.519 hits=2/3 pages=[?] page_match=False ev_type=table_of_contents | preview: 3.3 Neraca Alokasi Pendapatan Primer Rumah Tangga 2022–2024/Household Allocation of Primary Income Account 2022–2024 ...,auto,auto_labeled_needs_validation
Q035,DOC07_NRT,recursive,174,1,"score=0.483 hits=2/3 pages=[?] page_match=False ev_type=table_of_contents | preview: 2023 increased by 2,88 percent to 854,86 trillion rupiah. Meanwhile, in 2024 social transfer in kind received by househo",auto,auto_labeled_needs_validation
Q035,DOC07_NRT,recursive,11,1,"score=0.467 hits=2/3 pages=[?] page_match=False ev_type=table_of_contents | preview: Gambar 3.3 Struktur Neraca Alokasi Pendapatan Primer Rumah Tangga (persen), 2022–2024 Figure Household Allocation of Pri",auto,auto_labeled_needs_validation
Q035,DOC07_NRT,recursive,12,1,"score=0.458 hits=2/3 pages=[?] page_match=False ev_type=table_of_contents | preview: Struktur Neraca Kapital Rumah Tangga (persen), 2022–2024 Figure Household Capital Account Structure (percent), 2022–2024",auto,auto_labeled_needs_validation
Q035,DOC07_NRT,recursive,180,1,score=0.453 hits=2/3 pages=[?] page_match=False ev_type=table_of_contents | preview: Neraca Rumah Tangga Indonesia 2022–2024 Indonesia Household Accounts 2022–2024 Gambar 3.8 Struktur Neraca Kapital Rumah ,auto,auto_labeled_needs_validation
Q035,DOC07_NRT,recursive,15,1,"score=0.406 hits=2/3 pages=[?] page_match=False ev_type=table_of_contents | preview: Penggunaan (triliun rupiah), 2022–2024 Household Redistribution of Income in Kind Account by Uses (trillion rupiah), 202",auto,auto_labeled_needs_validation
Q035,DOC07_NRT,recursive,18,1,"score=0.406 hits=2/3 pages=[?] page_match=False ev_type=table_of_contents | preview: (persen), 2022–2024 Household Use of Disposable Income Account Structure by Uses (percent), 2022–2024 ... 86 Lampiran Ap",auto,auto_labeled_needs_validation
Q035,DOC07_NRT,recursive,19,1,"score=0.406 hits=2/3 pages=[?] page_match=False ev_type=table_of_contents | preview: 2.13 Struktur Neraca Kapital Rumah Tangga Menurut Perubahan Aset (persen), 2022–2024 Appendix Household Capital Account ",auto,auto_labeled_needs_validation
Q035,DOC07_NRT,recursive,206,1,"score=0.406 hits=2/3 pages=[?] page_match=False ev_type=table_of_contents | preview: Household Redistribution of Income in Kind Account by Resources (trillion rupiah), 2022–2024 Lampiran Appendix Item Item",auto,auto_labeled_needs_validation
Q035,DOC07_NRT,recursive,207,1,"score=0.406 hits=2/3 pages=[?] page_match=False ev_type=table_of_contents | preview: Pinjaman neto Net lending/net borrowing 177,03 88,03 99,35 Total 997,88 844,75 1.000,04 Lampiran Appendix 1.14 Neraca Ka",auto,auto_labeled_needs_validation
Q035,DOC07_NRT,recursive,215,1,"score=0.406 hits=2/3 pages=[?] page_match=False ev_type=table_of_contents | preview: Transfer modal yang dibayar Capital transfer, paid 4,85 6,38 1,30 Total 100,00 100,00 100,00 Lampiran Appendix 2.13 Stru",auto,auto_labeled_needs_validation
Q035,DOC07_NRT,recursive,8,1,score=0.364 hits=1/3 pages=[?] page_match=False ev_type=table_of_contents | preview: LIST OF TABLES Tabel 2.1 Neraca Produksi Table Production Account ... Tabel 2.2 Neraca Penciptaan Pendapatan Table Gener,auto,auto_labeled_needs_validation
Q035,DOC07_NRT,recursive,175,1,score=0.350 hits=1/3 pages=[?] page_match=False ev_type=table_of_contents | preview: Nilai transfer modal yang diterima selama periode 2022–2024 terus menurun. Transfer modal yang diterima rumah tangga pad,auto,auto_labeled_needs_validation
Q035,DOC07_NRT,recursive,168,1,"score=0.342 hits=1/3 pages=[?] page_match=False ev_type=table_of_contents | preview: 9,33 percent or 11.109,57 trillion rupiah. In 2024, the value of household final consumption expenditure continued to in",auto,auto_labeled_needs_validation
Q035,DOC07_NRT,recursive,125,1,score=0.333 hits=1/3 pages=[?] page_match=False ev_type=table_of_contents | preview: 3.1 Household Production Account 2022–2024 The Production Account is the first account for the sequence of accounts for ,auto,auto_labeled_needs_validation
Q035,DOC07_NRT,recursive,144,1,score=0.333 hits=1/3 pages=[?] page_match=False ev_type=table_of_contents | preview: Allocation of Primary Income Account records property income paid by households. Balancing item in this account is Gross,auto,auto_labeled_needs_validation
Q035,DOC07_NRT,recursive,129,1,score=0.319 hits=1/3 pages=[?] page_match=False ev_type=table_of_contents | preview: Intermediate consumption Ulasan Singkat Brief Review Nilai tambah bruto yang tercipta dari kegiatan produksi yang dilaku,auto,auto_labeled_needs_validation
Q035,DOC07_NRT,recursive,138,1,"score=0.319 hits=1/3 pages=[?] page_match=False ev_type=table_of_contents | preview: trillion rupiah compared to .587,05 trillion rupiah. In 2024, gross mixed income continued to increased by 7,55 percent ",auto,auto_labeled_needs_validation
Q035,DOC07_NRT,recursive,166,1,"score=0.319 hits=1/3 pages=[?] page_match=False ev_type=table_of_contents | preview: 0,99 persen, dan 0,93 persen. 3.5 Neraca Penggunaan Pendapatan Disposabel Rumah Tangga 2022–2024 Pendapatan disposabel a",auto,auto_labeled_needs_validation
Q035,DOC07_NRT,recursive,182,1,score=0.319 hits=1/3 pages=[?] page_match=False ev_type=table_of_contents | preview: Perubahan inventori/Changes in Inventory Perolehan dikurangi pelepasan aset non produksi/Acquisitions less disposals of ,auto,auto_labeled_needs_validation
Q035,DOC07_NRT,recursive,183,1,score=0.319 hits=1/3 pages=[?] page_match=False ev_type=table_of_contents | preview: PMTB selama tahun 2022–2024 pada Neraca Kapital lebih dari 90 persen. 3.8 Total Penerimaan dan Pengeluaran Rumah Tangga ,auto,auto_labeled_needs_validation
Q036,DOC08_PEND,element,3,2,"score=0.677 hits=3/4 pages=[7,9] page_match=True ev_type=paragraph | preview: KATA PENGANTAR  Agenda pembangunan pendidikan 2025-2029 menekankan transformasi sistem pendidikan untuk mendukung visi I",auto,auto_labeled_needs_validation
Q036,DOC08_PEND,element,38,1,score=0.594 hits=3/4 pages=[37] page_match=False ev_type=paragraph | preview: 1.2 Data Pendidikan untuk Pembangunan  Pendidikan merupakan salah satu faktor kunci dalam pembangunan suatu negara. Info,auto,auto_labeled_needs_validation
Q036,DOC08_PEND,element,37,1,score=0.526 hits=3/4 pages=[36] page_match=False ev_type=paragraph | preview: 1.1 Tantangan dan Peluang Pendidikan  Indonesia sebagai negara kepulauan menghadapi tantangan besar dalam pemerataan aks,auto,auto_labeled_needs_validation
Q036,DOC08_PEND,element,40,1,"score=0.259 hits=1/4 pages=[39,40,41] page_match=False ev_type=paragraph | preview: 1.2 Data Pendidikan untuk Pembangunan  BAB 2 SARANA DAN PRASARANA PENDIDIKAN  8  STATISTIK PENDIDIKAN 2025  Dalam proses",auto,auto_labeled_needs_validation
Q036,DOC08_PEND,element,39,1,score=0.253 hits=1/4 pages=[38] page_match=False ev_type=paragraph | preview: 1.2 Data Pendidikan untuk Pembangunan  1.3 Sistematika Penulisan  Penulisan Publikasi Statistik Pendidikan Tahun 2025 se,auto,auto_labeled_needs_validation
Q036,DOC08_PEND,semantic_maxmin,2,2,"score=0.588 hits=3/4 pages=[?] page_match=False ev_type=paragraph | preview: Data pendidikan yang akurat, seperti yang disajikan dalam publikasi ini, sangat penting untuk merancang kebijakan yang t",auto,auto_labeled_needs_validation
Q036,DOC08_PEND,semantic_maxmin,47,2,"score=0.526 hits=3/4 pages=[?] page_match=False ev_type=paragraph | preview: Meski berbagai upaya telah dilakukan untuk meningkatkan kualitas pendidikan, masih banyak aspek lain yang masih perlu di",auto,auto_labeled_needs_validation
Q036,DOC08_PEND,semantic_maxmin,48,2,score=0.432 hits=2/4 pages=[?] page_match=False ev_type=paragraph | preview: PENDAHULUAN 1.2 Data Pendidikan untuk Pembangunan Pendidikan merupakan salah satu faktor kunci dalam pembangunan suatu n,auto,auto_labeled_needs_validation
Q036,DOC08_PEND,semantic_maxmin,53,1,"score=0.402 hits=2/4 pages=[?] page_match=False ev_type=paragraph | preview: Selain itu, data sekunder dari Kementerian Pendidikan Dasar dan Menengah tahun ajaran 2024/2025 digunakan untuk melengka",auto,auto_labeled_needs_validation
Q036,DOC08_PEND,semantic_maxmin,54,1,score=0.253 hits=1/4 pages=[?] page_match=False ev_type=paragraph | preview: STATISTIK PENDIDIKAN 2025 1.3 Sistematika Penulisan Penulisan Publikasi Statistik Pendidikan Tahun 2025 secara sistemati,auto,auto_labeled_needs_validation
Q036,DOC08_PEND,semantic_maxmin,19,1,"score=0.247 hits=1/4 pages=[?] page_match=False ev_type=paragraph | preview: xi ISSN 2086-4566 DAFTAR ISI STATISTIK PENDIDIKAN 2025 Volume 14, 2025 KATA PENGANTAR ... v RINGKASAN ... vii DAFTAR ISI",auto,auto_labeled_needs_validation
Q036,DOC08_PEND,recursive,1,2,score=0.588 hits=3/4 pages=[?] page_match=False ev_type=paragraph | preview: Budi Santoso Penulis Naskah dan Pengolah Data: Mega Silviliyana Nindya Putri Sulistyowati Ruth Juniar Herista Ganish Ang,auto,auto_labeled_needs_validation
Q036,DOC08_PEND,recursive,55,2,"score=0.532 hits=3/4 pages=[?] page_match=False ev_type=paragraph | preview: Selain itu, data sekunder dari Kementerian Pendidikan Dasar dan Menengah tahun ajaran 2024/2025 digunakan untuk melengka",auto,auto_labeled_needs_validation
Q036,DOC08_PEND,recursive,52,2,"score=0.526 hits=3/4 pages=[?] page_match=False ev_type=paragraph | preview: (Kementerian Pendidikan, Kebudayaan, Riset, dan Teknologi, 2022b). Meski berbagai upaya telah dilakukan untuk meningkatk",auto,auto_labeled_needs_validation
Q036,DOC08_PEND,recursive,53,1,score=0.457 hits=2/4 pages=[?] page_match=False ev_type=paragraph | preview: PENDAHULUAN 1.2 Data Pendidikan untuk Pembangunan Pendidikan merupakan salah satu faktor kunci dalam pembangunan suatu n,auto,auto_labeled_needs_validation
Q036,DOC08_PEND,recursive,11,1,"score=0.247 hits=1/4 pages=[?] page_match=False ev_type=paragraph | preview: Capaian tersebut telah melampaui capaian tahun 2024 yang sebesar 9,22 persen sekaligus melampaui target RPJMN tahun 2025",auto,auto_labeled_needs_validation
Q036,DOC08_PEND,recursive,54,1,score=0.220 hits=0/4 pages=[?] page_match=False ev_type=paragraph | preview: Informasi yang ada pada publikasi ini diharapkan dapat menjadi dasar pertimbangan dalam perencanaan serta evaluasi untuk,auto,auto_labeled_needs_validation
Q037,DOC08_PEND,element,3,2,"score=0.750 hits=7/7 pages=[7,9] page_match=True ev_type=paragraph | preview: KATA PENGANTAR  Agenda pembangunan pendidikan 2025-2029 menekankan transformasi sistem pendidikan untuk mendukung visi I",auto,auto_labeled_needs_validation
Q037,DOC08_PEND,element,41,1,"score=0.654 hits=7/7 pages=[41,42] page_match=False ev_type=paragraph | preview: 2.1 Jumlah Sekolah  Fasilitas dasar yang dibutuhkan dalam penyelenggaraan pendidikan, salah satunya adalah bangunan seko",auto,auto_labeled_needs_validation
Q037,DOC08_PEND,element,4,2,"score=0.610 hits=5/7 pages=[9,10] page_match=True ev_type=paragraph | preview: KATA PENGANTAR  Pemerataan akses pendidikan tidak cukup hanya pada upaya peningkatan jumlah dan pemenuhan kualitas sekol",auto,auto_labeled_needs_validation
Q037,DOC08_PEND,element,43,1,"score=0.571 hits=6/7 pages=[44,45] page_match=False ev_type=paragraph | preview: 2.2 Ketersediaan dan Kondisi Ruang Kelas  Salah satu prasarana yang menjadi fasilitas dasar yang dibutuhkan dalam menjal",auto,auto_labeled_needs_validation
Q037,DOC08_PEND,element,42,1,"score=0.565 hits=6/7 pages=[43] page_match=False ev_type=paragraph | preview: 2.1 Jumlah Sekolah  memiliki tujuan yang sama, yaitu mencerdaskan kehidupan bangsa (Pusat Layanan Pembiayaan Pendidikan ",auto,auto_labeled_needs_validation
Q037,DOC08_PEND,element,47,1,"score=0.565 hits=6/7 pages=[50,51] page_match=False ev_type=paragraph | preview: 2.3 Sanitasi Sekolah  https://www.bps.go.id  Sumber : Kementerian Pendidikan Dasar dan Menengah (Pusat Data dan Teknolog",auto,auto_labeled_needs_validation
Q037,DOC08_PEND,element,48,1,"score=0.520 hits=5/7 pages=[52,53] page_match=False ev_type=paragraph | preview: 2.3 Sanitasi Sekolah  https://www.bps.go.id  Sumber : Kementerian Pendidikan Dasar dan Menengah (Pusat Data dan Teknolog",auto,auto_labeled_needs_validation
Q037,DOC08_PEND,element,225,1,"score=0.496 hits=5/7 pages=[163,164] page_match=False ev_type=paragraph | preview: 5.1 Angka Putus Sekolah  Angka putus sekolah merupakan persentase peserta didik yang pada tahun ajaran sekarang tidak me",auto,auto_labeled_needs_validation
Q037,DOC08_PEND,element,12,1,"score=0.482 hits=5/7 pages=[15] page_match=False ev_type=paragraph | preview: dan Status Sekolah, Tahun Ajaran 2024/2025 .................................. 22 Tabel 2.2 Jumlah dan Persentase Sekolah",auto,auto_labeled_needs_validation
Q037,DOC08_PEND,element,46,1,"score=0.482 hits=5/7 pages=[48,49] page_match=False ev_type=paragraph | preview: 2.3 Sanitasi Sekolah  Salah satu prasarana yang mendukung kesuksesan dan kelancaran proses belajar di sekolah adalah san",auto,auto_labeled_needs_validation
Q037,DOC08_PEND,element,58,1,"score=0.482 hits=5/7 pages=[58,59] page_match=False ev_type=paragraph | preview: Tabel 2.4 Jumlah dan Persentase Sekolah Menengah Kejuruan (SMK) Menurut Provinsi dan Status Sekolah, Tahun Ajaran 2024/2",auto,auto_labeled_needs_validation
Q037,DOC08_PEND,element,60,1,"score=0.482 hits=5/7 pages=[59,60] page_match=False ev_type=paragraph | preview: Tabel 2.4 Jumlah dan Persentase Sekolah Menengah Kejuruan (SMK) Menurut Provinsi dan Status Sekolah, Tahun Ajaran 2024/2",auto,auto_labeled_needs_validation
Q037,DOC08_PEND,element,62,1,"score=0.482 hits=5/7 pages=[60,61] page_match=False ev_type=paragraph | preview: Tabel 2.4 Jumlah dan Persentase Sekolah Menengah Kejuruan (SMK) Menurut Provinsi dan Status Sekolah, Tahun Ajaran 2024/2",auto,auto_labeled_needs_validation
Q037,DOC08_PEND,element,90,1,"score=0.462 hits=5/7 pages=[74,75,76,77] page_match=False ev_type=paragraph | preview: Tabel 2.21 Rasio Murid-Guru Menurut Provinsi dan Jenjang Pendidikan, Tahun Ajaran 2024/2025  Aceh  Sumatera Utara  Sumat",auto,auto_labeled_needs_validation
Q037,DOC08_PEND,element,14,1,"score=0.456 hits=5/7 pages=[16] page_match=False ev_type=paragraph | preview: Provinsi dan Kecukupan Sumber Air, Tahun Ajaran 2024/2025 ..............................................................",auto,auto_labeled_needs_validation
Q037,DOC08_PEND,element,45,1,"score=0.456 hits=5/7 pages=[47,48] page_match=False ev_type=paragraph | preview: 2.2 Ketersediaan dan Kondisi Ruang Kelas  https://www.bps.go.id  Gambar 2.5 Rasio Peserta Didik per Rombel Menurut Jenja",auto,auto_labeled_needs_validation
Q037,DOC08_PEND,element,64,1,"score=0.456 hits=5/7 pages=[61,62] page_match=False ev_type=paragraph | preview: Tabel 2.4 Jumlah dan Persentase Sekolah Menengah Kejuruan (SMK) Menurut Provinsi dan Status Sekolah, Tahun Ajaran 2024/2",auto,auto_labeled_needs_validation
Q037,DOC08_PEND,element,84,1,"score=0.456 hits=5/7 pages=[71,72] page_match=False ev_type=paragraph | preview: Tabel 2.18 Persentase Sekolah Menengah Kejuruan (SMK) Menurut Provinsi dan Kepemilikan Toilet Siswa, Tahun Ajaran 2024/2",auto,auto_labeled_needs_validation
Q037,DOC08_PEND,element,6,1,"score=0.450 hits=5/7 pages=[12,13] page_match=False ev_type=paragraph | preview: KATA PENGANTAR  peserta didik yang bekerja lebih banyak pada kelompok laki-laki dan persentase peserta didik yang mengur",auto,auto_labeled_needs_validation
Q037,DOC08_PEND,element,5,1,score=0.441 hits=4/7 pages=[11] page_match=False ev_type=paragraph | preview: KATA PENGANTAR  persen anak usia 0–6 tahun yang sedang/pernah mengikuti pendidikan prasekolah pada tahun 2025. APK PAUD ,auto,auto_labeled_needs_validation
Q037,DOC08_PEND,element,96,1,"score=0.431 hits=4/7 pages=[85,86] page_match=False ev_type=paragraph | preview: 3.3 Angka Partisipasi Kasar  Angka Partisipasi Kasar (APK) menunjukkan tingkat partisipasi penduduk secara umum di suatu",auto,auto_labeled_needs_validation
Q037,DOC08_PEND,element,54,1,"score=0.430 hits=5/7 pages=[56] page_match=False ev_type=paragraph | preview: Tabel 2.3 Jumlah dan Persentase Sekolah Menengah Atas (SMA) Menurut Provinsi dan Status Sekolah, Tahun Ajaran 2024/2025 ",auto,auto_labeled_needs_validation
Q037,DOC08_PEND,element,66,1,"score=0.430 hits=5/7 pages=[62] page_match=False ev_type=paragraph | preview: Tabel 2.4 Jumlah dan Persentase Sekolah Menengah Kejuruan (SMK) Menurut Provinsi dan Status Sekolah, Tahun Ajaran 2024/2",auto,auto_labeled_needs_validation
Q037,DOC08_PEND,element,98,1,"score=0.425 hits=4/7 pages=[87,88] page_match=False ev_type=paragraph | preview: 3.4 Angka Partisipasi Murni  Angka Partisipasi Murni (APM) menunjukkan banyaknya penduduk usia sekolah yang sudah dapat ",auto,auto_labeled_needs_validation
Q037,DOC08_PEND,element,35,1,"score=0.419 hits=4/7 pages=[31] page_match=False ev_type=paragraph | preview: STATISTIK PENDIDIKAN 2025 Volume 14, 2025  lulus dari jenjang pendidikan tertentu, terhadap peserta didik yang pada tahu",auto,auto_labeled_needs_validation
Q037,DOC08_PEND,semantic_maxmin,59,2,"score=0.654 hits=7/7 pages=[?] page_match=False ev_type=paragraph | preview: Namun, satu hal penting yang harus menjadi perhatian adalah jumlah dan sebaran sekolah harus disesuaikan dengan distribu",auto,auto_labeled_needs_validation
Q037,DOC08_PEND,semantic_maxmin,60,2,"score=0.648 hits=7/7 pages=[?] page_match=False ev_type=paragraph | preview: Sementara itu, pada jenjang SD terjadi peningkatan sebesar 276 sekolah, sedangkan pada jenjang SMK hanya meningkat sebes",auto,auto_labeled_needs_validation
Q037,DOC08_PEND,semantic_maxmin,2,2,"score=0.603 hits=6/7 pages=[?] page_match=False ev_type=paragraph | preview: Data pendidikan yang akurat, seperti yang disajikan dalam publikasi ini, sangat penting untuk merancang kebijakan yang t",auto,auto_labeled_needs_validation
Q037,DOC08_PEND,semantic_maxmin,19,1,"score=0.539 hits=6/7 pages=[?] page_match=False ev_type=paragraph | preview: xi ISSN 2086-4566 DAFTAR ISI STATISTIK PENDIDIKAN 2025 Volume 14, 2025 KATA PENGANTAR ... v RINGKASAN ... vii DAFTAR ISI",auto,auto_labeled_needs_validation
Q037,DOC08_PEND,semantic_maxmin,9,1,"score=0.494 hits=5/7 pages=[?] page_match=False ev_type=paragraph | preview: Pada tahun ajaran 2024/2025 jumlah guru pada jenjang SD, SMP, dan SMK mengalami peningkatan, namun pada jenjang SMK meng",auto,auto_labeled_needs_validation
Q037,DOC08_PEND,semantic_maxmin,4,1,score=0.488 hits=5/7 pages=[?] page_match=False ev_type=paragraph | preview: Pemerataan akses pendidikan tidak cukup hanya pada upaya peningkatan jumlah dan pemenuhan kualitas sekolah dan ruang kel,auto,auto_labeled_needs_validation
Q037,DOC08_PEND,semantic_maxmin,67,1,"score=0.482 hits=5/7 pages=[?] page_match=False ev_type=paragraph | preview: Bahkan, hanya sekitar 3,74 persen ruang kelas SMK dalam kondisi rusak berat, jauh lebih rendah dibandingkan jenjang pend",auto,auto_labeled_needs_validation
Q037,DOC08_PEND,semantic_maxmin,76,1,"score=0.482 hits=5/7 pages=[?] page_match=False ev_type=paragraph | preview: Sumber : Kementerian Pendidikan Dasar dan Menengah (Pusat Data dan Teknologi Informasi), Statistik Persekolahan SD, SMP,",auto,auto_labeled_needs_validation
Q037,DOC08_PEND,semantic_maxmin,80,1,"score=0.482 hits=5/7 pages=[?] page_match=False ev_type=paragraph | preview: 2.4 Guru Selain kondisi ruang kelas dan sanitasi yang baik, jumlah dan kualitas guru yang mengajar turut menentukan kual",auto,auto_labeled_needs_validation
Q037,DOC08_PEND,semantic_maxmin,84,1,"score=0.468 hits=5/7 pages=[?] page_match=False ev_type=paragraph | preview: STATISTIK PENDIDIKAN 2025 Sumber : Kementerian Pendidikan Dasar dan Menengah (Pusat Data dan Teknologi Informasi), Stati",auto,auto_labeled_needs_validation
Q037,DOC08_PEND,semantic_maxmin,63,1,"score=0.456 hits=5/7 pages=[?] page_match=False ev_type=paragraph | preview: Karena pentingnya fungsi ruang kelas tersebut, kenyamanan ruang kelas harus diutamakan agar dapat menunjang optimalisasi",auto,auto_labeled_needs_validation
Q037,DOC08_PEND,semantic_maxmin,70,1,"score=0.456 hits=5/7 pages=[?] page_match=False ev_type=paragraph | preview: Pada Peraturan Menteri Pendidikan, Kebudayaan, Riset, dan Teknologi Republik Indonesia Nomor 47 Tahun 2023 juga dijelask",auto,auto_labeled_needs_validation
Q037,DOC08_PEND,semantic_maxmin,78,1,score=0.456 hits=5/7 pages=[?] page_match=False ev_type=paragraph | preview: 0 5 K T A STATISTIK PENDIDIKAN 2025 Sumber : Kementerian Pendidikan Dasar dan Menengah (Pusat Data dan Teknologi Informa,auto,auto_labeled_needs_validation
Q037,DOC08_PEND,semantic_maxmin,87,1,score=0.456 hits=5/7 pages=[?] page_match=False ev_type=paragraph | preview: 202 202 202 2025 SARANA DAN PRASARANA PENDIDIKAN Sumber : Kementerian Pendidikan Dasar dan Menengah (Pusat Data dan Tekn,auto,auto_labeled_needs_validation
Q037,DOC08_PEND,semantic_maxmin,72,1,score=0.430 hits=5/7 pages=[?] page_match=False ev_type=paragraph | preview: Hal tersebut menunjukkan bahwa satu rombel memiliki tepat satu kelas dan tidak ada ruang kelas yang digunakan untuk dua ,auto,auto_labeled_needs_validation
Q037,DOC08_PEND,semantic_maxmin,113,1,"score=0.425 hits=4/7 pages=[?] page_match=False ev_type=paragraph | preview: Semakin tinggi APM pada suatu jenjang pendidikan, semakin banyak anak usia sekolah yg bersekolah sesuai usia resmi di je",auto,auto_labeled_needs_validation
Q037,DOC08_PEND,semantic_maxmin,81,1,"score=0.393 hits=4/7 pages=[?] page_match=False ev_type=paragraph | preview: Menurut jenjang pendidikan, jumlah guru paling banyak terdapat pada jenjang SD, yaitu sekitar 1,6 juta guru. Sementara i",auto,auto_labeled_needs_validation
Q037,DOC08_PEND,semantic_maxmin,107,1,"score=0.379 hits=4/7 pages=[?] page_match=False ev_type=paragraph | preview: Sumber: Badan Pusat Statistik, Survei Sosial Ekonomi Nasional (Susenas) Maret 2025 Gambar 3.10 Angka Partisipasi Kasar (",auto,auto_labeled_needs_validation
Q037,DOC08_PEND,semantic_maxmin,68,1,"score=0.362 hits=4/7 pages=[?] page_match=False ev_type=paragraph | preview: Pada Peraturan Menteri Pendidikan, Kebudayaan, Riset, dan Teknologi Republik Indonesia Nomor 47 Tahun 2023 tentang Stand",auto,auto_labeled_needs_validation
Q037,DOC08_PEND,semantic_maxmin,38,1,score=0.356 hits=4/7 pages=[?] page_match=False ev_type=paragraph | preview: Rata-rata Lama Sekolah (RLS) adalah rata-rata jumlah tahun yang ditempuh oleh penduduk berumur 15 tahun ke atas untuk me,auto,auto_labeled_needs_validation
Q037,DOC08_PEND,semantic_maxmin,123,1,"score=0.342 hits=4/7 pages=[?] page_match=False ev_type=paragraph | preview: Penggunaan telepon seluler dan internet pada jenjang SMP sederajat, SMA/SMK sederajat, dan PT sudah mencapai lebih dari ",auto,auto_labeled_needs_validation
Q037,DOC08_PEND,semantic_maxmin,129,1,"score=0.342 hits=4/7 pages=[?] page_match=False ev_type=paragraph | preview: Terdapat sebanyak 30,55 persen peserta didik pada jenjang PT yang bekerja, sementara peserta didik pada jenjang SMA/SMK ",auto,auto_labeled_needs_validation
Q037,DOC08_PEND,semantic_maxmin,135,1,"score=0.342 hits=4/7 pages=[?] page_match=False ev_type=paragraph | preview: Berdasarkan data Susenas 2025, secara umum terdapat satu dari 1.000 penduduk yang putus sekolah di jenjang SD sederajat.",auto,auto_labeled_needs_validation
Q037,DOC08_PEND,semantic_maxmin,3,1,"score=0.336 hits=4/7 pages=[?] page_match=False ev_type=paragraph | preview: Namun, menurut ruang kelas, persentase ruang kelas pada sekolah negeri lebih tinggi daripada sekolah swasta pada jenjang",auto,auto_labeled_needs_validation
Q037,DOC08_PEND,semantic_maxmin,8,1,"score=0.336 hits=4/7 pages=[?] page_match=False ev_type=paragraph | preview: Meskipun masih ada sekolah yang tidak memiliki toilet, yaitu 18,76 persen pada jenjang SD, 13,93 persen SMP, 10,85 perse",auto,auto_labeled_needs_validation
Q037,DOC08_PEND,recursive,61,2,"score=0.654 hits=7/7 pages=[?] page_match=False ev_type=paragraph | preview: SMA, dan SMK menunjukkan bahwa jumlah sekolah pada jenjang Sekolah Dasar (SD), Sekolah Menengah Pertama (SMP), Sekolah M",auto,auto_labeled_needs_validation
Q037,DOC08_PEND,recursive,2,2,"score=0.603 hits=6/7 pages=[?] page_match=False ev_type=paragraph | preview: Untuk menghasilkan pendidikan yang berkualitas, diperlukan sumber daya pendidikan yang berkualitas pula, khususnya saran",auto,auto_labeled_needs_validation
Q037,DOC08_PEND,recursive,63,2,"score=0.571 hits=6/7 pages=[?] page_match=False ev_type=paragraph | preview: Statistik Persekolahan SD, SMP, SMA, dan SMK 2024/2025 Gambar 2.2 Persentase Sekolah Menurut Jenjang Pendidikan dan Stat",auto,auto_labeled_needs_validation
Q037,DOC08_PEND,recursive,65,1,"score=0.565 hits=6/7 pages=[?] page_match=False ev_type=paragraph | preview: Statistik Persekolahan SD, SMP, SMA, dan SMK 2024/2025 Gambar 2.3 Persentase Ruang Kelas Menurut Jenjang Pendidikan dan ",auto,auto_labeled_needs_validation
Q037,DOC08_PEND,recursive,77,1,"score=0.513 hits=6/7 pages=[?] page_match=False ev_type=paragraph | preview: Statistik Persekolahan SD, SMP, SMA, dan SMK 2023/2024 dan 2024/2025 Gambar 2.9 Jumlah Guru Menurut Jenjang Pendidikan T",auto,auto_labeled_needs_validation
Q037,DOC08_PEND,recursive,5,1,"score=0.494 hits=5/7 pages=[?] page_match=False ev_type=paragraph | preview: jumlah guru pada jenjang SD, SMP, dan SMK mengalami peningkatan, namun pada jenjang SMK mengalami penurunan jumlah guru.",auto,auto_labeled_needs_validation
Q037,DOC08_PEND,recursive,3,1,score=0.488 hits=5/7 pages=[?] page_match=False ev_type=paragraph | preview: Pemerataan akses pendidikan tidak cukup hanya pada upaya peningkatan jumlah dan pemenuhan kualitas sekolah dan ruang kel,auto,auto_labeled_needs_validation
Q037,DOC08_PEND,recursive,13,1,"score=0.482 hits=5/7 pages=[?] page_match=False ev_type=paragraph | preview: Tabel 2.3 Jumlah dan Persentase Sekolah Menengah Atas (SMA) Menurut Provinsi dan Status Sekolah, Tahun Ajaran 2024/2025 ",auto,auto_labeled_needs_validation
Q037,DOC08_PEND,recursive,71,1,"score=0.482 hits=5/7 pages=[?] page_match=False ev_type=paragraph | preview: STATISTIK PENDIDIKAN 2025 Sumber : Kementerian Pendidikan Dasar dan Menengah (Pusat Data dan Teknologi Informasi), Stati",auto,auto_labeled_needs_validation
Q037,DOC08_PEND,recursive,73,1,"score=0.482 hits=5/7 pages=[?] page_match=False ev_type=paragraph | preview: Statistik Persekolahan SD, SMP, SMA, dan SMK 2024/2025 Gambar 2.7 Persentase Sekolah Menurut Jenjang Pendidikan dan Kecu",auto,auto_labeled_needs_validation
Q037,DOC08_PEND,recursive,75,1,"score=0.482 hits=5/7 pages=[?] page_match=False ev_type=paragraph | preview: Statistik Persekolahan SD, SMP, SMA, dan SMK 2024/2025 Gambar 2.8 Persentase Sekolah Menurut Jenjang Pendidikan dan Kete",auto,auto_labeled_needs_validation
Q037,DOC08_PEND,recursive,76,1,"score=0.482 hits=5/7 pages=[?] page_match=False ev_type=paragraph | preview: persen). 2.4 Guru Selain kondisi ruang kelas dan sanitasi yang baik, jumlah dan kualitas guru yang mengajar turut menent",auto,auto_labeled_needs_validation
Q037,DOC08_PEND,recursive,79,1,score=0.482 hits=5/7 pages=[?] page_match=False ev_type=paragraph | preview: persen dibandingkan jenjang pendidikan lainnya. Kualitas pendidikan bukan hanya ditentukan dari jumlah guru dan guru yan,auto,auto_labeled_needs_validation
Q037,DOC08_PEND,recursive,78,1,score=0.468 hits=5/7 pages=[?] page_match=False ev_type=paragraph | preview: Standar kualifikasi tersebut tertuang pada Peraturan Menteri Pendidikan Nasional Nomor 16 Tahun 2007 tentang Standar Kua,auto,auto_labeled_needs_validation
Q037,DOC08_PEND,recursive,4,1,"score=0.456 hits=5/7 pages=[?] page_match=False ev_type=paragraph | preview: Bukan hanya kuantitas sekolah dan ruang kelas, satinasi sekolah juga menjadi langkah awal dalam mewujudkan lingkungan be",auto,auto_labeled_needs_validation
Q037,DOC08_PEND,recursive,64,1,"score=0.456 hits=5/7 pages=[?] page_match=False ev_type=paragraph | preview: Pada Peraturan Menteri Pendidikan, Kebudayaan, Riset, dan Teknologi Nomor 22 Tahun 2023 tentang Standar Sarana dan Prasa",auto,auto_labeled_needs_validation
Q037,DOC08_PEND,recursive,66,1,"score=0.456 hits=5/7 pages=[?] page_match=False ev_type=paragraph | preview: Terlihat bahwa persentase sekolah pada jenjang SMA lebih besar pada sekolah swasta (Gambar 2.2), sedangkan persentase ru",auto,auto_labeled_needs_validation
Q037,DOC08_PEND,recursive,67,1,"score=0.456 hits=5/7 pages=[?] page_match=False ev_type=paragraph | preview: Statistik Persekolahan SD, SMP, SMA, dan SMK 2024/2025 Gambar 2.4 Persentase Ruang Kelas Menurut Jenjang Pendidikan dan ",auto,auto_labeled_needs_validation
Q037,DOC08_PEND,recursive,69,1,"score=0.456 hits=5/7 pages=[?] page_match=False ev_type=paragraph | preview: rombongan belajar, SMP/MTs mencakup 3–33 rombongan belajar, SMA/MA maksimal mencakup 3–36 rombongan belajar, dan SMK/MAK",auto,auto_labeled_needs_validation
Q037,DOC08_PEND,recursive,70,1,"score=0.456 hits=5/7 pages=[?] page_match=False ev_type=paragraph | preview: Statistik Persekolahan SD, SMP, SMA, dan SMK 2024/2025 Gambar 2.5 Rasio Peserta Didik per Rombel Menurut Jenjang Pendidi",auto,auto_labeled_needs_validation
Q037,DOC08_PEND,recursive,72,1,score=0.456 hits=5/7 pages=[?] page_match=False ev_type=paragraph | preview: 2.3 Sanitasi Sekolah Salah satu prasarana yang mendukung kesuksesan dan kelancaran proses belajar di sekolah adalah sani,auto,auto_labeled_needs_validation
Q037,DOC08_PEND,recursive,74,1,"score=0.456 hits=5/7 pages=[?] page_match=False ev_type=paragraph | preview: Teknologi Nomor 22 Tahun 2023 tentang Standar Sarana dan Prasarana pada Pendidikan Anak Usia Dini, Jenjang Pendidikan Da",auto,auto_labeled_needs_validation
Q037,DOC08_PEND,recursive,9,1,"score=0.445 hits=5/7 pages=[?] page_match=False ev_type=paragraph | preview: Pemantauan proses pendidikan dapat dilihat melalui indikator yang digunakan untuk mengukur proses pendidikan, salah satu",auto,auto_labeled_needs_validation
Q037,DOC08_PEND,recursive,347,1,"score=0.445 hits=5/7 pages=[?] page_match=False ev_type=paragraph | preview: STATISTIK PENDIDIKAN 2025 sekolah sering dikaitkan dengan konsep ketidaksetaraan sosial dan ekonomi, di mana peserta did",auto,auto_labeled_needs_validation
Q037,DOC08_PEND,recursive,12,1,score=0.430 hits=5/7 pages=[?] page_match=False ev_type=paragraph | preview: 3.4 Angka Partisipasi Murni ... 55 3.5 Angka Anak Tidak Sekolah... 57 BAB 4 KEGIATAN PESERTA DIDIK ... 107 4.1 Akses Tek,auto,auto_labeled_needs_validation
Q038,DOC08_PEND,element,3,2,"score=0.620 hits=2/3 pages=[7,9] page_match=True ev_type=paragraph | preview: KATA PENGANTAR  Agenda pembangunan pendidikan 2025-2029 menekankan transformasi sistem pendidikan untuk mendukung visi I",auto,auto_labeled_needs_validation
Q038,DOC08_PEND,element,43,1,"score=0.365 hits=1/3 pages=[44,45] page_match=False ev_type=paragraph | preview: 2.2 Ketersediaan dan Kondisi Ruang Kelas  Salah satu prasarana yang menjadi fasilitas dasar yang dibutuhkan dalam menjal",auto,auto_labeled_needs_validation
Q038,DOC08_PEND,element,4,1,"score=0.279 hits=0/3 pages=[9,10] page_match=True ev_type=paragraph | preview: KATA PENGANTAR  Pemerataan akses pendidikan tidak cukup hanya pada upaya peningkatan jumlah dan pemenuhan kualitas sekol",auto,auto_labeled_needs_validation
Q038,DOC08_PEND,semantic_maxmin,3,2,"score=0.504 hits=2/3 pages=[?] page_match=False ev_type=paragraph | preview: Namun, menurut ruang kelas, persentase ruang kelas pada sekolah negeri lebih tinggi daripada sekolah swasta pada jenjang",auto,auto_labeled_needs_validation
Q038,DOC08_PEND,semantic_maxmin,66,1,score=0.289 hits=1/3 pages=[?] page_match=False ev_type=paragraph | preview: Pada Gambar 2.4 terlihat bahwa jenjang SD memiliki persentase ruang kelas dengan kondisi rusak berat yang paling tinggi ,auto,auto_labeled_needs_validation
Q038,DOC08_PEND,semantic_maxmin,19,1,"score=0.207 hits=0/3 pages=[?] page_match=False ev_type=paragraph | preview: xi ISSN 2086-4566 DAFTAR ISI STATISTIK PENDIDIKAN 2025 Volume 14, 2025 KATA PENGANTAR ... v RINGKASAN ... vii DAFTAR ISI",auto,auto_labeled_needs_validation
Q038,DOC08_PEND,recursive,2,2,"score=0.530 hits=2/3 pages=[?] page_match=False ev_type=paragraph | preview: Untuk menghasilkan pendidikan yang berkualitas, diperlukan sumber daya pendidikan yang berkualitas pula, khususnya saran",auto,auto_labeled_needs_validation
Q038,DOC08_PEND,recursive,66,1,"score=0.327 hits=1/3 pages=[?] page_match=False ev_type=paragraph | preview: Terlihat bahwa persentase sekolah pada jenjang SMA lebih besar pada sekolah swasta (Gambar 2.2), sedangkan persentase ru",auto,auto_labeled_needs_validation
Q039,DOC08_PEND,element,5,2,"score=0.493 hits=2/4 pages=[11] page_match=False ev_type=paragraph | preview: KATA PENGANTAR  persen anak usia 0–6 tahun yang sedang/pernah mengikuti pendidikan prasekolah pada tahun 2025. APK PAUD  [PROMOTED: best candidate, no strict label-2 found]",auto,auto_labeled_promoted_needs_validation
Q039,DOC08_PEND,element,91,1,"score=0.444 hits=2/4 pages=[77,78] page_match=False ev_type=paragraph | preview: 3.1 Pendidikan Anak Usia Dini  Masa usia dini merupakan periode emas yang menentukan optimalisasi potensi anak sehingga ",auto,auto_labeled_needs_validation
Q039,DOC08_PEND,element,4,1,"score=0.368 hits=1/4 pages=[9,10] page_match=True ev_type=paragraph | preview: KATA PENGANTAR  Pemerataan akses pendidikan tidak cukup hanya pada upaya peningkatan jumlah dan pemenuhan kualitas sekol",auto,auto_labeled_needs_validation
Q039,DOC08_PEND,element,93,1,"score=0.344 hits=1/4 pages=[81,82] page_match=False ev_type=paragraph | preview: 3.1 Pendidikan Anak Usia Dini  https://www.bps.go.id  Gambar 3.4 Partisipasi Anak Usia 3–6 Tahun yang Tidak/Belum Pernah",auto,auto_labeled_needs_validation
Q039,DOC08_PEND,element,92,1,"score=0.326 hits=1/4 pages=[79,80] page_match=False ev_type=paragraph | preview: 3.1 Pendidikan Anak Usia Dini  kesempatan mengenyam pendidikan prasekolah. Pada tahun 2025, APK PAUD tercatat sebesar 36",auto,auto_labeled_needs_validation
Q039,DOC08_PEND,element,18,1,"score=0.296 hits=1/4 pages=[18] page_match=False ev_type=paragraph | preview: Pernah/Sedang Mengikuti Pendidikan Prasekolah Menurut Provinsi dan Klasifikasi Desa, 2025 ..............................",auto,auto_labeled_needs_validation
Q039,DOC08_PEND,element,26,1,"score=0.296 hits=1/4 pages=[23] page_match=False ev_type=paragraph | preview: 2022/2023, 2023/2024, dan 2024/2025 .............................................. 10 Gambar 2.2 Persentase Sekolah Menu",auto,auto_labeled_needs_validation
Q039,DOC08_PEND,element,35,1,"score=0.265 hits=1/4 pages=[31] page_match=False ev_type=paragraph | preview: STATISTIK PENDIDIKAN 2025 Volume 14, 2025  lulus dari jenjang pendidikan tertentu, terhadap peserta didik yang pada tahu",auto,auto_labeled_needs_validation
Q039,DOC08_PEND,element,112,1,"score=0.259 hits=1/4 pages=[97,98] page_match=False ev_type=paragraph | preview: Tabel 3.6 Angka Anak Tidak Sekolah (Out of School Children/OOSC) Menurut Kelompok Umur dan Karakteristik Demografi, 2025",auto,auto_labeled_needs_validation
Q039,DOC08_PEND,element,153,1,"score=0.259 hits=1/4 pages=[117,118] page_match=False ev_type=paragraph | preview: Tabel 3.25 Angka Partisipasi Murni (APM) Menurut Provinsi dan Jenjang Pendidikan, 2025  Aceh  Sumatera Utara  Sumatera B",auto,auto_labeled_needs_validation
Q039,DOC08_PEND,element,15,1,"score=0.241 hits=1/4 pages=[16] page_match=False ev_type=paragraph | preview: STATISTIK PENDIDIKAN 2025 Volume 14, 2025  Tabel 3.7 Persentase Penduduk 0–6 Tahun yang Pernah/Sedang Mengikuti Pendidik",auto,auto_labeled_needs_validation
Q039,DOC08_PEND,element,155,1,"score=0.241 hits=1/4 pages=[118,119] page_match=False ev_type=paragraph | preview: STATISTIK PENDIDIKAN 2025  86  Papua Pegunungan  NA  NA  4878  NA  NA  NA  4584  NA  4261  Indonesia  3527  Tabel 3.28 S",auto,auto_labeled_needs_validation
Q039,DOC08_PEND,element,3,1,"score=0.239 hits=1/4 pages=[7,9] page_match=False ev_type=paragraph | preview: KATA PENGANTAR  Agenda pembangunan pendidikan 2025-2029 menekankan transformasi sistem pendidikan untuk mendukung visi I",auto,auto_labeled_needs_validation
Q039,DOC08_PEND,element,99,1,"score=0.222 hits=1/4 pages=[89,90] page_match=False ev_type=paragraph | preview: 3.4 Angka Partisipasi Murni  https://www.bps.go.id  Gambar 3.13 Angka Partisipasi Murni (APM) Menurut Karakteristik Demo",auto,auto_labeled_needs_validation
Q039,DOC08_PEND,element,32,1,"score=0.209 hits=1/4 pages=[28] page_match=False ev_type=paragraph | preview: STATISTIK PENDIDIKAN 2025 Volume 14, 2025  Nilai-nilai indikator yang diestimasi dari hasil Susenas Maret 2025 dipengaru",auto,auto_labeled_needs_validation
Q039,DOC08_PEND,element,197,1,"score=0.198 hits=1/4 pages=[141,142] page_match=False ev_type=paragraph | preview: 4.1 Akses Teknologi Informasi dan Komunikasi (TIK)  Akses TIK yang dicakup dalam Susenas terbatas pada penggunaan telepo",auto,auto_labeled_needs_validation
Q039,DOC08_PEND,semantic_maxmin,94,2,"score=0.481 hits=2/4 pages=[?] page_match=False ev_type=paragraph | preview: Pada tahun 2025, hanya sebesar 34,15 persen anak usia 0–6 tahun di Indonesia yang memperoleh layanan pendidikan prasekol",auto,auto_labeled_needs_validation
Q039,DOC08_PEND,semantic_maxmin,9,2,"score=0.476 hits=2/4 pages=[?] page_match=False ev_type=paragraph | preview: Pada tahun ajaran 2024/2025 jumlah guru pada jenjang SD, SMP, dan SMK mengalami peningkatan, namun pada jenjang SMK meng",auto,auto_labeled_needs_validation
Q039,DOC08_PEND,semantic_maxmin,19,1,"score=0.358 hits=1/4 pages=[?] page_match=False ev_type=paragraph | preview: xi ISSN 2086-4566 DAFTAR ISI STATISTIK PENDIDIKAN 2025 Volume 14, 2025 KATA PENGANTAR ... v RINGKASAN ... vii DAFTAR ISI",auto,auto_labeled_needs_validation
Q039,DOC08_PEND,semantic_maxmin,93,1,score=0.315 hits=1/4 pages=[?] page_match=False ev_type=paragraph | preview: PAUD merupakan program pendidikan STATISTIK PENDIDIKAN 2025 yang paling fundamental dalam menyiapkan sumber daya manusia,auto,auto_labeled_needs_validation
Q039,DOC08_PEND,semantic_maxmin,99,1,score=0.315 hits=1/4 pages=[?] page_match=False ev_type=paragraph | preview: Catatan: Usia yang digunakan dalam perhitungan indikator ini adalah usia sekolah (school age) Sumber: Badan Pusat Statis,auto,auto_labeled_needs_validation
Q039,DOC08_PEND,semantic_maxmin,96,1,"score=0.291 hits=1/4 pages=[?] page_match=False ev_type=paragraph | preview: PARTISIPASI PENDIDIKAN Sumber: Badan Pusat Statistik, Survei Sosial Ekonomi Nasional (Susenas) Maret 2025 Gambar 3.4 Par",auto,auto_labeled_needs_validation
Q039,DOC08_PEND,semantic_maxmin,95,1,"score=0.283 hits=1/4 pages=[?] page_match=False ev_type=paragraph | preview: Namun, jika dilihat berdasarkan wilayah, anak usia 3–6 tahun yang mengikuti kursus di perkotaan lebih besar daripada di ",auto,auto_labeled_needs_validation
Q039,DOC08_PEND,semantic_maxmin,115,1,"score=0.278 hits=1/4 pages=[?] page_match=False ev_type=paragraph | preview: PARTISIPASI PENDIDIKAN Sumber: Badan Pusat Statistik, Survei Sosial Ekonomi Nasional (Susenas) Maret 2025 Gambar 3.13 An",auto,auto_labeled_needs_validation
Q039,DOC08_PEND,semantic_maxmin,97,1,"score=0.241 hits=1/4 pages=[?] page_match=False ev_type=paragraph | preview: Paparan terhadap pendidikan yang terorganisir membantu anak untuk lebih siap bersekolah di SD, sehingga tingginya propor",auto,auto_labeled_needs_validation
Q039,DOC08_PEND,semantic_maxmin,10,1,score=0.217 hits=1/4 pages=[?] page_match=False ev_type=paragraph | preview: APK PAUD 2025 juga menunjukkan hanya sekitar 36 dari 100 anak usia 3–6 tahun yang berpartisipasi pada pendidikan praseko,auto,auto_labeled_needs_validation
Q039,DOC08_PEND,semantic_maxmin,12,1,"score=0.198 hits=1/4 pages=[?] page_match=False ev_type=paragraph | preview: Selain melalui APS, APK, dan APM, evaluasi pembangunan di bidang pendidikan dapat pula dilihat melalui Angka Tidak Sekol",auto,auto_labeled_needs_validation
Q039,DOC08_PEND,semantic_maxmin,35,1,score=0.185 hits=1/4 pages=[?] page_match=False ev_type=paragraph | preview: Anak Tidak Sekolah (ATS) adalah persentase penduduk usia jenjang pendidikan tertentu yang tidak sedang bersekolah. Pendu,auto,auto_labeled_needs_validation
Q039,DOC08_PEND,semantic_maxmin,120,1,"score=0.174 hits=1/4 pages=[?] page_match=False ev_type=paragraph | preview: Informasi akses TIK ini tidak menggambarkan indikator kemampuan TIK (IT skills), melainkan hanya besaran proporsi pendud",auto,auto_labeled_needs_validation
Q039,DOC08_PEND,recursive,6,2,"score=0.476 hits=2/4 pages=[?] page_match=False ev_type=paragraph | preview: Namun, hasil pendataan Susenas Maret 2025 menunjukkan hanya sebesar 34,15 ix persen anak usia 0–6 tahun yang sedang/pern",auto,auto_labeled_needs_validation
Q039,DOC08_PEND,recursive,125,2,score=0.476 hits=2/4 pages=[?] page_match=False ev_type=paragraph | preview: STATISTIK PENDIDIKAN 2025 yang paling fundamental dalam menyiapkan sumber daya manusia yang berkualitas. Sumber: Badan P,auto,auto_labeled_needs_validation
Q039,DOC08_PEND,recursive,132,1,score=0.315 hits=1/4 pages=[?] page_match=False ev_type=paragraph | preview: Catatan: Usia yang digunakan dalam perhitungan indikator ini adalah usia sekolah (school age) Sumber: Badan Pusat Statis,auto,auto_labeled_needs_validation
Q039,DOC08_PEND,recursive,129,1,"score=0.307 hits=1/4 pages=[?] page_match=False ev_type=paragraph | preview: Pada tahun 2025, dari seluruh anak usia 3–6 tahun yang tidak atau belum pernah mengikuti pendidikan prasekolah, terdapat",auto,auto_labeled_needs_validation
Q039,DOC08_PEND,recursive,147,1,score=0.302 hits=1/4 pages=[?] page_match=False ev_type=paragraph | preview: Persentase Penduduk 7–23 Tahun Menurut Kelompok Umur dan Alasan Utama Belum Pernah Bersekolah atau Tidak Bersekolah Lagi,auto,auto_labeled_needs_validation
Q039,DOC08_PEND,recursive,30,1,"score=0.296 hits=1/4 pages=[?] page_match=False ev_type=paragraph | preview: Gambar 2.5 Rasio Peserta Didik per Rombel Menurut Jenjang Pendidikan, Tahun Ajaran 2024/2025 ... 15 Gambar 2.6 Rasio Rom",auto,auto_labeled_needs_validation
Q039,DOC08_PEND,recursive,127,1,"score=0.296 hits=1/4 pages=[?] page_match=False ev_type=paragraph | preview: PARTISIPASI PENDIDIKAN kesempatan mengenyam pendidikan prasekolah. Pada tahun 2025, APK PAUD tercatat sebesar 36,19 pers",auto,auto_labeled_needs_validation
Q039,DOC08_PEND,recursive,130,1,"score=0.291 hits=1/4 pages=[?] page_match=False ev_type=paragraph | preview: PARTISIPASI PENDIDIKAN Sumber: Badan Pusat Statistik, Survei Sosial Ekonomi Nasional (Susenas) Maret 2025 Gambar 3.4 Par",auto,auto_labeled_needs_validation
Q039,DOC08_PEND,recursive,16,1,"score=0.283 hits=1/4 pages=[?] page_match=False ev_type=paragraph | preview: Indikator Pendidikan Anak Usia Dini Menurut Karakteristik Demografi, 2025 ... 60 Tabel 3.2 Angka Partisipasi Sekolah (AP",auto,auto_labeled_needs_validation
Q039,DOC08_PEND,recursive,126,1,"score=0.283 hits=1/4 pages=[?] page_match=False ev_type=paragraph | preview: Kesenjangan partisipasi pendidikan prasekolah antara laki-laki dan perempuan tidak terlalu besar, hanya terdapat perbeda",auto,auto_labeled_needs_validation
Q039,DOC08_PEND,recursive,131,1,score=0.265 hits=1/4 pages=[?] page_match=False ev_type=paragraph | preview: Tingkat partisipasi dalam pembelajaran yang terorganisir (satu tahun sebelum usia sekolah dasar) merupakan indikator yan,auto,auto_labeled_needs_validation
Q039,DOC08_PEND,recursive,5,1,"score=0.259 hits=1/4 pages=[?] page_match=False ev_type=paragraph | preview: jumlah guru pada jenjang SD, SMP, dan SMK mengalami peningkatan, namun pada jenjang SMK mengalami penurunan jumlah guru.",auto,auto_labeled_needs_validation
Q039,DOC08_PEND,recursive,19,1,"score=0.259 hits=1/4 pages=[?] page_match=False ev_type=paragraph | preview: Tabel 3.22 Angka Partisipasi Murni (APM) di Perdesaan Menurut Provinsi dan Jenjang Pendidikan, 2025 ... 81 Tabel 3.23 An",auto,auto_labeled_needs_validation
Q039,DOC08_PEND,recursive,31,1,"score=0.254 hits=1/4 pages=[?] page_match=False ev_type=paragraph | preview: Mengikuti Pendidikan Prasekolah Menurut Jenis Kelamin dan Klasifikasi Desa, 2025 ... 46 Gambar 3.2 Angka Partisipasi Kas",auto,auto_labeled_needs_validation
Q039,DOC08_PEND,recursive,128,1,"score=0.235 hits=1/4 pages=[?] page_match=False ev_type=paragraph | preview: Gambar 3.3 Angka Partisipasi Kasar (APK) PAUD Anak Usia 3–6 Tahun Menurut Jenis Kelamin dan Klasifikasi Desa, 2025 STATI",auto,auto_labeled_needs_validation
Q039,DOC08_PEND,recursive,142,1,"score=0.235 hits=1/4 pages=[?] page_match=False ev_type=paragraph | preview: PARTISIPASI PENDIDIKAN Sumber: Badan Pusat Statistik, Survei Sosial Ekonomi Nasional (Susenas) Maret 2025 Gambar 3.13 An",auto,auto_labeled_needs_validation
Q039,DOC08_PEND,recursive,7,1,"score=0.198 hits=1/4 pages=[?] page_match=False ev_type=paragraph | preview: Angka Tidak Sekolah (ATS). Jika dibandingkan dengan 2024, ATS kelompok umur 7–12 tahun, 13–15 tahun, serta 16–18 tahun m",auto,auto_labeled_needs_validation
Q039,DOC08_PEND,recursive,297,1,score=0.198 hits=1/4 pages=[?] page_match=False ev_type=paragraph | preview: 4.1 Akses Teknologi Informasi dan Komunikasi (TIK) Akses TIK yang dicakup dalam Susenas terbatas pada penggunaan telepon,auto,auto_labeled_needs_validation
Q039,DOC08_PEND,recursive,35,1,"score=0.193 hits=1/4 pages=[?] page_match=False ev_type=paragraph | preview: Karakteristik, 2025 ... 143 Gambar 5.9 Rata-Rata Lama Sekolah Penduduk 15 Tahun ke Atas Menurut Provinsi, 2025 ... 144 H",auto,auto_labeled_needs_validation
Q039,DOC08_PEND,recursive,36,1,score=0.185 hits=1/4 pages=[?] page_match=False ev_type=paragraph | preview: Jumlah sampel Susenas Maret 2025 mencakup 345.000 rumah tangga sampel yang tersebar di 38 provinsi dan 514 kabupaten/kot,auto,auto_labeled_needs_validation
Q039,DOC08_PEND,recursive,45,1,score=0.185 hits=1/4 pages=[?] page_match=False ev_type=paragraph | preview: Angka Putus Sekolah menurut Jenjang Pendidikan adalah persentase peserta didik yang pada tahun ajaran sekarang tidak mel,auto,auto_labeled_needs_validation
Q039,DOC08_PEND,recursive,37,1,"score=0.180 hits=1/4 pages=[?] page_match=False ev_type=paragraph | preview: Nilai-nilai indikator yang diestimasi dari hasil Susenas Maret 2025 dipengaruhi oleh dua jenis kesalahan (error), yaitu ",auto,auto_labeled_needs_validation
Q040,DOC08_PEND,element,5,2,"score=0.450 hits=1/4 pages=[11] page_match=True ev_type=paragraph | preview: KATA PENGANTAR  persen anak usia 0–6 tahun yang sedang/pernah mengikuti pendidikan prasekolah pada tahun 2025. APK PAUD  [PROMOTED: best candidate, no strict label-2 found]",auto,auto_labeled_promoted_needs_validation
Q040,DOC08_PEND,element,6,1,"score=0.412 hits=2/4 pages=[12,13] page_match=False ev_type=paragraph | preview: KATA PENGANTAR  peserta didik yang bekerja lebih banyak pada kelompok laki-laki dan persentase peserta didik yang mengur",auto,auto_labeled_needs_validation
Q040,DOC08_PEND,element,3,1,"score=0.353 hits=2/4 pages=[7,9] page_match=False ev_type=paragraph | preview: KATA PENGANTAR  Agenda pembangunan pendidikan 2025-2029 menekankan transformasi sistem pendidikan untuk mendukung visi I",auto,auto_labeled_needs_validation
Q040,DOC08_PEND,element,41,1,"score=0.343 hits=2/4 pages=[41,42] page_match=False ev_type=paragraph | preview: 2.1 Jumlah Sekolah  Fasilitas dasar yang dibutuhkan dalam penyelenggaraan pendidikan, salah satunya adalah bangunan seko",auto,auto_labeled_needs_validation
Q040,DOC08_PEND,element,37,1,score=0.330 hits=2/4 pages=[36] page_match=False ev_type=paragraph | preview: 1.1 Tantangan dan Peluang Pendidikan  Indonesia sebagai negara kepulauan menghadapi tantangan besar dalam pemerataan aks,auto,auto_labeled_needs_validation
Q040,DOC08_PEND,element,47,1,"score=0.310 hits=2/4 pages=[50,51] page_match=False ev_type=paragraph | preview: 2.3 Sanitasi Sekolah  https://www.bps.go.id  Sumber : Kementerian Pendidikan Dasar dan Menengah (Pusat Data dan Teknolog",auto,auto_labeled_needs_validation
Q040,DOC08_PEND,element,14,1,"score=0.309 hits=1/4 pages=[16] page_match=False ev_type=paragraph | preview: Provinsi dan Kecukupan Sumber Air, Tahun Ajaran 2024/2025 ..............................................................",auto,auto_labeled_needs_validation
Q040,DOC08_PEND,element,99,1,"score=0.301 hits=1/4 pages=[89,90] page_match=False ev_type=paragraph | preview: 3.4 Angka Partisipasi Murni  https://www.bps.go.id  Gambar 3.13 Angka Partisipasi Murni (APM) Menurut Karakteristik Demo",auto,auto_labeled_needs_validation
Q040,DOC08_PEND,element,230,1,"score=0.296 hits=2/4 pages=[171,172] page_match=False ev_type=paragraph | preview: 5.1 Angka Putus Sekolah  https://www.bps.go.id  Gambar 5.5 Tingkat Pendidikan Tertinggi yang Ditamatkan Penduduk Usia 15",auto,auto_labeled_needs_validation
Q040,DOC08_PEND,element,90,1,"score=0.269 hits=1/4 pages=[74,75,76,77] page_match=False ev_type=paragraph | preview: Tabel 2.21 Rasio Murid-Guru Menurut Provinsi dan Jenjang Pendidikan, Tahun Ajaran 2024/2025  Aceh  Sumatera Utara  Sumat",auto,auto_labeled_needs_validation
Q040,DOC08_PEND,element,232,1,"score=0.269 hits=1/4 pages=[174,175] page_match=False ev_type=paragraph | preview: 5.1 Angka Putus Sekolah  https://www.bps.go.id  Gambar 5.7 Angka Melek Huruf Penduduk Umur 15 Tahun ke Atas Menurut Kara",auto,auto_labeled_needs_validation
Q040,DOC08_PEND,element,95,1,score=0.256 hits=1/4 pages=[85] page_match=False ev_type=paragraph | preview: 3.1 Pendidikan Anak Usia Dini  https://www.bps.go.id  Gambar 3.9 Angka Partisipasi Sekolah (APS) Menurut Karakteristik D,auto,auto_labeled_needs_validation
Q040,DOC08_PEND,element,226,1,"score=0.256 hits=1/4 pages=[165] page_match=False ev_type=paragraph | preview: 5.1 Angka Putus Sekolah  pendidikan, angka putus sekolah penduduk laki-laki lebih tinggi daripada penduduk perempuan.  5",auto,auto_labeled_needs_validation
Q040,DOC08_PEND,element,4,1,"score=0.253 hits=1/4 pages=[9,10] page_match=False ev_type=paragraph | preview: KATA PENGANTAR  Pemerataan akses pendidikan tidak cukup hanya pada upaya peningkatan jumlah dan pemenuhan kualitas sekol",auto,auto_labeled_needs_validation
Q040,DOC08_PEND,element,48,1,"score=0.249 hits=1/4 pages=[52,53] page_match=False ev_type=paragraph | preview: 2.3 Sanitasi Sekolah  https://www.bps.go.id  Sumber : Kementerian Pendidikan Dasar dan Menengah (Pusat Data dan Teknolog",auto,auto_labeled_needs_validation
Q040,DOC08_PEND,element,43,1,"score=0.243 hits=1/4 pages=[44,45] page_match=False ev_type=paragraph | preview: 2.2 Ketersediaan dan Kondisi Ruang Kelas  Salah satu prasarana yang menjadi fasilitas dasar yang dibutuhkan dalam menjal",auto,auto_labeled_needs_validation
Q040,DOC08_PEND,element,26,1,"score=0.230 hits=1/4 pages=[23] page_match=False ev_type=paragraph | preview: 2022/2023, 2023/2024, dan 2024/2025 .............................................. 10 Gambar 2.2 Persentase Sekolah Menu",auto,auto_labeled_needs_validation
Q040,DOC08_PEND,element,38,1,score=0.230 hits=1/4 pages=[37] page_match=False ev_type=paragraph | preview: 1.2 Data Pendidikan untuk Pembangunan  Pendidikan merupakan salah satu faktor kunci dalam pembangunan suatu negara. Info,auto,auto_labeled_needs_validation
Q040,DOC08_PEND,element,94,1,"score=0.227 hits=0/4 pages=[83,84] page_match=False ev_type=paragraph | preview: 3.1 Pendidikan Anak Usia Dini  https://www.bps.go.id  Meskipun terdapat perbedaan capaian AKS laki-laki dan perempuan, p",auto,auto_labeled_needs_validation
Q040,DOC08_PEND,element,34,1,"score=0.215 hits=0/4 pages=[30] page_match=False ev_type=paragraph | preview: STATISTIK PENDIDIKAN 2025 Volume 14, 2025  Rombel (Rombongan Belajar) adalah kelompok peserta didik yang terdaftar pada ",auto,auto_labeled_needs_validation
Q040,DOC08_PEND,element,42,1,"score=0.210 hits=1/4 pages=[43] page_match=False ev_type=paragraph | preview: 2.1 Jumlah Sekolah  memiliki tujuan yang sama, yaitu mencerdaskan kehidupan bangsa (Pusat Layanan Pembiayaan Pendidikan ",auto,auto_labeled_needs_validation
Q040,DOC08_PEND,element,225,1,"score=0.210 hits=1/4 pages=[163,164] page_match=False ev_type=paragraph | preview: 5.1 Angka Putus Sekolah  Angka putus sekolah merupakan persentase peserta didik yang pada tahun ajaran sekarang tidak me",auto,auto_labeled_needs_validation
Q040,DOC08_PEND,element,12,1,"score=0.204 hits=1/4 pages=[15] page_match=False ev_type=paragraph | preview: dan Status Sekolah, Tahun Ajaran 2024/2025 .................................. 22 Tabel 2.2 Jumlah dan Persentase Sekolah",auto,auto_labeled_needs_validation
Q040,DOC08_PEND,element,45,1,"score=0.204 hits=1/4 pages=[47,48] page_match=False ev_type=paragraph | preview: 2.2 Ketersediaan dan Kondisi Ruang Kelas  https://www.bps.go.id  Gambar 2.5 Rasio Peserta Didik per Rombel Menurut Jenja",auto,auto_labeled_needs_validation
Q040,DOC08_PEND,element,46,1,"score=0.204 hits=1/4 pages=[48,49] page_match=False ev_type=paragraph | preview: 2.3 Sanitasi Sekolah  Salah satu prasarana yang mendukung kesuksesan dan kelancaran proses belajar di sekolah adalah san",auto,auto_labeled_needs_validation
Q040,DOC08_PEND,semantic_maxmin,10,2,"score=0.360 hits=1/4 pages=[?] page_match=False ev_type=paragraph | preview: APK PAUD 2025 juga menunjukkan hanya sekitar 36 dari 100 anak usia 3–6 tahun yang berpartisipasi pada pendidikan praseko [PROMOTED: best candidate, no strict label-2 found]",auto,auto_labeled_promoted_needs_validation
Q040,DOC08_PEND,semantic_maxmin,59,1,"score=0.343 hits=2/4 pages=[?] page_match=False ev_type=paragraph | preview: Namun, satu hal penting yang harus menjadi perhatian adalah jumlah dan sebaran sekolah harus disesuaikan dengan distribu",auto,auto_labeled_needs_validation
Q040,DOC08_PEND,semantic_maxmin,60,1,"score=0.336 hits=2/4 pages=[?] page_match=False ev_type=paragraph | preview: Sementara itu, pada jenjang SD terjadi peningkatan sebesar 276 sekolah, sedangkan pada jenjang SMK hanya meningkat sebes",auto,auto_labeled_needs_validation
Q040,DOC08_PEND,semantic_maxmin,12,1,"score=0.328 hits=1/4 pages=[?] page_match=False ev_type=paragraph | preview: Selain melalui APS, APK, dan APM, evaluasi pembangunan di bidang pendidikan dapat pula dilihat melalui Angka Tidak Sekol",auto,auto_labeled_needs_validation
Q040,DOC08_PEND,semantic_maxmin,19,1,"score=0.315 hits=1/4 pages=[?] page_match=False ev_type=paragraph | preview: xi ISSN 2086-4566 DAFTAR ISI STATISTIK PENDIDIKAN 2025 Volume 14, 2025 KATA PENGANTAR ... v RINGKASAN ... vii DAFTAR ISI",auto,auto_labeled_needs_validation
Q040,DOC08_PEND,semantic_maxmin,115,1,"score=0.301 hits=1/4 pages=[?] page_match=False ev_type=paragraph | preview: PARTISIPASI PENDIDIKAN Sumber: Badan Pusat Statistik, Survei Sosial Ekonomi Nasional (Susenas) Maret 2025 Gambar 3.13 An",auto,auto_labeled_needs_validation
Q040,DOC08_PEND,semantic_maxmin,103,1,"score=0.250 hits=1/4 pages=[?] page_match=False ev_type=paragraph | preview: PARTISIPASI PENDIDIKAN Sumber: Badan Pusat Statistik, Survei Sosial Ekonomi Nasional (Susenas) Maret 2025 Gambar 3.9 Ang",auto,auto_labeled_needs_validation
Q040,DOC08_PEND,semantic_maxmin,82,1,"score=0.245 hits=2/4 pages=[?] page_match=False ev_type=paragraph | preview: Pada tahun 2030, target Indonesia adalah secara signifikan meningkatkan pasokan guru yang berkualitas (Badan Perencanaan",auto,auto_labeled_needs_validation
Q040,DOC08_PEND,semantic_maxmin,67,1,"score=0.236 hits=1/4 pages=[?] page_match=False ev_type=paragraph | preview: Bahkan, hanya sekitar 3,74 persen ruang kelas SMK dalam kondisi rusak berat, jauh lebih rendah dibandingkan jenjang pend",auto,auto_labeled_needs_validation
Q040,DOC08_PEND,semantic_maxmin,85,1,"score=0.236 hits=1/4 pages=[?] page_match=False ev_type=paragraph | preview: Pada tahun ajaran 2024/2025, persentase guru yang memenuhi kualifikasi yang paling tinggi adalah pada jenjang SMA, yaitu",auto,auto_labeled_needs_validation
Q040,DOC08_PEND,semantic_maxmin,171,1,"score=0.224 hits=1/4 pages=[?] page_match=False ev_type=paragraph | preview: Capaian tersebut telah melampaui capaian tahun 2024 yang sebesar 9,22 persen sekaligus melampaui target RPJMN tahun 2025",auto,auto_labeled_needs_validation
Q040,DOC08_PEND,semantic_maxmin,2,1,"score=0.223 hits=1/4 pages=[?] page_match=False ev_type=paragraph | preview: Data pendidikan yang akurat, seperti yang disajikan dalam publikasi ini, sangat penting untuk merancang kebijakan yang t",auto,auto_labeled_needs_validation
Q040,DOC08_PEND,semantic_maxmin,9,1,"score=0.223 hits=1/4 pages=[?] page_match=False ev_type=paragraph | preview: Pada tahun ajaran 2024/2025 jumlah guru pada jenjang SD, SMP, dan SMK mengalami peningkatan, namun pada jenjang SMK meng",auto,auto_labeled_needs_validation
Q040,DOC08_PEND,semantic_maxmin,84,1,"score=0.223 hits=1/4 pages=[?] page_match=False ev_type=paragraph | preview: STATISTIK PENDIDIKAN 2025 Sumber : Kementerian Pendidikan Dasar dan Menengah (Pusat Data dan Teknologi Informasi), Stati",auto,auto_labeled_needs_validation
Q040,DOC08_PEND,semantic_maxmin,139,1,score=0.211 hits=1/4 pages=[?] page_match=False ev_type=paragraph | preview: 5.2 Tingkat Penyelesaian Pendidikan Tingkat penyelesaian pendidikan merupakan indikator yang mengukur persentase pendudu,auto,auto_labeled_needs_validation
Q040,DOC08_PEND,semantic_maxmin,4,1,score=0.210 hits=1/4 pages=[?] page_match=False ev_type=paragraph | preview: Pemerataan akses pendidikan tidak cukup hanya pada upaya peningkatan jumlah dan pemenuhan kualitas sekolah dan ruang kel,auto,auto_labeled_needs_validation
Q040,DOC08_PEND,semantic_maxmin,164,1,"score=0.210 hits=1/4 pages=[?] page_match=False ev_type=paragraph | preview: AMH merupakan salah satu indikator dalam pencapaian target SDGs pilar sosial, khususnya indikator 4.6.1 (a), yang bertuj",auto,auto_labeled_needs_validation
Q040,DOC08_PEND,semantic_maxmin,14,1,"score=0.204 hits=1/4 pages=[?] page_match=False ev_type=paragraph | preview: Data Susenas 2025 menunjukkan bahwa semakin tinggi jenjang pendidikan, angka putus sekolah juga semakin meningkat. Angka",auto,auto_labeled_needs_validation
Q040,DOC08_PEND,semantic_maxmin,63,1,"score=0.204 hits=1/4 pages=[?] page_match=False ev_type=paragraph | preview: Karena pentingnya fungsi ruang kelas tersebut, kenyamanan ruang kelas harus diutamakan agar dapat menunjang optimalisasi",auto,auto_labeled_needs_validation
Q040,DOC08_PEND,semantic_maxmin,70,1,"score=0.204 hits=1/4 pages=[?] page_match=False ev_type=paragraph | preview: Pada Peraturan Menteri Pendidikan, Kebudayaan, Riset, dan Teknologi Republik Indonesia Nomor 47 Tahun 2023 juga dijelask",auto,auto_labeled_needs_validation
Q040,DOC08_PEND,semantic_maxmin,76,1,"score=0.204 hits=1/4 pages=[?] page_match=False ev_type=paragraph | preview: Sumber : Kementerian Pendidikan Dasar dan Menengah (Pusat Data dan Teknologi Informasi), Statistik Persekolahan SD, SMP,",auto,auto_labeled_needs_validation
Q040,DOC08_PEND,semantic_maxmin,78,1,score=0.204 hits=1/4 pages=[?] page_match=False ev_type=paragraph | preview: 0 5 K T A STATISTIK PENDIDIKAN 2025 Sumber : Kementerian Pendidikan Dasar dan Menengah (Pusat Data dan Teknologi Informa,auto,auto_labeled_needs_validation
Q040,DOC08_PEND,semantic_maxmin,80,1,"score=0.204 hits=1/4 pages=[?] page_match=False ev_type=paragraph | preview: 2.4 Guru Selain kondisi ruang kelas dan sanitasi yang baik, jumlah dan kualitas guru yang mengajar turut menentukan kual",auto,auto_labeled_needs_validation
Q040,DOC08_PEND,semantic_maxmin,81,1,"score=0.204 hits=1/4 pages=[?] page_match=False ev_type=paragraph | preview: Menurut jenjang pendidikan, jumlah guru paling banyak terdapat pada jenjang SD, yaitu sekitar 1,6 juta guru. Sementara i",auto,auto_labeled_needs_validation
Q040,DOC08_PEND,semantic_maxmin,87,1,score=0.204 hits=1/4 pages=[?] page_match=False ev_type=paragraph | preview: 202 202 202 2025 SARANA DAN PRASARANA PENDIDIKAN Sumber : Kementerian Pendidikan Dasar dan Menengah (Pusat Data dan Tekn,auto,auto_labeled_needs_validation
Q040,DOC08_PEND,recursive,6,2,"score=0.360 hits=1/4 pages=[?] page_match=False ev_type=paragraph | preview: Namun, hasil pendataan Susenas Maret 2025 menunjukkan hanya sebesar 34,15 ix persen anak usia 0–6 tahun yang sedang/pern [PROMOTED: best candidate, no strict label-2 found]",auto,auto_labeled_promoted_needs_validation
Q040,DOC08_PEND,recursive,61,1,"score=0.343 hits=2/4 pages=[?] page_match=False ev_type=paragraph | preview: SMA, dan SMK menunjukkan bahwa jumlah sekolah pada jenjang Sekolah Dasar (SD), Sekolah Menengah Pertama (SMP), Sekolah M",auto,auto_labeled_needs_validation
Q040,DOC08_PEND,recursive,77,1,"score=0.304 hits=2/4 pages=[?] page_match=False ev_type=paragraph | preview: Statistik Persekolahan SD, SMP, SMA, dan SMK 2023/2024 dan 2024/2025 Gambar 2.9 Jumlah Guru Menurut Jenjang Pendidikan T",auto,auto_labeled_needs_validation
Q040,DOC08_PEND,recursive,50,1,"score=0.297 hits=2/4 pages=[?] page_match=False ev_type=paragraph | preview: Alokasi Khusus (DAK) untuk perbaikan fasilitas pendidikan (Badan Perencanaan Pembangunan Nasional, 2021). Tantangan lain",auto,auto_labeled_needs_validation
Q040,DOC08_PEND,recursive,15,1,"score=0.282 hits=1/4 pages=[?] page_match=False ev_type=paragraph | preview: Kepemilikan Toilet Siswa, Tahun Ajaran 2024/2025 ... 36 Tabel 2.16 Persentase Sekolah Menengah Pertama (SMP) Menurut Pro",auto,auto_labeled_needs_validation
Q040,DOC08_PEND,recursive,7,1,"score=0.275 hits=1/4 pages=[?] page_match=False ev_type=paragraph | preview: Angka Tidak Sekolah (ATS). Jika dibandingkan dengan 2024, ATS kelompok umur 7–12 tahun, 13–15 tahun, serta 16–18 tahun m",auto,auto_labeled_needs_validation
Q040,DOC08_PEND,recursive,143,1,score=0.269 hits=1/4 pages=[?] page_match=False ev_type=paragraph | preview: Catatan: Usia yang digunakan dalam perhitungan indikator ini adalah usia sekolah (school age) Sumber: Badan Pusat Statis,auto,auto_labeled_needs_validation
Q040,DOC08_PEND,recursive,29,1,"score=0.256 hits=1/4 pages=[?] page_match=False ev_type=paragraph | preview: Daerah Perkotaan Menurut Provinsi dan Pendidikan Tertinggi yang Ditamatkan, 2025 ... 170 Tabel 5.26 Sampling Error Perse",auto,auto_labeled_needs_validation
Q040,DOC08_PEND,recursive,136,1,"score=0.256 hits=1/4 pages=[?] page_match=False ev_type=paragraph | preview: PARTISIPASI PENDIDIKAN Sumber: Badan Pusat Statistik, Survei Sosial Ekonomi Nasional (Susenas) Maret 2025 Gambar 3.9 Ang",auto,auto_labeled_needs_validation
Q040,DOC08_PEND,recursive,63,1,"score=0.243 hits=1/4 pages=[?] page_match=False ev_type=paragraph | preview: Statistik Persekolahan SD, SMP, SMA, dan SMK 2024/2025 Gambar 2.2 Persentase Sekolah Menurut Jenjang Pendidikan dan Stat",auto,auto_labeled_needs_validation
Q040,DOC08_PEND,recursive,79,1,score=0.236 hits=1/4 pages=[?] page_match=False ev_type=paragraph | preview: persen dibandingkan jenjang pendidikan lainnya. Kualitas pendidikan bukan hanya ditentukan dari jumlah guru dan guru yan,auto,auto_labeled_needs_validation
Q040,DOC08_PEND,recursive,30,1,"score=0.230 hits=1/4 pages=[?] page_match=False ev_type=paragraph | preview: Gambar 2.5 Rasio Peserta Didik per Rombel Menurut Jenjang Pendidikan, Tahun Ajaran 2024/2025 ... 15 Gambar 2.6 Rasio Rom",auto,auto_labeled_needs_validation
Q040,DOC08_PEND,recursive,67,1,"score=0.230 hits=1/4 pages=[?] page_match=False ev_type=paragraph | preview: Statistik Persekolahan SD, SMP, SMA, dan SMK 2024/2025 Gambar 2.4 Persentase Ruang Kelas Menurut Jenjang Pendidikan dan ",auto,auto_labeled_needs_validation
Q040,DOC08_PEND,recursive,349,1,"score=0.224 hits=1/4 pages=[?] page_match=False ev_type=paragraph | preview: PROSES DAN CAPAIAN PENDIDIKAN pendidikan, angka putus sekolah penduduk laki-laki lebih tinggi daripada penduduk perempua",auto,auto_labeled_needs_validation
Q040,DOC08_PEND,recursive,2,1,"score=0.223 hits=1/4 pages=[?] page_match=False ev_type=paragraph | preview: Untuk menghasilkan pendidikan yang berkualitas, diperlukan sumber daya pendidikan yang berkualitas pula, khususnya saran",auto,auto_labeled_needs_validation
Q040,DOC08_PEND,recursive,5,1,"score=0.223 hits=1/4 pages=[?] page_match=False ev_type=paragraph | preview: jumlah guru pada jenjang SD, SMP, dan SMK mengalami peningkatan, namun pada jenjang SMK mengalami penurunan jumlah guru.",auto,auto_labeled_needs_validation
Q040,DOC08_PEND,recursive,78,1,score=0.223 hits=1/4 pages=[?] page_match=False ev_type=paragraph | preview: Standar kualifikasi tersebut tertuang pada Peraturan Menteri Pendidikan Nasional Nomor 16 Tahun 2007 tentang Standar Kua,auto,auto_labeled_needs_validation
Q040,DOC08_PEND,recursive,362,1,"score=0.216 hits=1/4 pages=[?] page_match=False ev_type=paragraph | preview: merupakan salah satu indikator dalam pencapaian target SDGs pilar sosial, khususnya indikator 4.6.1 (a), yang bertujuan ",auto,auto_labeled_needs_validation
Q040,DOC08_PEND,recursive,3,1,score=0.210 hits=1/4 pages=[?] page_match=False ev_type=paragraph | preview: Pemerataan akses pendidikan tidak cukup hanya pada upaya peningkatan jumlah dan pemenuhan kualitas sekolah dan ruang kel,auto,auto_labeled_needs_validation
Q040,DOC08_PEND,recursive,65,1,"score=0.210 hits=1/4 pages=[?] page_match=False ev_type=paragraph | preview: Statistik Persekolahan SD, SMP, SMA, dan SMK 2024/2025 Gambar 2.3 Persentase Ruang Kelas Menurut Jenjang Pendidikan dan ",auto,auto_labeled_needs_validation
Q040,DOC08_PEND,recursive,75,1,"score=0.210 hits=1/4 pages=[?] page_match=False ev_type=paragraph | preview: Statistik Persekolahan SD, SMP, SMA, dan SMK 2024/2025 Gambar 2.8 Persentase Sekolah Menurut Jenjang Pendidikan dan Kete",auto,auto_labeled_needs_validation
Q040,DOC08_PEND,recursive,364,1,"score=0.210 hits=1/4 pages=[?] page_match=False ev_type=paragraph | preview: AMH penduduk pada kuintil 5 sebesar 99,04 persen. STATISTIK PENDIDIKAN 2025 Sumber: Badan Pusat Statistik, Survei Sosial",auto,auto_labeled_needs_validation
Q040,DOC08_PEND,recursive,4,1,"score=0.204 hits=1/4 pages=[?] page_match=False ev_type=paragraph | preview: Bukan hanya kuantitas sekolah dan ruang kelas, satinasi sekolah juga menjadi langkah awal dalam mewujudkan lingkungan be",auto,auto_labeled_needs_validation
Q040,DOC08_PEND,recursive,9,1,"score=0.204 hits=1/4 pages=[?] page_match=False ev_type=paragraph | preview: Pemantauan proses pendidikan dapat dilihat melalui indikator yang digunakan untuk mengukur proses pendidikan, salah satu",auto,auto_labeled_needs_validation
Q040,DOC08_PEND,recursive,13,1,"score=0.204 hits=1/4 pages=[?] page_match=False ev_type=paragraph | preview: Tabel 2.3 Jumlah dan Persentase Sekolah Menengah Atas (SMA) Menurut Provinsi dan Status Sekolah, Tahun Ajaran 2024/2025 ",auto,auto_labeled_needs_validation
Q041,DOC09_IMPOR,element,22,2,"score=0.741 hits=5/5 pages=[21] page_match=True ev_type=paragraph_table | preview: RINGKASAN  Total nilai impor Indonesia Agustus 2025 mencapai US$19.475,2 juta, yang terdiri dari migas senilai US$2.732,",auto,auto_labeled_needs_validation
Q041,DOC09_IMPOR,element,24,2,"score=0.493 hits=3/5 pages=[21] page_match=True ev_type=paragraph_table | preview: RINGKASAN  Pada Agustus 2025, volume impor tercatat 19.944,3 ribu ton, terdiri dari volume impor migas 4.573,5 ribu ton ",auto,auto_labeled_needs_validation
Q041,DOC09_IMPOR,element,29,1,"score=0.462 hits=3/5 pages=[23] page_match=False ev_type=paragraph_table | preview: Tabel 1.3 Nilai Impor Migas dan Nonmigas, Januari–Agustus 2021 s.d Januari–Agustus 2025  Catatan: r Angka Revisi  Nilai ",auto,auto_labeled_needs_validation
Q041,DOC09_IMPOR,element,31,1,"score=0.462 hits=3/5 pages=[23] page_match=False ev_type=paragraph_table | preview: Tabel 1.3 Nilai Impor Migas dan Nonmigas, Januari–Agustus 2021 s.d Januari–Agustus 2025  2024  2025  Selama Agustus 2025",auto,auto_labeled_needs_validation
Q041,DOC09_IMPOR,element,9,1,"score=0.441 hits=3/5 pages=[11] page_match=False ev_type=paragraph_table | preview: Tabel 1.1 Perkembangan Nilai Impor Migas dan Nonmigas (juta US$), Agustus 2024– Agustus 2025…………………………………………………………………………",auto,auto_labeled_needs_validation
Q041,DOC09_IMPOR,element,11,1,score=0.432 hits=3/5 pages=[13] page_match=False ev_type=paragraph_table | preview: Daftar Gambar  Halaman  Gambar 1 Infografis Impor Indonesia Agustus 2025 ………………………………………………………………  Gambar 2 Perkembangan,auto,auto_labeled_needs_validation
Q041,DOC09_IMPOR,element,26,1,"score=0.420 hits=3/5 pages=[22] page_match=False ev_type=paragraph_table | preview: Tabel 1.2 Perkembangan Volume Impor Migas dan Nonmigas (ribu ton), Agustus 2024–Agustus 2025  https://www.bps.go.id",auto,auto_labeled_needs_validation
Q041,DOC09_IMPOR,element,37,1,"score=0.265 hits=1/5 pages=[26,27] page_match=False ev_type=paragraph_table | preview: Tabel 1.6 Nilai Impor Menurut Negara Asal, Agustus 2024 dan Agustus 2025  Agustus 2025  Agustus 2024  Asia  Asia  Afrika",auto,auto_labeled_needs_validation
Q041,DOC09_IMPOR,element,35,1,"score=0.261 hits=1/5 pages=[24,25] page_match=False ev_type=paragraph_table | preview: Tabel 1.5 Impor Menurut Golongan Barang Harmonized System (HS) 2 Digit,  Agustus 2025  Agustus 2024  6  Statistik Perdag",auto,auto_labeled_needs_validation
Q041,DOC09_IMPOR,element,34,1,score=0.257 hits=1/5 pages=[24] page_match=False ev_type=paragraph_table | preview: Agustus 2024 Agustus 2025 Perubahan HS 2 Dijit Nilai CIF (juta US$) Peranan (%) Nilai CIF (juta US$) Peranan (%) thd (%),auto,auto_labeled_needs_validation
Q041,DOC09_IMPOR,element,32,1,"score=0.253 hits=1/5 pages=[23,24] page_match=False ev_type=paragraph_table | preview: 5  Golongan bahan baku/penolong memberikan peranan terbesar selama Agustus 2025 sebesar 70,08 persen, lebih tinggi dari ",auto,auto_labeled_needs_validation
Q041,DOC09_IMPOR,element,23,1,"score=0.231 hits=2/5 pages=[21] page_match=True ev_type=paragraph_table [TABLE]| preview: 2024 Migas Nonmigas Tahun/Bulan Minyak Hasil Gas Total Alam Mentah Minyak (1) (2) (3) (5) (6) (4) 706,5 1.942,1 Agustus ",auto,auto_labeled_needs_validation
Q041,DOC09_IMPOR,element,41,1,score=0.221 hits=3/5 pages=[31] page_match=False ev_type=paragraph_table [TABLE]| preview: Uraian (1) Total Migas - Minyak Mentah - Hasil Minyak - Gas Nonmigas Berat Bersih (kg) Nilai CIF (US$) Agustus 2025 Jan–,auto,auto_labeled_needs_validation
Q041,DOC09_IMPOR,element,18,1,score=0.210 hits=1/5 pages=[16] page_match=False ev_type=paragraph_table | preview: 7. PERIODE REFERENSI  Periode penentuan impor adalah tanggal penyelesaian dokumen oleh pejabat Direktorat Jenderal Bea d,auto,auto_labeled_needs_validation
Q041,DOC09_IMPOR,element,256,1,score=0.199 hits=1/5 pages=[138] page_match=False ev_type=paragraph_table | preview: Kode HS Uraian Komoditi Berat Bersih (kg) Agustus 2025 Jan–Agt 2025 Nilai CIF (US$) Agustus 2025 Jan–Agt 2025 (1) (2) (3,auto,auto_labeled_needs_validation
Q041,DOC09_IMPOR,element,513,1,"score=0.195 hits=1/5 pages=[266,267] page_match=False ev_type=paragraph_table | preview: Lanjutan Tabel 2.3  84501110 Fully-automatic household or laundry-type machines, each  –  17.471  –  42.597  of dry line",auto,auto_labeled_needs_validation
Q041,DOC09_IMPOR,element,45,1,score=0.188 hits=1/5 pages=[33] page_match=False ev_type=paragraph_table | preview: HS Uraian Golongan Barang Berat Bersih (kg) Agustus 2025 Jan–Agt 2025 (1) (2) (3) (4) 57 Carpets And Other Textile Floor,auto,auto_labeled_needs_validation
Q041,DOC09_IMPOR,element,112,1,score=0.188 hits=1/5 pages=[66] page_match=False ev_type=paragraph_table | preview: Kode HS Uraian Komoditi Berat Bersih (kg) Agustus 2025 Jan–Agt 2025 Nilai CIF (US$) Agustus 2025 Jan–Agt 2025 (1) (2) (3,auto,auto_labeled_needs_validation
Q041,DOC09_IMPOR,element,296,1,score=0.188 hits=1/5 pages=[158] page_match=False ev_type=paragraph_table | preview: Kode HS Uraian Komoditi Berat Bersih (kg) Agustus 2025 Jan–Agt 2025 Nilai CIF (US$) Agustus 2025 Jan–Agt 2025 (1) (2) (3,auto,auto_labeled_needs_validation
Q041,DOC09_IMPOR,element,368,1,score=0.188 hits=1/5 pages=[194] page_match=False ev_type=paragraph_table | preview: Kode HS Uraian Komoditi Berat Bersih (kg) Agustus 2025 Jan–Agt 2025 Nilai CIF (US$) Agustus 2025 Jan–Agt 2025 (1) (2) (3,auto,auto_labeled_needs_validation
Q041,DOC09_IMPOR,element,466,1,score=0.188 hits=1/5 pages=[243] page_match=False ev_type=paragraph_table | preview: Kode HS Uraian Komoditi Berat Bersih (kg) Agustus 2025 Jan–Agt 2025 (1) (2) (3) (4) 84021110 Watertube boilers with a st,auto,auto_labeled_needs_validation
Q041,DOC09_IMPOR,element,524,1,score=0.188 hits=1/5 pages=[272] page_match=False ev_type=paragraph_table | preview: Kode HS Uraian Komoditi Berat Bersih (kg) Agustus 2025 Jan–Agt 2025 Nilai CIF (US$) Agustus 2025 Jan–Agt 2025 (1) (2) (3,auto,auto_labeled_needs_validation
Q041,DOC09_IMPOR,element,681,1,score=0.188 hits=1/5 pages=[350] page_match=False ev_type=paragraph_table | preview: Kode HS Uraian Komoditi Berat Bersih (kg) Agustus 2025 Jan–Agt 2025 Nilai CIF (US$) Agustus 2025 Jan–Agt 2025 (1) (2) (3,auto,auto_labeled_needs_validation
Q041,DOC09_IMPOR,element,21,1,"score=0.187 hits=1/5 pages=[16,17,19] page_match=False ev_type=paragraph_table | preview: 11. RE-IMPOR  Re-impor adalah impor kembali barang dalam negeri yang sebelumnya dicatat sebagai ekspor.  xiv  https://ww",auto,auto_labeled_needs_validation
Q041,DOC09_IMPOR,element,33,1,"score=0.186 hits=1/5 pages=[24] page_match=False ev_type=paragraph_table | preview: Tabel 1.5 Impor Menurut Golongan Barang Harmonized System (HS) 2 Digit,  Agustus 2024 dan Agustus 2025",auto,auto_labeled_needs_validation
Q041,DOC09_IMPOR,semantic_maxmin,14,2,"score=0.651 hits=5/5 pages=[?] page_match=False ev_type=paragraph_table | preview: xv Gambar 1 Infograﬁs Impor Indonesia, Agustus 2025 BAB 1 RINGKASAN Ringkasan RINGKASAN Total nilai impor Indonesia Agus",auto,auto_labeled_needs_validation
Q041,DOC09_IMPOR,semantic_maxmin,5,2,score=0.437 hits=3/5 pages=[?] page_match=False ev_type=paragraph_table | preview: Ringkasan ………………………………………………………………………………………………………… Bab 2. Tabel-Tabel ……………………………………………………………………………………………………… Daftar Pus,auto,auto_labeled_needs_validation
Q041,DOC09_IMPOR,semantic_maxmin,17,1,"score=0.291 hits=3/5 pages=[?] page_match=False ev_type=paragraph_table [TABLE]| preview: Tabel 1.1 Perkembangan Nilai Impor Migas dan Nonmigas (juta US$), Agustus 2024–Agustus 2025 Tahun/Bulan Migas Nonmigas T",auto,auto_labeled_needs_validation
Q041,DOC09_IMPOR,semantic_maxmin,28,1,"score=0.283 hits=3/5 pages=[?] page_match=False ev_type=paragraph_table [TABLE]| preview: Provinsi dengan peningkatan nilai impor tertinggi adalah Provinsi Kepulauan Riau US$314,6 juta atau naik 21,40 persen, d",auto,auto_labeled_needs_validation
Q041,DOC09_IMPOR,semantic_maxmin,18,1,"score=0.274 hits=3/5 pages=[?] page_match=False ev_type=paragraph_table [TABLE]| preview: Gambar 2 Perkembangan Nilai Impor Migas dan Nonmigas (juta US$), Agustus 2024–Agustus 2025 2.732,5 16.742,7 5.000 10.000",auto,auto_labeled_needs_validation
Q041,DOC09_IMPOR,semantic_maxmin,15,1,"score=0.270 hits=2/5 pages=[?] page_match=False ev_type=paragraph_table | preview: Sementara impor migas naik 8,71 persen (US$219,0 juta), terutama karena bertambahnya impor minyak mentah 29,02 persen (U",auto,auto_labeled_needs_validation
Q041,DOC09_IMPOR,semantic_maxmin,16,1,"score=0.246 hits=2/5 pages=[?] page_match=False ev_type=paragraph_table | preview: Penurunan ini disebabkan oleh turunnya impor di sektor nonmigas US$1.452,1 juta (7,98 persen). Sebaliknya impor migas me",auto,auto_labeled_needs_validation
Q041,DOC09_IMPOR,semantic_maxmin,20,1,"score=0.243 hits=1/5 pages=[?] page_match=False ev_type=paragraph_table | preview: Statistik Perdagangan Luar Negeri Bulanan Impor, Agustus 2025 Golongan bahan baku/penolong memberikan peranan terbesar s",auto,auto_labeled_needs_validation
Q041,DOC09_IMPOR,semantic_maxmin,19,1,"score=0.241 hits=3/5 pages=[?] page_match=False ev_type=paragraph_table [TABLE]| preview: Dilihat dari proporsinya, nilai impor nonmigas selama Januari-Agustus 2021 sampai dengan Januari-Agustus 2025 mendominas",auto,auto_labeled_needs_validation
Q041,DOC09_IMPOR,semantic_maxmin,23,1,"score=0.228 hits=1/5 pages=[?] page_match=False ev_type=paragraph_table | preview: Tiongkok menempati posisi pertama, yaitu mencapai 36,74 persen (US$7.155,3 juta) dari total impor Indonesia. Negara asal",auto,auto_labeled_needs_validation
Q041,DOC09_IMPOR,semantic_maxmin,58,1,score=0.223 hits=1/5 pages=[?] page_match=False ev_type=paragraph_table | preview: (excl.portable comp) not comprising & not presented in the form systems systems 209.070 3.014.498 70.566.841 1.073.391.2,auto,auto_labeled_needs_validation
Q041,DOC09_IMPOR,semantic_maxmin,27,1,"score=0.219 hits=1/5 pages=[?] page_match=False ev_type=paragraph_table | preview: Sementara itu, kontribusi provinsi lainnya masing-masing kurang dari lima persen terhadap total impor Indonesia. Gambar ",auto,auto_labeled_needs_validation
Q041,DOC09_IMPOR,semantic_maxmin,13,1,score=0.210 hits=1/5 pages=[?] page_match=False ev_type=paragraph_table | preview: 7. PERIODE REFERENSI Periode penentuan impor adalah tanggal penyelesaian dokumen oleh pejabat Direktorat Jenderal Bea da,auto,auto_labeled_needs_validation
Q041,DOC09_IMPOR,semantic_maxmin,22,1,"score=0.195 hits=1/5 pages=[?] page_match=False ev_type=paragraph_table | preview: Sementara tujuh komoditi HS 2 dijit lainnya mengalami penurunan, terbesar mesin/peralatan mekanis dan bagiannya yang tur",auto,auto_labeled_needs_validation
Q041,DOC09_IMPOR,semantic_maxmin,48,1,"score=0.190 hits=1/5 pages=[?] page_match=False ev_type=paragraph_table | preview: ≤ 5 t; CKD – 2.100 – 3.535 87043126 Pick-up trucks; for the transport of goods, with only spark- ignition engine; g.v.w.",auto,auto_labeled_needs_validation
Q041,DOC09_IMPOR,semantic_maxmin,0,1,"score=0.182 hits=1/5 pages=[?] page_match=False ev_type=paragraph_table | preview: Katalog: 8202040 ISSN 2745-6765 Statistik Perdagangan Luar Negeri Bulanan IMPOR Agustus 2025 Volume 42, Nomor 10, 2025 B",auto,auto_labeled_needs_validation
Q041,DOC09_IMPOR,semantic_maxmin,3,1,score=0.177 hits=1/5 pages=[?] page_match=False ev_type=paragraph_table | preview: Semoga publikasi ini dapat menjadi sumber referensi yang bermanfaat bagi para pengguna data dalam menyusun perencanaan d,auto,auto_labeled_needs_validation
Q041,DOC09_IMPOR,semantic_maxmin,24,1,"score=0.166 hits=1/5 pages=[?] page_match=False ev_type=paragraph_table | preview: Sementara kontribusi impor dari benua Afrika serta masih dibawah 5,00 persen. Kelompok negara ASEAN memberikan kontribus",auto,auto_labeled_needs_validation
Q041,DOC09_IMPOR,semantic_maxmin,11,1,score=0.129 hits=1/5 pages=[?] page_match=False ev_type=paragraph_table | preview: SISTEM PENGOLAHAN Data dalam publikasi ini mencakup dokumen PIB selama Agustus 2025 yang diterima oleh Badan Pusat Stati,auto,auto_labeled_needs_validation
Q041,DOC09_IMPOR,recursive,10,2,score=0.651 hits=5/5 pages=[?] page_match=False ev_type=paragraph_table | preview: 11. RE-IMPOR Re-impor adalah impor kembali barang dalam negeri yang sebelumnya dicatat sebagai ekspor. xv Gambar 1 Infog,auto,auto_labeled_needs_validation
Q041,DOC09_IMPOR,recursive,4,2,"score=0.437 hits=3/5 pages=[?] page_match=False ev_type=paragraph_table | preview: Agustus 2025……………………………………………………………………………………………………… Tabel 1.2 Perkembangan Volume Impor Migas dan Nonmigas (ribu ton), A",auto,auto_labeled_needs_validation
Q041,DOC09_IMPOR,recursive,5,2,score=0.437 hits=3/5 pages=[?] page_match=False ev_type=paragraph_table | preview: 2025………………………………………………………………………………………………………………….. Tabel 2.3 Impor Menurut Golongan Barang 8 Dijit Harmonized System (HS),auto,auto_labeled_needs_validation
Q041,DOC09_IMPOR,recursive,3,1,score=0.423 hits=3/5 pages=[?] page_match=False ev_type=paragraph_table | preview: Kepala Badan Pusat Statistik Amalia Adininggar Widyasanti vii ISSN 2745-6765 Daftar Isi Statistik Perdagangan Luar Neger,auto,auto_labeled_needs_validation
Q041,DOC09_IMPOR,recursive,14,1,"score=0.283 hits=3/5 pages=[?] page_match=False ev_type=paragraph_table [TABLE]| preview: 20.416,1 Juli 1.466,7 2.788,4 ─ 4.255,1 15.654,3 19.909,4 Agustus 1.791,9 2.781,6 ─ 4.573,5 15.370,8 19.944,3 Selama tig",auto,auto_labeled_needs_validation
Q041,DOC09_IMPOR,recursive,11,1,"score=0.265 hits=3/5 pages=[?] page_match=False ev_type=paragraph_table [TABLE]| preview: persen (US$1.319,2 juta). Sementara impor migas naik 8,71 persen (US$219,0 juta), terutama karena bertambahnya impor min",auto,auto_labeled_needs_validation
Q041,DOC09_IMPOR,recursive,13,1,"score=0.261 hits=3/5 pages=[?] page_match=False ev_type=paragraph_table [TABLE]| preview: Statistik Perdagangan Luar Negeri Bulanan Impor, Agustus 2025 Tabel 1.2 Perkembangan Volume Impor Migas dan Nonmigas (ri",auto,auto_labeled_needs_validation
Q041,DOC09_IMPOR,recursive,21,1,"score=0.257 hits=1/5 pages=[?] page_match=False ev_type=paragraph_table | preview: Apabila dibandingkan dengan bulan yang sama tahun sebelumnya, tiga dari sepuluh komoditi HS 2 dijit mengalami peningkata",auto,auto_labeled_needs_validation
Q041,DOC09_IMPOR,recursive,26,1,"score=0.257 hits=1/5 pages=[?] page_match=False ev_type=paragraph_table | preview: persen. Beberapa provinsi dengan nilai impor yang cukup tinggi berikutnya adalah Jawa Timur US$2.415,5 juta (12,40 perse",auto,auto_labeled_needs_validation
Q041,DOC09_IMPOR,recursive,12,1,"score=0.254 hits=3/5 pages=[?] page_match=False ev_type=paragraph_table [TABLE]| preview: 1.214,0 2.451,9 ─ 3.665,9 18.431,9 22.097,8 November 493,2 2.077,7 ─ 2.570,9 17.197,4 19.768,3 Desember 900,9 2.396,3 ─ ",auto,auto_labeled_needs_validation
Q041,DOC09_IMPOR,recursive,30,1,score=0.254 hits=3/5 pages=[?] page_match=False ev_type=paragraph_table [TABLE]| preview: BAB 2 TABEL-TABEL Agustus 2025 Jan–Agt 2025 Agustus 2025 Jan–Agt 2025 Total 19.944.279.991 153.959.248.386 19.475.239.08,auto,auto_labeled_needs_validation
Q041,DOC09_IMPOR,recursive,18,1,"score=0.248 hits=1/5 pages=[?] page_match=False ev_type=paragraph_table | preview: 70,08 persen, lebih tinggi dari bulan sebelumnya yang sebesar 68,08 persen. Sementara barang modal memberikan kontribusi",auto,auto_labeled_needs_validation
Q041,DOC09_IMPOR,recursive,15,1,"score=0.237 hits=3/5 pages=[?] page_match=False ev_type=paragraph_table [TABLE]| preview: Total 2021r 15.361,4 107.620,7 122.982,1 12,49 87,51 100,00 2022r 27.621,0 132.313,8 159.934,8 17,27 82,73 100,00 2023r ",auto,auto_labeled_needs_validation
Q041,DOC09_IMPOR,recursive,20,1,"score=0.232 hits=1/5 pages=[?] page_match=False ev_type=paragraph_table | preview: 7.690,5 36,89 6.806,8 34,95 11,49 Total Impor 20.843,4 100,00 19.475,2 100,00 6,56 Barang Konsumsi 9,52% Bahan Baku/Peno",auto,auto_labeled_needs_validation
Q041,DOC09_IMPOR,recursive,27,1,"score=0.228 hits=1/5 pages=[?] page_match=False ev_type=paragraph_table | preview: (83,20 persen. Sebaliknya beberapa provinsi lainnya mengalami penurunan nilai impor, tertinggi dialami oleh Provinsi DKI",auto,auto_labeled_needs_validation
Q041,DOC09_IMPOR,recursive,6,1,"score=0.223 hits=1/5 pages=[?] page_match=False ev_type=paragraph_table | preview: Agustus 2024 dan 2025…... Gambar 4 Distribusi Peranan Impor Lima Negara Asal Utama, Agustus 2025.……………………… Gambar 5 Nila",auto,auto_labeled_needs_validation
Q041,DOC09_IMPOR,recursive,22,1,"score=0.223 hits=1/5 pages=[?] page_match=False ev_type=paragraph_table | preview: Serikat 5,14 persen (US$1.000,1 juta), dan Malaysia 5,33 persen (US$1.038,6 juta). Gambar 4 Distribusi Peranan Impor Lim",auto,auto_labeled_needs_validation
Q041,DOC09_IMPOR,recursive,1747,1,score=0.223 hits=1/5 pages=[?] page_match=False ev_type=paragraph_table | preview: Golongan Penggunaan Barang H S Barang Konsumsi Bahan Baku/Penolong Nilai CIF (US$) Uraian Komoditi Berat Bersih (kg) Tab,auto,auto_labeled_needs_validation
Q041,DOC09_IMPOR,recursive,9,1,score=0.215 hits=1/5 pages=[?] page_match=False ev_type=paragraph_table | preview: Coding System/Harmonized System (HS) 2017 dan ASEAN Harmonized Tariff Nomenclature (AHTN) 2017. Disamping menggunakan HS,auto,auto_labeled_needs_validation
Q041,DOC09_IMPOR,recursive,228,1,"score=0.199 hits=1/5 pages=[?] page_match=False ev_type=paragraph_table | preview: 7.577 126.800 116.099 1.794.219 24022010 Cigarettes containing tobacco, beedies – – 24022020 Cigarettes containing tobac",auto,auto_labeled_needs_validation
Q041,DOC09_IMPOR,recursive,541,1,"score=0.199 hits=1/5 pages=[?] page_match=False ev_type=paragraph_table | preview: sectional dimension is 15 cm or more, baulks,sawlogs and veneer logs – 69.820 – 17.052 Statistik Perdagangan Luar Negeri",auto,auto_labeled_needs_validation
Q041,DOC09_IMPOR,recursive,1577,1,"score=0.199 hits=1/5 pages=[?] page_match=False ev_type=paragraph_table | preview: 34.689 Statistik Perdagangan Luar Negeri Bulanan Impor, Agustus 2025 Lanjutan Tabel 2.3 Agustus 2025 Jan–Agt 2025 Agustu",auto,auto_labeled_needs_validation
Q041,DOC09_IMPOR,recursive,8,1,score=0.195 hits=1/5 pages=[?] page_match=False ev_type=paragraph_table | preview: (re-ekspor). 4.3. Barang-barang di bawah ini tidak termasuk di dalam statistik impor: a. Pakaian dan barang-barang perhi,auto,auto_labeled_needs_validation
Q041,DOC09_IMPOR,recursive,46,1,"score=0.195 hits=1/5 pages=[?] page_match=False ev_type=paragraph_table | preview: – 5.894 – 124.312 02102000 Meat of bovine animals, salted, in brine, dried or smoked 02109300 Meat and edible meat offal",auto,auto_labeled_needs_validation
Q041,DOC09_IMPOR,recursive,414,1,"score=0.195 hits=1/5 pages=[?] page_match=False ev_type=paragraph_table | preview: – 5.000 – 7.525 38248700 Goods specified in Subhead Note 3, contain perfluorooctane sulphonic acid, its salts, sulphonam",auto,auto_labeled_needs_validation
Q042,DOC09_IMPOR,element,22,2,"score=0.697 hits=4/4 pages=[21] page_match=True ev_type=paragraph | preview: RINGKASAN  Total nilai impor Indonesia Agustus 2025 mencapai US$19.475,2 juta, yang terdiri dari migas senilai US$2.732,",auto,auto_labeled_needs_validation
Q042,DOC09_IMPOR,element,24,1,"score=0.336 hits=1/4 pages=[21] page_match=True ev_type=paragraph | preview: RINGKASAN  Pada Agustus 2025, volume impor tercatat 19.944,3 ribu ton, terdiri dari volume impor migas 4.573,5 ribu ton ",auto,auto_labeled_needs_validation
Q042,DOC09_IMPOR,element,32,1,"score=0.306 hits=1/4 pages=[23,24] page_match=False ev_type=paragraph | preview: 5  Golongan bahan baku/penolong memberikan peranan terbesar selama Agustus 2025 sebesar 70,08 persen, lebih tinggi dari ",auto,auto_labeled_needs_validation
Q042,DOC09_IMPOR,semantic_maxmin,14,2,"score=0.607 hits=4/4 pages=[?] page_match=False ev_type=paragraph | preview: xv Gambar 1 Infograﬁs Impor Indonesia, Agustus 2025 BAB 1 RINGKASAN Ringkasan RINGKASAN Total nilai impor Indonesia Agus",auto,auto_labeled_needs_validation
Q042,DOC09_IMPOR,semantic_maxmin,20,1,"score=0.272 hits=1/4 pages=[?] page_match=False ev_type=paragraph | preview: Statistik Perdagangan Luar Negeri Bulanan Impor, Agustus 2025 Golongan bahan baku/penolong memberikan peranan terbesar s",auto,auto_labeled_needs_validation
Q042,DOC09_IMPOR,recursive,10,2,score=0.607 hits=4/4 pages=[?] page_match=False ev_type=paragraph | preview: 11. RE-IMPOR Re-impor adalah impor kembali barang dalam negeri yang sebelumnya dicatat sebagai ekspor. xv Gambar 1 Infog,auto,auto_labeled_needs_validation
Q042,DOC09_IMPOR,recursive,18,1,"score=0.299 hits=1/4 pages=[?] page_match=False ev_type=paragraph | preview: 70,08 persen, lebih tinggi dari bulan sebelumnya yang sebesar 68,08 persen. Sementara barang modal memberikan kontribusi",auto,auto_labeled_needs_validation
Q043,DOC09_IMPOR,element,24,2,"score=0.711 hits=4/4 pages=[21] page_match=True ev_type=paragraph_table | preview: RINGKASAN  Pada Agustus 2025, volume impor tercatat 19.944,3 ribu ton, terdiri dari volume impor migas 4.573,5 ribu ton ",auto,auto_labeled_needs_validation
Q043,DOC09_IMPOR,element,26,1,"score=0.294 hits=1/4 pages=[22] page_match=False ev_type=paragraph_table | preview: Tabel 1.2 Perkembangan Volume Impor Migas dan Nonmigas (ribu ton), Agustus 2024–Agustus 2025  https://www.bps.go.id",auto,auto_labeled_needs_validation
Q043,DOC09_IMPOR,element,9,1,"score=0.286 hits=1/4 pages=[11] page_match=False ev_type=paragraph_table | preview: Tabel 1.1 Perkembangan Nilai Impor Migas dan Nonmigas (juta US$), Agustus 2024– Agustus 2025…………………………………………………………………………",auto,auto_labeled_needs_validation
Q043,DOC09_IMPOR,element,22,1,"score=0.272 hits=0/4 pages=[21] page_match=True ev_type=paragraph_table | preview: RINGKASAN  Total nilai impor Indonesia Agustus 2025 mencapai US$19.475,2 juta, yang terdiri dari migas senilai US$2.732,",auto,auto_labeled_needs_validation
Q043,DOC09_IMPOR,semantic_maxmin,17,2,"score=0.446 hits=4/4 pages=[?] page_match=False ev_type=paragraph_table [TABLE]| preview: Tabel 1.1 Perkembangan Nilai Impor Migas dan Nonmigas (juta US$), Agustus 2024–Agustus 2025 Tahun/Bulan Migas Nonmigas T",auto,auto_labeled_needs_validation
Q043,DOC09_IMPOR,semantic_maxmin,5,1,score=0.286 hits=1/4 pages=[?] page_match=False ev_type=paragraph_table | preview: Ringkasan ………………………………………………………………………………………………………… Bab 2. Tabel-Tabel ……………………………………………………………………………………………………… Daftar Pus,auto,auto_labeled_needs_validation
Q043,DOC09_IMPOR,recursive,12,2,"score=0.446 hits=4/4 pages=[?] page_match=False ev_type=paragraph_table [TABLE]| preview: 1.214,0 2.451,9 ─ 3.665,9 18.431,9 22.097,8 November 493,2 2.077,7 ─ 2.570,9 17.197,4 19.768,3 Desember 900,9 2.396,3 ─ ",auto,auto_labeled_needs_validation
Q043,DOC09_IMPOR,recursive,4,1,"score=0.286 hits=1/4 pages=[?] page_match=False ev_type=paragraph_table | preview: Agustus 2025……………………………………………………………………………………………………… Tabel 1.2 Perkembangan Volume Impor Migas dan Nonmigas (ribu ton), A",auto,auto_labeled_needs_validation
Q043,DOC09_IMPOR,recursive,3,1,score=0.268 hits=1/4 pages=[?] page_match=False ev_type=paragraph_table | preview: Kepala Badan Pusat Statistik Amalia Adininggar Widyasanti vii ISSN 2745-6765 Daftar Isi Statistik Perdagangan Luar Neger,auto,auto_labeled_needs_validation
Q044,DOC09_IMPOR,element,32,2,"score=0.768 hits=4/4 pages=[23,24] page_match=True ev_type=paragraph_table | preview: 5  Golongan bahan baku/penolong memberikan peranan terbesar selama Agustus 2025 sebesar 70,08 persen, lebih tinggi dari ",auto,auto_labeled_needs_validation
Q044,DOC09_IMPOR,element,34,1,score=0.407 hits=1/4 pages=[24] page_match=True ev_type=paragraph_table | preview: Agustus 2024 Agustus 2025 Perubahan HS 2 Dijit Nilai CIF (juta US$) Peranan (%) Nilai CIF (juta US$) Peranan (%) thd (%),auto,auto_labeled_needs_validation
Q044,DOC09_IMPOR,element,35,1,"score=0.275 hits=0/4 pages=[24,25] page_match=True ev_type=paragraph_table | preview: Tabel 1.5 Impor Menurut Golongan Barang Harmonized System (HS) 2 Digit,  Agustus 2025  Agustus 2024  6  Statistik Perdag",auto,auto_labeled_needs_validation
Q044,DOC09_IMPOR,element,130,1,"score=0.235 hits=1/4 pages=[75] page_match=False ev_type=paragraph_table | preview: Kode HS Uraian Komoditi Berat Bersih (kg) Agustus 2025 Jan–Agt 2025 (1) (2) (3) (4) 27082000 Pitch coke, obtained from c",auto,auto_labeled_needs_validation
Q044,DOC09_IMPOR,semantic_maxmin,20,2,"score=0.678 hits=4/4 pages=[?] page_match=False ev_type=paragraph_table | preview: Statistik Perdagangan Luar Negeri Bulanan Impor, Agustus 2025 Golongan bahan baku/penolong memberikan peranan terbesar s",auto,auto_labeled_needs_validation
Q044,DOC09_IMPOR,semantic_maxmin,21,1,"score=0.160 hits=1/4 pages=[?] page_match=False ev_type=paragraph_table [TABLE]| preview: Tabel 1.5 Impor Menurut Golongan Barang Harmonized System (HS) 2 Digit, Agustus 2024 dan Agustus 2025 HS 2 Dijit Agustus",auto,auto_labeled_needs_validation
Q044,DOC09_IMPOR,recursive,18,2,"score=0.678 hits=4/4 pages=[?] page_match=False ev_type=paragraph_table | preview: 70,08 persen, lebih tinggi dari bulan sebelumnya yang sebesar 68,08 persen. Sementara barang modal memberikan kontribusi",auto,auto_labeled_needs_validation
Q044,DOC09_IMPOR,recursive,373,1,"score=0.227 hits=1/4 pages=[?] page_match=False ev_type=paragraph_table | preview: 2.208 Statistik Perdagangan Luar Negeri Bulanan Impor, Agustus 2025 Lanjutan Tabel 2.3 Agustus 2025 Jan–Agt 2025 Agustus",auto,auto_labeled_needs_validation
Q045,DOC09_IMPOR,element,35,2,"score=0.592 hits=3/4 pages=[24,25] page_match=True ev_type=paragraph_figure | preview: Tabel 1.5 Impor Menurut Golongan Barang Harmonized System (HS) 2 Digit,  Agustus 2025  Agustus 2024  6  Statistik Perdag",auto,auto_labeled_needs_validation
Q045,DOC09_IMPOR,semantic_maxmin,23,2,"score=0.510 hits=3/4 pages=[?] page_match=False ev_type=paragraph_figure | preview: Tiongkok menempati posisi pertama, yaitu mencapai 36,74 persen (US$7.155,3 juta) dari total impor Indonesia. Negara asal",auto,auto_labeled_needs_validation
Q045,DOC09_IMPOR,semantic_maxmin,25,1,"score=0.075 hits=1/4 pages=[?] page_match=False ev_type=paragraph_figure [TABLE]| preview: Tingginya kontribusi tersebut terutama disumbang oleh Singapura (6,12 persen), Malaysia (5,33 persen), dan Thailand (3,5",auto,auto_labeled_needs_validation
Q045,DOC09_IMPOR,recursive,21,2,"score=0.519 hits=3/4 pages=[?] page_match=False ev_type=paragraph_figure | preview: Apabila dibandingkan dengan bulan yang sama tahun sebelumnya, tiga dari sepuluh komoditi HS 2 dijit mengalami peningkata",auto,auto_labeled_needs_validation
Q045,DOC09_IMPOR,recursive,22,1,"score=0.314 hits=1/4 pages=[?] page_match=False ev_type=paragraph_figure | preview: Serikat 5,14 persen (US$1.000,1 juta), dan Malaysia 5,33 persen (US$1.038,6 juta). Gambar 4 Distribusi Peranan Impor Lim",auto,auto_labeled_needs_validation
Q046,DOC10_MODA,element,15,1,"score=0.652 hits=5/5 pages=[21,22] page_match=False ev_type=paragraph | preview: 2.2 Konsep dan Definisi  Sesuai dengan rekomendasi International Merchandise Trade Statistics (IMTS) 2010, moda transpor",auto,auto_labeled_needs_validation
Q046,DOC10_MODA,element,3,2,"score=0.642 hits=4/5 pages=[5,7] page_match=True ev_type=paragraph | preview: Seta Baehera  Kata  Pengantar  Salah satu aspek penting dalam kegiatan Perdagangan Barang Internasional (ekspor dan impo",auto,auto_labeled_needs_validation
Q046,DOC10_MODA,element,19,1,"score=0.344 hits=2/5 pages=[22,23] page_match=False ev_type=paragraph | preview: 4. Moda Transportasi Lainnya  Moda transportasi lainnya terdiri dari moda pipa, kabel, pos dan self propelled.  4.1. Mod",auto,auto_labeled_needs_validation
Q046,DOC10_MODA,element,12,1,"score=0.280 hits=1/5 pages=[13,15,17] page_match=False ev_type=paragraph | preview: Daftar Gambar  Gambar 3.1 Kontribusi Nilai Ekspor Menurut Moda Transportasi Tahun 2023 dan 2024 ........................",auto,auto_labeled_needs_validation
Q046,DOC10_MODA,semantic_maxmin,15,2,"score=0.568 hits=4/5 pages=[?] page_match=False ev_type=paragraph | preview: 2.2 Konsep dan Definisi Sesuai dengan rekomendasi International Merchandise Trade Statistics (IMTS) 2010, moda transport",auto,auto_labeled_needs_validation
Q046,DOC10_MODA,semantic_maxmin,0,1,"score=0.364 hits=2/5 pages=[?] page_match=False ev_type=paragraph | preview: STATISTIK PERDAGANGAN LUAR NEGERI MENURUT MODA TRANSPORTASI 2023 DAN 2024 Volume 1, 2025 Katalog: 8202045 Katalog: 82020",auto,auto_labeled_needs_validation
Q046,DOC10_MODA,semantic_maxmin,1,1,score=0.280 hits=2/5 pages=[?] page_match=False ev_type=paragraph | preview: Transportasi yang dimaksud merupakan proses perpindahan barang dari batas negara eksportir menuju batas negara importir.,auto,auto_labeled_needs_validation
Q046,DOC10_MODA,semantic_maxmin,5,1,"score=0.280 hits=1/5 pages=[?] page_match=False ev_type=paragraph | preview: Ekspor dan impor tidak hanya menjadi indikator utama aktivitas perdagangan internasional, tetapi juga berperan penting d",auto,auto_labeled_needs_validation
Q046,DOC10_MODA,semantic_maxmin,24,1,score=0.216 hits=2/5 pages=[?] page_match=False ev_type=paragraph | preview: b. Impor adalah kegiatan memasukan barang dan jasa yang dibeli oleh penduduk suatu negara dari penduduk negara lain yang,auto,auto_labeled_needs_validation
Q046,DOC10_MODA,semantic_maxmin,16,1,"score=0.204 hits=1/5 pages=[?] page_match=False ev_type=paragraph | preview: Secara umum, sarana atau moda transportasi dapat diklasifikasikan ke dalam empat kelompok, yaitu transportasi darat, lau",auto,auto_labeled_needs_validation
Q046,DOC10_MODA,recursive,16,2,"score=0.652 hits=5/5 pages=[?] page_match=False ev_type=paragraph | preview: 2.2 Konsep dan Definisi Sesuai dengan rekomendasi International Merchandise Trade Statistics (IMTS) 2010, moda transport",auto,auto_labeled_needs_validation
Q046,DOC10_MODA,recursive,2,2,score=0.552 hits=4/5 pages=[?] page_match=False ev_type=paragraph | preview: Salah satu aspek penting dalam kegiatan Perdagangan Barang Internasional (ekspor dan impor) adalah penggunaan moda trans,auto,auto_labeled_needs_validation
Q046,DOC10_MODA,recursive,22,1,"score=0.260 hits=2/5 pages=[?] page_match=False ev_type=paragraph | preview: Secara garis besar, berikut adalah beberapa konsep dan definisi yang digunakan dalam publikasi ini: a. Ekspor adalah sel",auto,auto_labeled_needs_validation
Q046,DOC10_MODA,recursive,10,1,score=0.256 hits=1/5 pages=[?] page_match=False ev_type=paragraph | preview: Salah satu aspek krusial dalam kelancaran aktivitas ekspor dan impor adalah moda transportasi yang digunakan untuk menga,auto,auto_labeled_needs_validation
Q046,DOC10_MODA,recursive,23,1,score=0.196 hits=1/5 pages=[?] page_match=False ev_type=paragraph | preview: d. Dokumen Pemberitahuan Impor Barang (PIB) adalah dokumen yang diisi oleh importir dan telah diberikan izin bongkar ole,auto,auto_labeled_needs_validation
Q047,DOC10_MODA,element,3,2,"score=0.750 hits=4/4 pages=[5,7] page_match=True ev_type=paragraph | preview: Seta Baehera  Kata  Pengantar  Salah satu aspek penting dalam kegiatan Perdagangan Barang Internasional (ekspor dan impo",auto,auto_labeled_needs_validation
Q047,DOC10_MODA,element,15,1,"score=0.660 hits=4/4 pages=[21,22] page_match=False ev_type=paragraph | preview: 2.2 Konsep dan Definisi  Sesuai dengan rekomendasi International Merchandise Trade Statistics (IMTS) 2010, moda transpor",auto,auto_labeled_needs_validation
Q047,DOC10_MODA,element,19,1,"score=0.562 hits=4/4 pages=[22,23] page_match=False ev_type=paragraph | preview: 4. Moda Transportasi Lainnya  Moda transportasi lainnya terdiri dari moda pipa, kabel, pos dan self propelled.  4.1. Mod",auto,auto_labeled_needs_validation
Q047,DOC10_MODA,element,8,1,score=0.505 hits=3/4 pages=[9] page_match=False ev_type=paragraph | preview: 1.2 Tujuan .............................................................................................................,auto,auto_labeled_needs_validation
Q047,DOC10_MODA,element,61,1,"score=0.493 hits=3/4 pages=[48,49] page_match=False ev_type=paragraph | preview: Tabel 4.4 Impor Menurut Golongan Barang, 2023 dan 2024  34  Statistik Perdagangan Luar Negeri Menurut Moda Transportasi ",auto,auto_labeled_needs_validation
Q047,DOC10_MODA,element,12,1,"score=0.484 hits=3/4 pages=[13,15,17] page_match=False ev_type=paragraph | preview: Daftar Gambar  Gambar 3.1 Kontribusi Nilai Ekspor Menurut Moda Transportasi Tahun 2023 dan 2024 ........................",auto,auto_labeled_needs_validation
Q047,DOC10_MODA,element,35,1,score=0.484 hits=3/4 pages=[35] page_match=False ev_type=paragraph | preview: 3.4 Ekspor Indonesia Menurut Moda Transportasi dan Pelabuhan Muat Tahun 2023 dan 2024  Jika dilihat berdasarkan pelabuha,auto,auto_labeled_needs_validation
Q047,DOC10_MODA,element,40,1,score=0.484 hits=3/4 pages=[38] page_match=False ev_type=paragraph | preview: 3.5 Ekspor Indonesia Menurut Moda Transportasi dan Negara Tujuan Tahun 2023 dan 2024  Negara tujuan utama ekspor dengan ,auto,auto_labeled_needs_validation
Q047,DOC10_MODA,element,10,1,score=0.475 hits=3/4 pages=[11] page_match=False ev_type=paragraph | preview: Tabel 3.1 Ekspor Indonesia menurut Moda Transportasi Tahun 2023 dan 2024 ......................................... 14 Ta,auto,auto_labeled_needs_validation
Q047,DOC10_MODA,element,21,1,"score=0.435 hits=3/4 pages=[26] page_match=False ev_type=paragraph | preview: EKSPOR MENURUT MODA TRANSPORTASI TAHUN 2024  .  |  4  0,01“  5  4,667 w ” dk. 1 P3  4  “share nilai (Yo)  UDARA  LAUT  D",auto,auto_labeled_needs_validation
Q047,DOC10_MODA,element,50,1,"score=0.435 hits=3/4 pages=[43,44] page_match=False ev_type=paragraph | preview: Total impor 2024 mencapai US$235,199,6 juta meningkat 5,42 persen dibandingkan tahun 2023. Nilai impor yang masuk melalu",auto,auto_labeled_needs_validation
Q047,DOC10_MODA,element,66,1,"score=0.415 hits=2/4 pages=[50,51] page_match=False ev_type=paragraph | preview: 4.5 Moda Transportasi Laut  Dari sisi biaya angkut, distribusi barang dengan menggunakan moda transportasi laut dinilai ",auto,auto_labeled_needs_validation
Q047,DOC10_MODA,element,53,1,"score=0.385 hits=3/4 pages=[45,46] page_match=False ev_type=paragraph | preview: 4.2 Pelabuhan Bongkar Utama Impor Indonesia  Aktivitas impor Indonesia tahun 2024 sebagaimana tahun sebelumnya masih ber",auto,auto_labeled_needs_validation
Q047,DOC10_MODA,element,27,1,"score=0.375 hits=2/4 pages=[29,30] page_match=False ev_type=paragraph | preview: Gambar 3.2 Komposisi Ekpor Komoditas Migas menurut Moda Transportasi, 2023 dan 2024  Gambar 3.2 menunjukkan bahwa komodi",auto,auto_labeled_needs_validation
Q047,DOC10_MODA,element,29,1,"score=0.375 hits=2/4 pages=[30,31] page_match=False ev_type=paragraph | preview: Tabel 3.2 Ekspor Indonesia menurut Moda Transportasi dan Jenis Komoditas, 2023 dan 2024  Tahun 2024 ekspor nonmigas mela",auto,auto_labeled_needs_validation
Q047,DOC10_MODA,element,48,1,"score=0.375 hits=2/4 pages=[42,43] page_match=False ev_type=paragraph | preview: Total impor 2024 mencapai US$235,199,6 juta meningkat 5,42 persen dibandingkan tahun 2023. Nilai impor yang masuk melalu",auto,auto_labeled_needs_validation
Q047,DOC10_MODA,element,54,1,score=0.375 hits=2/4 pages=[46] page_match=False ev_type=paragraph | preview: 4.2 Pelabuhan Bongkar Utama Impor Indonesia  Posisi ketiga adalah Cengkareng/Sukarno Hatta yang menjadi satu-satunya pel,auto,auto_labeled_needs_validation
Q047,DOC10_MODA,element,31,1,score=0.353 hits=2/4 pages=[32] page_match=False ev_type=paragraph | preview: 3.3 Ekspor Indonesia Menurut Moda Transportasi dan Provinsi Muat Tahun 2023 dan 2024  Ekspor Indonesia pada tahun 2024 d,auto,auto_labeled_needs_validation
Q047,DOC10_MODA,element,145,1,score=0.344 hits=4/4 pages=[92] page_match=False ev_type=paragraph [TABLE]| preview: Moda Perubahan Netto (kg) FOB (US$) Perubahan HS Deskripsi 2024 2024 2023 % 2023 % Transportasi 2 Digit (8) (5) (6) (3) ,auto,auto_labeled_needs_validation
Q047,DOC10_MODA,element,147,1,score=0.344 hits=4/4 pages=[93] page_match=False ev_type=paragraph [TABLE]| preview: Moda Netto (kg) Perubahan FOB (US$) Perubahan HS Deskripsi Transportasi 2023 2024 % 2023 2024 % (1) (2) (3) (4) (5) (6) ,auto,auto_labeled_needs_validation
Q047,DOC10_MODA,element,149,1,score=0.344 hits=4/4 pages=[94] page_match=False ev_type=paragraph [TABLE]| preview: Moda Perubahan Netto (kg) FOB (US$) Perubahan HS Deskripsi % 2024 % 2023 2023 Transportasi 2024 (7) (5) (9) (4) (6) (8) ,auto,auto_labeled_needs_validation
Q047,DOC10_MODA,element,13,1,"score=0.335 hits=2/4 pages=[17,18] page_match=False ev_type=paragraph | preview: Daftar Gambar  Pemahaman yang mendalam mengenai peran dan perkembangan moda transportasi dalam ekspor dan impor sangat p",auto,auto_labeled_needs_validation
Q047,DOC10_MODA,element,23,1,"score=0.335 hits=2/4 pages=[27,28] page_match=False ev_type=paragraph | preview: Gambar 3.1 Kontribusi Nilai Ekspor menurut Moda Transportasi, 2023 dan 2024  Pada tahun 2024, nilai ekspor dengan moda t",auto,auto_labeled_needs_validation
Q047,DOC10_MODA,element,16,1,score=0.325 hits=2/4 pages=[22] page_match=False ev_type=paragraph | preview: 1. Moda Transportasi Udara  Moda transportasi udara adalah transportasi yang menggunakan udara sebagai jalurnya. Moda in,auto,auto_labeled_needs_validation
Q047,DOC10_MODA,element,18,1,score=0.325 hits=2/4 pages=[22] page_match=False ev_type=paragraph | preview: 3. Moda Transportasi Darat  Transportasi darat adalah segala bentuk transportasi yang menggunakan jalan dan jalur kereta,auto,auto_labeled_needs_validation
Q047,DOC10_MODA,semantic_maxmin,1,2,score=0.660 hits=4/4 pages=[?] page_match=False ev_type=paragraph | preview: Transportasi yang dimaksud merupakan proses perpindahan barang dari batas negara eksportir menuju batas negara importir.,auto,auto_labeled_needs_validation
Q047,DOC10_MODA,semantic_maxmin,16,2,"score=0.660 hits=4/4 pages=[?] page_match=False ev_type=paragraph | preview: Secara umum, sarana atau moda transportasi dapat diklasifikasikan ke dalam empat kelompok, yaitu transportasi darat, lau",auto,auto_labeled_needs_validation
Q047,DOC10_MODA,semantic_maxmin,18,2,score=0.544 hits=4/4 pages=[?] page_match=False ev_type=paragraph | preview: 1. Moda Transportasi Udara Moda transportasi udara adalah transportasi yang menggunakan udara sebagai jalurnya. Moda ini,auto,auto_labeled_needs_validation
Q047,DOC10_MODA,semantic_maxmin,32,1,"score=0.502 hits=3/4 pages=[?] page_match=False ev_type=paragraph | preview: Tabel 3.2 Ekspor Indonesia menurut Moda Transportasi dan Jenis Komoditas, 2023 dan 2024 Komoditas Moda Transportasi Bera",auto,auto_labeled_needs_validation
Q047,DOC10_MODA,semantic_maxmin,4,1,score=0.484 hits=3/4 pages=[?] page_match=False ev_type=paragraph | preview: ... 4.3 Golongan Barang Utama Impor Indonesia………………………………………………... 4.4 Moda Transportasi Udara……………………………………………………………………,auto,auto_labeled_needs_validation
Q047,DOC10_MODA,semantic_maxmin,17,1,"score=0.453 hits=3/4 pages=[?] page_match=False ev_type=paragraph | preview: Air 2.1 Laut 2.2 Sungai 3. Darat 3.1 Kereta api 3.2 Jalan raya 4. Lainnya, yang tidak diklasifikasikan 4.1 Pipa dan kabe",auto,auto_labeled_needs_validation
Q047,DOC10_MODA,semantic_maxmin,21,1,"score=0.435 hits=3/4 pages=[?] page_match=False ev_type=paragraph | preview: Moda Transportasi Lainnya Moda transportasi lainnya terdiri dari moda pipa, kabel, pos dan self propelled. 4.1. Moda pip",auto,auto_labeled_needs_validation
Q047,DOC10_MODA,semantic_maxmin,27,1,"score=0.435 hits=3/4 pages=[?] page_match=False ev_type=paragraph | preview: Bab III Ulasan Ekspor UDARA DARAT Berat Nilai US$12.407,0 juta (YoY) 154,6 ribu ton (YoY) LAUT Berat Nilai US$251.875,9 ",auto,auto_labeled_needs_validation
Q047,DOC10_MODA,semantic_maxmin,37,1,"score=0.393 hits=4/4 pages=[?] page_match=False ev_type=paragraph [TABLE]| preview: Dibandingkan dengan tahun 2023 nilai ekspor dengan menggunakan moda transportasi pos dari Bali naik sebesar 1,03 persen ",auto,auto_labeled_needs_validation
Q047,DOC10_MODA,semantic_maxmin,43,1,"score=0.393 hits=4/4 pages=[?] page_match=False ev_type=paragraph [TABLE]| preview: Urutan kedua adalah Bandara Ngurah Rai dengan nilai US$3,2 juta atau setara 22,20 persen dari total nilai ekspor dengan ",auto,auto_labeled_needs_validation
Q047,DOC10_MODA,semantic_maxmin,61,1,score=0.376 hits=3/4 pages=[?] page_match=False ev_type=paragraph | preview: Pada 2024 pelabuhan Tanjung Priok masih menjadi pelabuhan laut utama masuknya barang impor dibandingkan pelabuhan lainny,auto,auto_labeled_needs_validation
Q047,DOC10_MODA,semantic_maxmin,31,1,"score=0.375 hits=2/4 pages=[?] page_match=False ev_type=paragraph | preview: Nilai ekspor nonmigas tercatat naik 2,89 persen, dari US$243,6 miliar pada tahun 2023 menjadi US$250,7 miliar pada tahun",auto,auto_labeled_needs_validation
Q047,DOC10_MODA,semantic_maxmin,48,1,score=0.375 hits=2/4 pages=[?] page_match=False ev_type=paragraph | preview: Ulasan Impor 4.1 Impor Indonesia menurut Jenis dan Moda Transportasi Selama tahun 2024 total impor Indonesia mengalami p,auto,auto_labeled_needs_validation
Q047,DOC10_MODA,semantic_maxmin,38,1,"score=0.365 hits=2/4 pages=[?] page_match=False ev_type=paragraph | preview: Pada tahun 2024, nilai ekspor dari pelabuhan tersebut mencapai US$20,8 miliar atau naik 21,67 persen, sedangkan berat ek",auto,auto_labeled_needs_validation
Q047,DOC10_MODA,semantic_maxmin,58,1,"score=0.365 hits=2/4 pages=[?] page_match=False ev_type=paragraph | preview: Sama halnya dengan moda transportasi laut dan udara, nilai impor komoditas nonmigas dengan moda transportasi pipa/kabel,",auto,auto_labeled_needs_validation
Q047,DOC10_MODA,semantic_maxmin,72,1,"score=0.365 hits=2/4 pages=[?] page_match=False ev_type=paragraph | preview: Golongan barang impor menggunakan moda transportasi udara lainnya yang juga mengalami peningkatan tinggi, yakni mesin/pe",auto,auto_labeled_needs_validation
Q047,DOC10_MODA,semantic_maxmin,47,1,"score=0.344 hits=4/4 pages=[?] page_match=False ev_type=paragraph [TABLE]| preview: Tabel 3.5 Ekspor Indonesia Menurut Moda Transportasi dan Negara Tujuan, 2023 dan 2024 Moda Transportasi Negara Tujuan Be",auto,auto_labeled_needs_validation
Q047,DOC10_MODA,semantic_maxmin,86,1,"score=0.344 hits=4/4 pages=[?] page_match=False ev_type=paragraph [TABLE]| preview: Rep. Of 2.394.059.054 2.523.283.401 12,09 491.132.013 558.706.061 2.231.081.572 2.382.576.344 12,27 487.990.177 556.244.",auto,auto_labeled_needs_validation
Q047,DOC10_MODA,semantic_maxmin,51,1,"score=0.325 hits=2/4 pages=[?] page_match=False ev_type=paragraph | preview: Pada 2024 berat barang impor melalui udara mengalami peningkatan yang cukup tinggi yaitu sebesar 120,92 persen. Selain m",auto,auto_labeled_needs_validation
Q047,DOC10_MODA,semantic_maxmin,56,1,"score=0.325 hits=2/4 pages=[?] page_match=False ev_type=paragraph | preview: Impor nonmigas yang masuk ke Indonesia menggunakan berbagai moda transportasi, meliputi moda transportasi laut, udara, p",auto,auto_labeled_needs_validation
Q047,DOC10_MODA,semantic_maxmin,77,1,"score=0.325 hits=2/4 pages=[?] page_match=False ev_type=paragraph | preview: Nilai impor besi dan baja (HS 72) pada 2024 sebesar US$10.708,9 juta. Sementara itu impor tiga golongan lainnya mengalam",auto,auto_labeled_needs_validation
Q047,DOC10_MODA,semantic_maxmin,80,1,"score=0.325 hits=2/4 pages=[?] page_match=False ev_type=paragraph | preview: Terdapat golongan barang lain yang masuk melalui jalan raya namun nilai impornya relatif kecil, yaitu kendaraan dan bagi",auto,auto_labeled_needs_validation
Q047,DOC10_MODA,semantic_maxmin,53,1,"score=0.316 hits=2/4 pages=[?] page_match=False ev_type=paragraph | preview: Sementara itu 0,08 persen komoditas impor migas lainnya masuk menggunakan moda transportasi udara, yaitu senilai US$28,9",auto,auto_labeled_needs_validation
Q047,DOC10_MODA,semantic_maxmin,57,1,"score=0.316 hits=2/4 pages=[?] page_match=False ev_type=paragraph | preview: Nilai tersebut meningkat 3,92 persen dibandingkan tahun sebelumnya. Serupa Ulasan Impor dengan impor menggunakan moda tr",auto,auto_labeled_needs_validation
Q047,DOC10_MODA,semantic_maxmin,76,1,score=0.296 hits=1/4 pages=[?] page_match=False ev_type=paragraph | preview: Ulasan Impor Empat golongan utama dengan nilai terbesar impor Indonesia menggunakan moda transportasi laut adalah bahan ,auto,auto_labeled_needs_validation
Q047,DOC10_MODA,recursive,2,2,score=0.660 hits=4/4 pages=[?] page_match=False ev_type=paragraph | preview: Salah satu aspek penting dalam kegiatan Perdagangan Barang Internasional (ekspor dan impor) adalah penggunaan moda trans,auto,auto_labeled_needs_validation
Q047,DOC10_MODA,recursive,16,2,"score=0.660 hits=4/4 pages=[?] page_match=False ev_type=paragraph | preview: 2.2 Konsep dan Definisi Sesuai dengan rekomendasi International Merchandise Trade Statistics (IMTS) 2010, moda transport",auto,auto_labeled_needs_validation
Q047,DOC10_MODA,recursive,17,2,"score=0.562 hits=4/4 pages=[?] page_match=False ev_type=paragraph | preview: 3. Darat 3.1 Kereta api 3.2 Jalan raya 4. Lainnya, yang tidak diklasifikasikan 4.1 Pipa dan kabel 4.1.1 Pipa 4.1.2 Kabel",auto,auto_labeled_needs_validation
Q047,DOC10_MODA,recursive,11,1,"score=0.484 hits=3/4 pages=[?] page_match=False ev_type=paragraph | preview: Sebagai negara kepulauan, pilihan moda transportasi di Indonesia sangat memengaruhi struktur biaya dan efektivitas pengi",auto,auto_labeled_needs_validation
Q047,DOC10_MODA,recursive,70,1,"score=0.484 hits=3/4 pages=[?] page_match=False ev_type=paragraph | preview: Priok, Tanjung Perak, dan Bandara Soekarno-Hatta. Hal tersebut merupakan salah satu hambatan dalam proses perdagangan da",auto,auto_labeled_needs_validation
Q047,DOC10_MODA,recursive,4,1,"score=0.475 hits=3/4 pages=[?] page_match=False ev_type=paragraph | preview: BAB III. ULASAN EKSPOR 3.1 Ekspor Indonesia Menurut Moda Transportasi, 2023 dan 2024 ... 3.2 Ekspor Indonesia Menurut Mo",auto,auto_labeled_needs_validation
Q047,DOC10_MODA,recursive,6,1,"score=0.475 hits=3/4 pages=[?] page_match=False ev_type=paragraph | preview: Tabel 4.2 Impor Menurut Jenis dan Moda Transportasi, 2023 dan 2024………………………………………………… Tabel 4.3 Impor Menurut Pelabuhan ",auto,auto_labeled_needs_validation
Q047,DOC10_MODA,recursive,28,1,"score=0.444 hits=3/4 pages=[?] page_match=False ev_type=paragraph | preview: Dari sisi volume, ekspor dengan moda transportasi darat juga mengalami peningkatan yaitu sebesar 20,83 persen dari 128,7",auto,auto_labeled_needs_validation
Q047,DOC10_MODA,recursive,7,1,score=0.435 hits=3/4 pages=[?] page_match=False ev_type=paragraph | preview: Tabel 5.2 Ekspor menurut Provinsi Muat dengan Moda Transportasi Udara Tahun 2023 dan 2024 ... Tabel 5.3 Ekspor menurut P,auto,auto_labeled_needs_validation
Q047,DOC10_MODA,recursive,20,1,"score=0.435 hits=3/4 pages=[?] page_match=False ev_type=paragraph | preview: 4. Moda Transportasi Lainnya Moda transportasi lainnya terdiri dari moda pipa, kabel, pos dan self propelled. 4.1. Moda ",auto,auto_labeled_needs_validation
Q047,DOC10_MODA,recursive,26,1,"score=0.435 hits=3/4 pages=[?] page_match=False ev_type=paragraph | preview: Bab III Ulasan Ekspor UDARA DARAT Berat Nilai US$12.407,0 juta (YoY) 154,6 ribu ton (YoY) LAUT Berat Nilai US$251.875,9 ",auto,auto_labeled_needs_validation
Q047,DOC10_MODA,recursive,66,1,score=0.435 hits=3/4 pages=[?] page_match=False ev_type=paragraph | preview: persen dibandingkan tahun sebelumnya. Pada 2024 berat barang impor melalui udara mengalami peningkatan yang cukup tinggi,auto,auto_labeled_needs_validation
Q047,DOC10_MODA,recursive,9,1,"score=0.375 hits=2/4 pages=[?] page_match=False ev_type=paragraph | preview: Gambar 4.2 Impor Menurut Golongan Barang Utama (juta US$), 2023 dan 2024 ... Gambar 4.3 Impor Menggunakan Moda Transport",auto,auto_labeled_needs_validation
Q047,DOC10_MODA,recursive,32,1,score=0.375 hits=2/4 pages=[?] page_match=False ev_type=paragraph | preview: 2024. Negara tujuan utama ekspor migas yang menggunakan moda transportasi laut pada tahun 2024 adalah Singapura sebesar ,auto,auto_labeled_needs_validation
Q047,DOC10_MODA,recursive,46,1,"score=0.375 hits=2/4 pages=[?] page_match=False ev_type=paragraph | preview: 3,2 Total Ekspor 703.740,0 259.527,8 741.741,2 266.529,2 Sumber: Dokumen PEB dan Non-PEB, diolah Ulasan Ekspor 3.4 Ekspo",auto,auto_labeled_needs_validation
Q047,DOC10_MODA,recursive,64,1,score=0.375 hits=2/4 pages=[?] page_match=False ev_type=paragraph | preview: Ulasan Impor 4.1 Impor Indonesia menurut Jenis dan Moda Transportasi Selama tahun 2024 total impor Indonesia mengalami p,auto,auto_labeled_needs_validation
Q047,DOC10_MODA,recursive,69,1,"score=0.375 hits=2/4 pages=[?] page_match=False ev_type=paragraph | preview: Ulasan Impor dengan impor menggunakan moda transportasi laut, nilai impor nonmigas menggunakan moda transportasi udara j",auto,auto_labeled_needs_validation
Q047,DOC10_MODA,recursive,8,1,"score=0.365 hits=2/4 pages=[?] page_match=False ev_type=paragraph | preview: Tabel 5.11 Impor Menurut Negara Asal dan Moda Transportasi, 2023 dan 2024 …………………………………… Tabel 5.12 Impor Menurut Golong",auto,auto_labeled_needs_validation
Q047,DOC10_MODA,recursive,78,1,"score=0.365 hits=2/4 pages=[?] page_match=False ev_type=paragraph | preview: Gambar 4.3 Impor Menggunakan Moda Transportasi Udara Menurut Golongan Barang (juta US$), 2023 dan 2024 Peningkatan impor",auto,auto_labeled_needs_validation
Q047,DOC10_MODA,recursive,39,1,"score=0.344 hits=2/4 pages=[?] page_match=False ev_type=paragraph | preview: masing mengalami kenaikan sebesar 3,51 persen dan 8,97 persen secara year on year. Tabel 3.3 menyajikan data nilai dan b",auto,auto_labeled_needs_validation
Q047,DOC10_MODA,recursive,204,1,"score=0.344 hits=4/4 pages=[?] page_match=False ev_type=paragraph [TABLE]| preview: Serat tekstil nabati lainnya Filamen buatan Serat stapel buatan Kain kempa, benang khusus, dan benang pintal Karpet dan ",auto,auto_labeled_needs_validation
Q047,DOC10_MODA,recursive,211,1,"score=0.344 hits=4/4 pages=[?] page_match=False ev_type=paragraph [TABLE]| preview: 27.055.357 14,38 368.009 321.736 Udara 2,34 106.854.081 104.408.952 29,50 26.838.396 20.724.883 2,40 101.247.229 98.870.",auto,auto_labeled_needs_validation
Q047,DOC10_MODA,recursive,13,1,score=0.335 hits=2/4 pages=[?] page_match=False ev_type=paragraph | preview: Statistik Perdagangan Luar Negeri Menurut Moda Transportasi 2023 dan 2024 1.3 Ruang Lingkup Publikasi ini mencakup data ,auto,auto_labeled_needs_validation
Q047,DOC10_MODA,recursive,18,1,score=0.325 hits=2/4 pages=[?] page_match=False ev_type=paragraph | preview: 2. Moda Transportasi Laut Transportasi laut merupakan moda yang menggunakan jalur wilayah perairan. Moda transportasi in,auto,auto_labeled_needs_validation
Q047,DOC10_MODA,recursive,19,1,score=0.325 hits=2/4 pages=[?] page_match=False ev_type=paragraph | preview: 3. Moda Transportasi Darat Transportasi darat adalah segala bentuk transportasi yang menggunakan jalan dan jalur kereta ,auto,auto_labeled_needs_validation
Q048,DOC10_MODA,element,3,2,"score=0.700 hits=5/6 pages=[5,7] page_match=True ev_type=paragraph | preview: Seta Baehera  Kata  Pengantar  Salah satu aspek penting dalam kegiatan Perdagangan Barang Internasional (ekspor dan impo",auto,auto_labeled_needs_validation
Q048,DOC10_MODA,element,20,1,"score=0.505 hits=5/6 pages=[23,24,25,26] page_match=False ev_type=paragraph | preview: 4. Moda Transportasi Lainnya  Metodologi  Metodologi  9  10  (WCO) dengan tujuan untuk mempermudah penentuan tarif, tran",auto,auto_labeled_needs_validation
Q048,DOC10_MODA,element,10,1,score=0.447 hits=4/6 pages=[11] page_match=False ev_type=paragraph | preview: Tabel 3.1 Ekspor Indonesia menurut Moda Transportasi Tahun 2023 dan 2024 ......................................... 14 Ta,auto,auto_labeled_needs_validation
Q048,DOC10_MODA,element,36,1,"score=0.440 hits=4/6 pages=[36] page_match=False ev_type=paragraph | preview: 3.4 Ekspor Indonesia Menurut Moda Transportasi dan Pelabuhan Muat Tahun 2023 dan 2024  naik 13,92 persen dari tahun 2023",auto,auto_labeled_needs_validation
Q048,DOC10_MODA,element,35,1,score=0.374 hits=3/6 pages=[35] page_match=False ev_type=paragraph | preview: 3.4 Ekspor Indonesia Menurut Moda Transportasi dan Pelabuhan Muat Tahun 2023 dan 2024  Jika dilihat berdasarkan pelabuha,auto,auto_labeled_needs_validation
Q048,DOC10_MODA,element,27,1,"score=0.346 hits=3/6 pages=[29,30] page_match=False ev_type=paragraph | preview: Gambar 3.2 Komposisi Ekpor Komoditas Migas menurut Moda Transportasi, 2023 dan 2024  Gambar 3.2 menunjukkan bahwa komodi",auto,auto_labeled_needs_validation
Q048,DOC10_MODA,element,29,1,"score=0.346 hits=3/6 pages=[30,31] page_match=False ev_type=paragraph | preview: Tabel 3.2 Ekspor Indonesia menurut Moda Transportasi dan Jenis Komoditas, 2023 dan 2024  Tahun 2024 ekspor nonmigas mela",auto,auto_labeled_needs_validation
Q048,DOC10_MODA,element,30,1,"score=0.346 hits=3/6 pages=[31,32] page_match=False ev_type=paragraph | preview: Gambar 3.3 Kontribusi Nilai Ekspor Nonmigas menurut Moda Transportasi,  Nilai ekspor nonmigas Indonesia melalui moda tra",auto,auto_labeled_needs_validation
Q048,DOC10_MODA,element,41,1,"score=0.326 hits=3/6 pages=[38,39] page_match=False ev_type=paragraph | preview: 3.5 Ekspor Indonesia Menurut Moda Transportasi dan Negara Tujuan Tahun 2023 dan 2024  Statistik Perdagangan Luar Negeri ",auto,auto_labeled_needs_validation
Q048,DOC10_MODA,element,48,1,"score=0.326 hits=3/6 pages=[42,43] page_match=False ev_type=paragraph | preview: Total impor 2024 mencapai US$235,199,6 juta meningkat 5,42 persen dibandingkan tahun 2023. Nilai impor yang masuk melalu",auto,auto_labeled_needs_validation
Q048,DOC10_MODA,element,54,1,score=0.326 hits=3/6 pages=[46] page_match=False ev_type=paragraph | preview: 4.2 Pelabuhan Bongkar Utama Impor Indonesia  Posisi ketiga adalah Cengkareng/Sukarno Hatta yang menjadi satu-satunya pel,auto,auto_labeled_needs_validation
Q048,DOC10_MODA,element,37,1,score=0.323 hits=3/6 pages=[36] page_match=False ev_type=paragraph | preview: 3.4 Ekspor Indonesia Menurut Moda Transportasi dan Pelabuhan Muat Tahun 2023 dan 2024  Pada tahun 2024 ekspor dengan mod,auto,auto_labeled_needs_validation
Q048,DOC10_MODA,element,40,1,score=0.323 hits=3/6 pages=[38] page_match=False ev_type=paragraph | preview: 3.5 Ekspor Indonesia Menurut Moda Transportasi dan Negara Tujuan Tahun 2023 dan 2024  Negara tujuan utama ekspor dengan ,auto,auto_labeled_needs_validation
Q048,DOC10_MODA,element,50,1,"score=0.323 hits=3/6 pages=[43,44] page_match=False ev_type=paragraph | preview: Total impor 2024 mencapai US$235,199,6 juta meningkat 5,42 persen dibandingkan tahun 2023. Nilai impor yang masuk melalu",auto,auto_labeled_needs_validation
Q048,DOC10_MODA,element,52,1,"score=0.323 hits=3/6 pages=[44,45] page_match=False ev_type=paragraph | preview: Total impor 2024 mencapai US$235,199,6 juta meningkat 5,42 persen dibandingkan tahun 2023. Nilai impor yang masuk melalu",auto,auto_labeled_needs_validation
Q048,DOC10_MODA,element,45,1,"score=0.305 hits=3/6 pages=[40] page_match=False ev_type=paragraph | preview: 2023 Moda Negara Tujuan Berat Nilai (ribu ton) (juta US$) (1) (2) (3) (4) 128,7 99,2 Timor Leste 116,9 59,5 Malaysia 10,",auto,auto_labeled_needs_validation
Q048,DOC10_MODA,element,38,1,score=0.301 hits=3/6 pages=[37] page_match=False ev_type=paragraph | preview: Moda 2023 2024 Pelabuhan Muat Berat Nilai (Ribu Berat Nilai (ribu ton) (juta US$) (ribu ton) (1) (2) (3) (4) (5) (6) 699,auto,auto_labeled_needs_validation
Q048,DOC10_MODA,element,227,1,score=0.301 hits=3/6 pages=[133] page_match=False ev_type=paragraph | preview: Negara Asal/ Moda (1) (2) Guinea Bissau Laut Cook Islands Laut Udara Åland Islands Pos Pitcairn Laut Udara French Southe,auto,auto_labeled_needs_validation
Q048,DOC10_MODA,element,8,1,score=0.297 hits=2/6 pages=[9] page_match=False ev_type=paragraph | preview: 1.2 Tujuan .............................................................................................................,auto,auto_labeled_needs_validation
Q048,DOC10_MODA,element,12,1,"score=0.290 hits=2/6 pages=[13,15,17] page_match=False ev_type=paragraph | preview: Daftar Gambar  Gambar 3.1 Kontribusi Nilai Ekspor Menurut Moda Transportasi Tahun 2023 dan 2024 ........................",auto,auto_labeled_needs_validation
Q048,DOC10_MODA,element,70,1,score=0.276 hits=2/6 pages=[52] page_match=False ev_type=paragraph | preview: 4.6 Moda Transportasi Darat  Impor menggunakan moda transportasi darat masuk melalui Provinsi Kalimantan Barat yang berb,auto,auto_labeled_needs_validation
Q048,DOC10_MODA,element,66,1,"score=0.263 hits=2/6 pages=[50,51] page_match=False ev_type=paragraph | preview: 4.5 Moda Transportasi Laut  Dari sisi biaya angkut, distribusi barang dengan menggunakan moda transportasi laut dinilai ",auto,auto_labeled_needs_validation
Q048,DOC10_MODA,element,53,1,"score=0.256 hits=2/6 pages=[45,46] page_match=False ev_type=paragraph | preview: 4.2 Pelabuhan Bongkar Utama Impor Indonesia  Aktivitas impor Indonesia tahun 2024 sebagaimana tahun sebelumnya masih ber",auto,auto_labeled_needs_validation
Q048,DOC10_MODA,element,31,1,score=0.243 hits=2/6 pages=[32] page_match=False ev_type=paragraph | preview: 3.3 Ekspor Indonesia Menurut Moda Transportasi dan Provinsi Muat Tahun 2023 dan 2024  Ekspor Indonesia pada tahun 2024 d,auto,auto_labeled_needs_validation
Q048,DOC10_MODA,element,61,1,"score=0.236 hits=2/6 pages=[48,49] page_match=False ev_type=paragraph | preview: Tabel 4.4 Impor Menurut Golongan Barang, 2023 dan 2024  34  Statistik Perdagangan Luar Negeri Menurut Moda Transportasi ",auto,auto_labeled_needs_validation
Q048,DOC10_MODA,semantic_maxmin,1,2,score=0.606 hits=5/6 pages=[?] page_match=False ev_type=paragraph | preview: Transportasi yang dimaksud merupakan proses perpindahan barang dari batas negara eksportir menuju batas negara importir.,auto,auto_labeled_needs_validation
Q048,DOC10_MODA,semantic_maxmin,4,2,score=0.541 hits=5/6 pages=[?] page_match=False ev_type=paragraph | preview: ... 4.3 Golongan Barang Utama Impor Indonesia………………………………………………... 4.4 Moda Transportasi Udara……………………………………………………………………,auto,auto_labeled_needs_validation
Q048,DOC10_MODA,semantic_maxmin,26,2,score=0.501 hits=5/6 pages=[?] page_match=False ev_type=paragraph | preview: Kode HS merupakan suatu kode dan bahasa ekonomi universal untuk barang serta alat yang sangat diperlukan dalam perdagang,auto,auto_labeled_needs_validation
Q048,DOC10_MODA,semantic_maxmin,86,1,"score=0.408 hits=6/6 pages=[?] page_match=False ev_type=paragraph [TABLE]| preview: Rep. Of 2.394.059.054 2.523.283.401 12,09 491.132.013 558.706.061 2.231.081.572 2.382.576.344 12,27 487.990.177 556.244.",auto,auto_labeled_needs_validation
Q048,DOC10_MODA,semantic_maxmin,38,1,"score=0.363 hits=3/6 pages=[?] page_match=False ev_type=paragraph | preview: Pada tahun 2024, nilai ekspor dari pelabuhan tersebut mencapai US$20,8 miliar atau naik 21,67 persen, sedangkan berat ek",auto,auto_labeled_needs_validation
Q048,DOC10_MODA,semantic_maxmin,32,1,"score=0.361 hits=3/6 pages=[?] page_match=False ev_type=paragraph | preview: Tabel 3.2 Ekspor Indonesia menurut Moda Transportasi dan Jenis Komoditas, 2023 dan 2024 Komoditas Moda Transportasi Bera",auto,auto_labeled_needs_validation
Q048,DOC10_MODA,semantic_maxmin,31,1,"score=0.346 hits=3/6 pages=[?] page_match=False ev_type=paragraph | preview: Nilai ekspor nonmigas tercatat naik 2,89 persen, dari US$243,6 miliar pada tahun 2023 menjadi US$250,7 miliar pada tahun",auto,auto_labeled_needs_validation
Q048,DOC10_MODA,semantic_maxmin,41,1,"score=0.336 hits=3/6 pages=[?] page_match=False ev_type=paragraph | preview: Dari sisi beratnya, ekspor dari pelabuhan tersebut juga mengalami penurunan, dari Pelabuhan Tarempa beratnya turun sebes",auto,auto_labeled_needs_validation
Q048,DOC10_MODA,semantic_maxmin,46,1,"score=0.323 hits=3/6 pages=[?] page_match=False ev_type=paragraph | preview: Masing-masing negara tersebut nilainya sebesar 13,10 persen atau setara US$1,6 miliar nilai ekspornya ditujukan ke Hongk",auto,auto_labeled_needs_validation
Q048,DOC10_MODA,semantic_maxmin,69,1,"score=0.299 hits=3/6 pages=[?] page_match=False ev_type=paragraph | preview: Gambar 4.2 Impor Menurut Golongan Barang Utama (juta US$), 2023 dan 2024 10.000 20.000 30.000 40.000 50.000 juta US$ Kod",auto,auto_labeled_needs_validation
Q048,DOC10_MODA,semantic_maxmin,67,1,"score=0.289 hits=3/6 pages=[?] page_match=False ev_type=paragraph | preview: Berat impor di pelabuhan Batu Ampar tahun ini mencapai 2.640,5 ribu ton dan di Morowali sebesar 29.339,1 ribu ton. Impor",auto,auto_labeled_needs_validation
Q048,DOC10_MODA,semantic_maxmin,65,1,"score=0.281 hits=3/6 pages=[?] page_match=False ev_type=paragraph | preview: Nilai impor yang dibongkar di pelabuhan ini sebesar US$20.652,3 juta atau 8,78 persen, mengalami peningkatan sebesar 5,5",auto,auto_labeled_needs_validation
Q048,DOC10_MODA,semantic_maxmin,45,1,"score=0.272 hits=3/6 pages=[?] page_match=False ev_type=paragraph | preview: Nilai ekspor tahun 2024 tujuan Amerika Serikat, jika dibandingkan tahun 2023 naik sebesar 13,04 persen sedangkan beratny",auto,auto_labeled_needs_validation
Q048,DOC10_MODA,semantic_maxmin,3,1,score=0.267 hits=2/6 pages=[?] page_match=False ev_type=paragraph | preview: METODOLOGI 2.1 Data dan Sumber Data... 2.2 Konsep dan Definisi ... BAB III. ULASAN EKSPOR 3.1 Ekspor Indonesia Menurut M,auto,auto_labeled_needs_validation
Q048,DOC10_MODA,semantic_maxmin,80,1,"score=0.253 hits=2/6 pages=[?] page_match=False ev_type=paragraph | preview: Terdapat golongan barang lain yang masuk melalui jalan raya namun nilai impornya relatif kecil, yaitu kendaraan dan bagi",auto,auto_labeled_needs_validation
Q048,DOC10_MODA,semantic_maxmin,58,1,"score=0.249 hits=2/6 pages=[?] page_match=False ev_type=paragraph | preview: Sama halnya dengan moda transportasi laut dan udara, nilai impor komoditas nonmigas dengan moda transportasi pipa/kabel,",auto,auto_labeled_needs_validation
Q048,DOC10_MODA,semantic_maxmin,39,1,score=0.245 hits=2/6 pages=[?] page_match=False ev_type=paragraph | preview: Kegiatan ekspor menggunakan moda transportasi pipa hanya dilakukan melalui Pelabuhan Tarempa dan Belakang Padang yang te,auto,auto_labeled_needs_validation
Q048,DOC10_MODA,semantic_maxmin,85,1,"score=0.240 hits=4/6 pages=[?] page_match=False ev_type=paragraph [TABLE]| preview: Nilai impor menggunakan pipa/kabel pada 2024 sebesar US$66,9 juta. Tabel 4.9 Impor Menggunakan Moda Transportasi Pipa/Ka",auto,auto_labeled_needs_validation
Q048,DOC10_MODA,semantic_maxmin,48,1,score=0.236 hits=2/6 pages=[?] page_match=False ev_type=paragraph | preview: Ulasan Impor 4.1 Impor Indonesia menurut Jenis dan Moda Transportasi Selama tahun 2024 total impor Indonesia mengalami p,auto,auto_labeled_needs_validation
Q048,DOC10_MODA,semantic_maxmin,27,1,"score=0.225 hits=2/6 pages=[?] page_match=False ev_type=paragraph | preview: Bab III Ulasan Ekspor UDARA DARAT Berat Nilai US$12.407,0 juta (YoY) 154,6 ribu ton (YoY) LAUT Berat Nilai US$251.875,9 ",auto,auto_labeled_needs_validation
Q048,DOC10_MODA,semantic_maxmin,77,1,"score=0.225 hits=2/6 pages=[?] page_match=False ev_type=paragraph | preview: Nilai impor besi dan baja (HS 72) pada 2024 sebesar US$10.708,9 juta. Sementara itu impor tiga golongan lainnya mengalam",auto,auto_labeled_needs_validation
Q048,DOC10_MODA,semantic_maxmin,34,1,"score=0.222 hits=2/6 pages=[?] page_match=False ev_type=paragraph | preview: Ekspor dengan moda transportasi pipa hanya dimuat dari Kepulauan Riau. Tahun 2024 nilai ekspornya tercatat sebesar US$2,",auto,auto_labeled_needs_validation
Q048,DOC10_MODA,semantic_maxmin,36,1,"score=0.222 hits=2/6 pages=[?] page_match=False ev_type=paragraph | preview: Di sisi lain, Papua mencatatkan ekspor sebesar US$5,7 juta atau turun 28,89 persen dibanding tahun 2023. Jika dilihat da",auto,auto_labeled_needs_validation
Q048,DOC10_MODA,semantic_maxmin,79,1,score=0.218 hits=2/6 pages=[?] page_match=False ev_type=paragraph | preview: Moda transportasi darat yang dimaksud adalah jalan raya. Sepanjang tahun 2024 moda transportasi darat didominasi golonga,auto,auto_labeled_needs_validation
Q048,DOC10_MODA,semantic_maxmin,43,1,"score=0.217 hits=4/6 pages=[?] page_match=False ev_type=paragraph [TABLE]| preview: Urutan kedua adalah Bandara Ngurah Rai dengan nilai US$3,2 juta atau setara 22,20 persen dari total nilai ekspor dengan ",auto,auto_labeled_needs_validation
Q048,DOC10_MODA,recursive,2,2,score=0.606 hits=5/6 pages=[?] page_match=False ev_type=paragraph | preview: Salah satu aspek penting dalam kegiatan Perdagangan Barang Internasional (ekspor dan impor) adalah penggunaan moda trans,auto,auto_labeled_needs_validation
Q048,DOC10_MODA,recursive,25,2,score=0.460 hits=5/6 pages=[?] page_match=False ev_type=paragraph | preview: k. Satuan barang yang digunakan dalam statistik perdagangan luar negeri merupakan berat bersih dengan satuan kilogram (k,auto,auto_labeled_needs_validation
Q048,DOC10_MODA,recursive,284,2,score=0.430 hits=4/6 pages=[?] page_match=False ev_type=paragraph | preview: – – Udara 1.533 1.084 Aruba 1.068 Laut Udara Pos – – Lesotho 1.004 Udara 1.004 Wallis And Futuna Islands Udara Bermuda U,auto,auto_labeled_needs_validation
Q048,DOC10_MODA,recursive,46,1,"score=0.370 hits=3/6 pages=[?] page_match=False ev_type=paragraph | preview: 3,2 Total Ekspor 703.740,0 259.527,8 741.741,2 266.529,2 Sumber: Dokumen PEB dan Non-PEB, diolah Ulasan Ekspor 3.4 Ekspo",auto,auto_labeled_needs_validation
Q048,DOC10_MODA,recursive,24,1,score=0.361 hits=3/6 pages=[?] page_match=False ev_type=paragraph | preview: Statistik Perdagangan Luar Negeri Menurut Moda Transportasi 2023 dan 2024 (WCO) dengan tujuan untuk mempermudah penentua,auto,auto_labeled_needs_validation
Q048,DOC10_MODA,recursive,53,1,"score=0.359 hits=3/6 pages=[?] page_match=False ev_type=paragraph | preview: senilai US$1,4 juta, HS 07 (sayuran) senilai US$0,9 juta. Ekspor dari Entikong di Provinsi Kalimantan Barat tahun 2024 s",auto,auto_labeled_needs_validation
Q048,DOC10_MODA,recursive,47,1,"score=0.352 hits=3/6 pages=[?] page_match=False ev_type=paragraph | preview: (mesin/perlengkapan elektrik dan bagiannya) US$5,8 miliar dan HS 64 (alas kaki) US$5,7 miliar, Pelabuhan laut dengan nil",auto,auto_labeled_needs_validation
Q048,DOC10_MODA,recursive,7,1,score=0.350 hits=3/6 pages=[?] page_match=False ev_type=paragraph | preview: Tabel 5.2 Ekspor menurut Provinsi Muat dengan Moda Transportasi Udara Tahun 2023 dan 2024 ... Tabel 5.3 Ekspor menurut P,auto,auto_labeled_needs_validation
Q048,DOC10_MODA,recursive,8,1,"score=0.350 hits=3/6 pages=[?] page_match=False ev_type=paragraph | preview: Tabel 5.11 Impor Menurut Negara Asal dan Moda Transportasi, 2023 dan 2024 …………………………………… Tabel 5.12 Impor Menurut Golong",auto,auto_labeled_needs_validation
Q048,DOC10_MODA,recursive,37,1,"score=0.350 hits=3/6 pages=[?] page_match=False ev_type=paragraph | preview: Tahun 2024 nilai ekspor komoditas nonmigas melalui moda transportasi pos tercatat sebesar US$14,2 juta atau meningkat 0,",auto,auto_labeled_needs_validation
Q048,DOC10_MODA,recursive,31,1,"score=0.346 hits=3/6 pages=[?] page_match=False ev_type=paragraph | preview: menjadi US$250,7 miliar pada tahun 2024. Sementara itu, nilai ekspor migas turun sebesar 0,28 persen yaitu dari US$15.92",auto,auto_labeled_needs_validation
Q048,DOC10_MODA,recursive,36,1,"score=0.343 hits=3/6 pages=[?] page_match=False ev_type=paragraph | preview: Sumber: Dokumen PEB dan Non-PEB, diolah Gambar 3.3 Kontribusi Nilai Ekspor Nonmigas menurut Moda Transportasi, 2023 dan ",auto,auto_labeled_needs_validation
Q048,DOC10_MODA,recursive,35,1,"score=0.339 hits=3/6 pages=[?] page_match=False ev_type=paragraph | preview: Singapura dengan nilai US$1,5 miliar dan berat 15,6 ribu ton, dan Swis dengan nilai US$1,5 miliar dan berat 0,2 ribu ton",auto,auto_labeled_needs_validation
Q048,DOC10_MODA,recursive,50,1,"score=0.339 hits=3/6 pages=[?] page_match=False ev_type=paragraph | preview: (logam mulia dan perhiasan/permata) sebesar US$66,3 juta, HS 62 (pakaian dan aksesorinya (bukan rajutan) sebesar US$64,5",auto,auto_labeled_needs_validation
Q048,DOC10_MODA,recursive,48,1,"score=0.336 hits=3/6 pages=[?] page_match=False ev_type=paragraph | preview: miliar, dan HS 27 (bahan bakar mineral) US$1,7 miliar. Pelabuhan udara utama untuk ekspor menggunakan moda transportasi ",auto,auto_labeled_needs_validation
Q048,DOC10_MODA,recursive,91,1,"score=0.326 hits=3/6 pages=[?] page_match=False ev_type=paragraph | preview: 27160000) yang masuk menggunakan moda pipa/kabel. Impor ini mengalami peningkatan sebesar 10,35 persen atau senilai US$6",auto,auto_labeled_needs_validation
Q048,DOC10_MODA,recursive,32,1,score=0.319 hits=3/6 pages=[?] page_match=False ev_type=paragraph | preview: 2024. Negara tujuan utama ekspor migas yang menggunakan moda transportasi laut pada tahun 2024 adalah Singapura sebesar ,auto,auto_labeled_needs_validation
Q048,DOC10_MODA,recursive,60,1,"score=0.319 hits=3/6 pages=[?] page_match=False ev_type=paragraph | preview: Nilai ekspor terbesar yang menggunakan moda transportasi pos pada tahun 2024 antara lain ditujukan ke Amerika Serikat, J",auto,auto_labeled_needs_validation
Q048,DOC10_MODA,recursive,72,1,score=0.312 hits=3/6 pages=[?] page_match=False ev_type=paragraph | preview: Posisi ketiga adalah Cengkareng/Sukarno Hatta yang menjadi satu-satunya pelabuhan udara dari lima pelabuhan bongkar utam,auto,auto_labeled_needs_validation
Q048,DOC10_MODA,recursive,281,1,score=0.312 hits=3/6 pages=[?] page_match=False ev_type=paragraph | preview: Pos – – Tokelau 2.547 16.983 2.822 39.531 Laut 2.079 8.930 2.535 24.850 Udara 8.053 14.681 Faeroe Islands 2.239 71.007 3,auto,auto_labeled_needs_validation
Q048,DOC10_MODA,recursive,283,1,score=0.312 hits=3/6 pages=[?] page_match=False ev_type=paragraph | preview: Laut Udara 5.370 Niue 416.000 111.117 5.884 Laut 416.000 111.117 5.352 Udara – – Grenada – – 4.386 Udara – – 4.386 Micro,auto,auto_labeled_needs_validation
Q048,DOC10_MODA,recursive,282,1,score=0.301 hits=3/6 pages=[?] page_match=False ev_type=paragraph | preview: Laut 39.848 86.561 2.510 11.997 Udara 3.045 Suriname 27.673 130.243 12.930 Laut 22.533 16.148 Udara 5.140 114.095 12.308,auto,auto_labeled_needs_validation
Q048,DOC10_MODA,recursive,58,1,score=0.299 hits=3/6 pages=[?] page_match=False ev_type=paragraph | preview: Ekspor Indonesia selama kurun waktu tahun 2023 dan 2024 menurut moda transportasi dan negara tujuan dapat dilihat pada T,auto,auto_labeled_needs_validation
Q048,DOC10_MODA,recursive,75,1,score=0.299 hits=3/6 pages=[?] page_match=False ev_type=paragraph | preview: 40.000 50.000 juta US$ Kode HS 2 digit Statistik Perdagangan Luar Negeri Menurut Moda Transportasi 2023 dan 2024 Impor g,auto,auto_labeled_needs_validation
Q048,DOC10_MODA,recursive,57,1,"score=0.296 hits=3/6 pages=[?] page_match=False ev_type=paragraph | preview: Negara tujuan utama ekspor dengan moda transportasi laut tahun 2023 dan 2024 antara lain Tiongkok, Amerika Serikat, Jepa",auto,auto_labeled_needs_validation
Q049,DOC10_MODA,element,13,2,"score=0.790 hits=6/6 pages=[17,18] page_match=True ev_type=paragraph | preview: Daftar Gambar  Pemahaman yang mendalam mengenai peran dan perkembangan moda transportasi dalam ekspor dan impor sangat p",auto,auto_labeled_needs_validation
Q049,DOC10_MODA,element,3,1,"score=0.632 hits=6/6 pages=[5,7] page_match=False ev_type=paragraph | preview: Seta Baehera  Kata  Pengantar  Salah satu aspek penting dalam kegiatan Perdagangan Barang Internasional (ekspor dan impo",auto,auto_labeled_needs_validation
Q049,DOC10_MODA,element,12,2,"score=0.604 hits=5/6 pages=[13,15,17] page_match=True ev_type=paragraph | preview: Daftar Gambar  Gambar 3.1 Kontribusi Nilai Ekspor Menurut Moda Transportasi Tahun 2023 dan 2024 ........................",auto,auto_labeled_needs_validation
Q049,DOC10_MODA,element,10,1,score=0.590 hits=6/6 pages=[11] page_match=False ev_type=paragraph | preview: Tabel 3.1 Ekspor Indonesia menurut Moda Transportasi Tahun 2023 dan 2024 ......................................... 14 Ta,auto,auto_labeled_needs_validation
Q049,DOC10_MODA,element,8,1,score=0.584 hits=6/6 pages=[9] page_match=False ev_type=paragraph | preview: 1.2 Tujuan .............................................................................................................,auto,auto_labeled_needs_validation
Q049,DOC10_MODA,element,20,1,"score=0.584 hits=6/6 pages=[23,24,25,26] page_match=False ev_type=paragraph | preview: 4. Moda Transportasi Lainnya  Metodologi  Metodologi  9  10  (WCO) dengan tujuan untuk mempermudah penentuan tarif, tran",auto,auto_labeled_needs_validation
Q049,DOC10_MODA,element,46,1,"score=0.584 hits=6/6 pages=[40,41] page_match=False ev_type=paragraph | preview: Tabel 3.5 Ekspor Indonesia Menurut Moda Transportasi dan Negara Tujuan, 2023 dan 2024  Transportasi  Darat  Pos  https:/",auto,auto_labeled_needs_validation
Q049,DOC10_MODA,element,14,1,"score=0.539 hits=5/6 pages=[19,21] page_match=False ev_type=paragraph | preview: Daftar Gambar  Bab  https://www.bps.go.id  2.1 Data dan Sumber Data  Data yang digunakan dalam publikasi ini adalah data",auto,auto_labeled_needs_validation
Q049,DOC10_MODA,element,19,1,"score=0.529 hits=5/6 pages=[22,23] page_match=False ev_type=paragraph | preview: 4. Moda Transportasi Lainnya  Moda transportasi lainnya terdiri dari moda pipa, kabel, pos dan self propelled.  4.1. Mod",auto,auto_labeled_needs_validation
Q049,DOC10_MODA,element,40,1,score=0.529 hits=5/6 pages=[38] page_match=False ev_type=paragraph | preview: 3.5 Ekspor Indonesia Menurut Moda Transportasi dan Negara Tujuan Tahun 2023 dan 2024  Negara tujuan utama ekspor dengan ,auto,auto_labeled_needs_validation
Q049,DOC10_MODA,element,41,1,"score=0.509 hits=5/6 pages=[38,39] page_match=False ev_type=paragraph | preview: 3.5 Ekspor Indonesia Menurut Moda Transportasi dan Negara Tujuan Tahun 2023 dan 2024  Statistik Perdagangan Luar Negeri ",auto,auto_labeled_needs_validation
Q049,DOC10_MODA,element,27,1,"score=0.503 hits=5/6 pages=[29,30] page_match=False ev_type=paragraph | preview: Gambar 3.2 Komposisi Ekpor Komoditas Migas menurut Moda Transportasi, 2023 dan 2024  Gambar 3.2 menunjukkan bahwa komodi",auto,auto_labeled_needs_validation
Q049,DOC10_MODA,element,29,1,"score=0.503 hits=5/6 pages=[30,31] page_match=False ev_type=paragraph | preview: Tabel 3.2 Ekspor Indonesia menurut Moda Transportasi dan Jenis Komoditas, 2023 dan 2024  Tahun 2024 ekspor nonmigas mela",auto,auto_labeled_needs_validation
Q049,DOC10_MODA,element,30,1,"score=0.503 hits=5/6 pages=[31,32] page_match=False ev_type=paragraph | preview: Gambar 3.3 Kontribusi Nilai Ekspor Nonmigas menurut Moda Transportasi,  Nilai ekspor nonmigas Indonesia melalui moda tra",auto,auto_labeled_needs_validation
Q049,DOC10_MODA,element,36,1,"score=0.503 hits=5/6 pages=[36] page_match=False ev_type=paragraph | preview: 3.4 Ekspor Indonesia Menurut Moda Transportasi dan Pelabuhan Muat Tahun 2023 dan 2024  naik 13,92 persen dari tahun 2023",auto,auto_labeled_needs_validation
Q049,DOC10_MODA,element,42,1,"score=0.492 hits=5/6 pages=[39] page_match=False ev_type=paragraph | preview: Tabel 3.5 Ekspor Indonesia Menurut Moda Transportasi dan Negara Tujuan, 2023 dan 2024  Moda  Transportasi  (1)  Laut  Ud",auto,auto_labeled_needs_validation
Q049,DOC10_MODA,element,31,1,score=0.448 hits=4/6 pages=[32] page_match=False ev_type=paragraph | preview: 3.3 Ekspor Indonesia Menurut Moda Transportasi dan Provinsi Muat Tahun 2023 dan 2024  Ekspor Indonesia pada tahun 2024 d,auto,auto_labeled_needs_validation
Q049,DOC10_MODA,element,35,1,score=0.448 hits=4/6 pages=[35] page_match=False ev_type=paragraph | preview: 3.4 Ekspor Indonesia Menurut Moda Transportasi dan Pelabuhan Muat Tahun 2023 dan 2024  Jika dilihat berdasarkan pelabuha,auto,auto_labeled_needs_validation
Q049,DOC10_MODA,element,2,1,"score=0.431 hits=4/6 pages=[4,5] page_match=False ev_type=paragraph | preview: Statistik Perdagangan Luar Negeri Menurut Moda Transportasi 2023 dan 2024  Volume  1,  2025  Katalog: 8202045 Nomor Publ",auto,auto_labeled_needs_validation
Q049,DOC10_MODA,element,50,1,"score=0.428 hits=4/6 pages=[43,44] page_match=False ev_type=paragraph | preview: Total impor 2024 mencapai US$235,199,6 juta meningkat 5,42 persen dibandingkan tahun 2023. Nilai impor yang masuk melalu",auto,auto_labeled_needs_validation
Q049,DOC10_MODA,element,25,1,"score=0.422 hits=4/6 pages=[28] page_match=False ev_type=paragraph | preview: Gambar 3.1 Kontribusi Nilai Ekspor menurut Moda Transportasi, 2023 dan 2024  https://www.bps.go.id  Sumber: Dokumen PEB ",auto,auto_labeled_needs_validation
Q049,DOC10_MODA,element,48,1,"score=0.422 hits=4/6 pages=[42,43] page_match=False ev_type=paragraph | preview: Total impor 2024 mencapai US$235,199,6 juta meningkat 5,42 persen dibandingkan tahun 2023. Nilai impor yang masuk melalu",auto,auto_labeled_needs_validation
Q049,DOC10_MODA,element,52,1,"score=0.422 hits=4/6 pages=[44,45] page_match=False ev_type=paragraph | preview: Total impor 2024 mencapai US$235,199,6 juta meningkat 5,42 persen dibandingkan tahun 2023. Nilai impor yang masuk melalu",auto,auto_labeled_needs_validation
Q049,DOC10_MODA,element,54,1,score=0.422 hits=4/6 pages=[46] page_match=False ev_type=paragraph | preview: 4.2 Pelabuhan Bongkar Utama Impor Indonesia  Posisi ketiga adalah Cengkareng/Sukarno Hatta yang menjadi satu-satunya pel,auto,auto_labeled_needs_validation
Q049,DOC10_MODA,element,66,1,"score=0.422 hits=4/6 pages=[50,51] page_match=False ev_type=paragraph | preview: 4.5 Moda Transportasi Laut  Dari sisi biaya angkut, distribusi barang dengan menggunakan moda transportasi laut dinilai ",auto,auto_labeled_needs_validation
Q049,DOC10_MODA,semantic_maxmin,9,2,score=0.700 hits=6/6 pages=[?] page_match=False ev_type=paragraph | preview: 1.2 Tujuan Penyusunan Publikasi Statistik Perdagangan Luar Negeri Menurut Moda Transportasi 2023 dan 2024 bertujuan untu,auto,auto_labeled_needs_validation
Q049,DOC10_MODA,semantic_maxmin,1,2,score=0.627 hits=6/6 pages=[?] page_match=False ev_type=paragraph | preview: Transportasi yang dimaksud merupakan proses perpindahan barang dari batas negara eksportir menuju batas negara importir.,auto,auto_labeled_needs_validation
Q049,DOC10_MODA,semantic_maxmin,0,2,"score=0.616 hits=6/6 pages=[?] page_match=False ev_type=paragraph | preview: STATISTIK PERDAGANGAN LUAR NEGERI MENURUT MODA TRANSPORTASI 2023 DAN 2024 Volume 1, 2025 Katalog: 8202045 Katalog: 82020",auto,auto_labeled_needs_validation
Q049,DOC10_MODA,semantic_maxmin,4,1,score=0.590 hits=6/6 pages=[?] page_match=False ev_type=paragraph | preview: ... 4.3 Golongan Barang Utama Impor Indonesia………………………………………………... 4.4 Moda Transportasi Udara……………………………………………………………………,auto,auto_labeled_needs_validation
Q049,DOC10_MODA,semantic_maxmin,3,1,score=0.584 hits=6/6 pages=[?] page_match=False ev_type=paragraph | preview: METODOLOGI 2.1 Data dan Sumber Data... 2.2 Konsep dan Definisi ... BAB III. ULASAN EKSPOR 3.1 Ekspor Indonesia Menurut M,auto,auto_labeled_needs_validation
Q049,DOC10_MODA,semantic_maxmin,25,1,score=0.584 hits=6/6 pages=[?] page_match=False ev_type=paragraph | preview: Pos Indonesia serta data hasil pendataan ekspor dan impor di beberapa perbatasan laut Indonesia. f. Pencatatan statistik,auto,auto_labeled_needs_validation
Q049,DOC10_MODA,semantic_maxmin,32,1,"score=0.534 hits=5/6 pages=[?] page_match=False ev_type=paragraph | preview: Tabel 3.2 Ekspor Indonesia menurut Moda Transportasi dan Jenis Komoditas, 2023 dan 2024 Komoditas Moda Transportasi Bera",auto,auto_labeled_needs_validation
Q049,DOC10_MODA,semantic_maxmin,46,1,"score=0.534 hits=5/6 pages=[?] page_match=False ev_type=paragraph | preview: Masing-masing negara tersebut nilainya sebesar 13,10 persen atau setara US$1,6 miliar nilai ekspornya ditujukan ke Hongk",auto,auto_labeled_needs_validation
Q049,DOC10_MODA,semantic_maxmin,31,1,"score=0.503 hits=5/6 pages=[?] page_match=False ev_type=paragraph | preview: Nilai ekspor nonmigas tercatat naik 2,89 persen, dari US$243,6 miliar pada tahun 2023 menjadi US$250,7 miliar pada tahun",auto,auto_labeled_needs_validation
Q049,DOC10_MODA,semantic_maxmin,45,1,"score=0.498 hits=5/6 pages=[?] page_match=False ev_type=paragraph | preview: Nilai ekspor tahun 2024 tujuan Amerika Serikat, jika dibandingkan tahun 2023 naik sebesar 13,04 persen sedangkan beratny",auto,auto_labeled_needs_validation
Q049,DOC10_MODA,semantic_maxmin,48,1,score=0.422 hits=4/6 pages=[?] page_match=False ev_type=paragraph | preview: Ulasan Impor 4.1 Impor Indonesia menurut Jenis dan Moda Transportasi Selama tahun 2024 total impor Indonesia mengalami p,auto,auto_labeled_needs_validation
Q049,DOC10_MODA,semantic_maxmin,11,1,score=0.417 hits=4/6 pages=[?] page_match=False ev_type=paragraph | preview: c. Barang-barang berikut ini tidak termasuk dalam statistik perdagangan luar negeri yaitu pakaian dan barang-barang perh,auto,auto_labeled_needs_validation
Q049,DOC10_MODA,semantic_maxmin,44,1,"score=0.417 hits=4/6 pages=[?] page_match=False ev_type=paragraph | preview: Tahun 2024 sebesar 24,58 persen atau senilai US$61,9 miliar nilai ekspor Indonesia dikirim ke Tiongkok dengan menggunaka",auto,auto_labeled_needs_validation
Q049,DOC10_MODA,semantic_maxmin,80,1,"score=0.417 hits=4/6 pages=[?] page_match=False ev_type=paragraph | preview: Terdapat golongan barang lain yang masuk melalui jalan raya namun nilai impornya relatif kecil, yaitu kendaraan dan bagi",auto,auto_labeled_needs_validation
Q049,DOC10_MODA,semantic_maxmin,27,1,"score=0.411 hits=4/6 pages=[?] page_match=False ev_type=paragraph | preview: Bab III Ulasan Ekspor UDARA DARAT Berat Nilai US$12.407,0 juta (YoY) 154,6 ribu ton (YoY) LAUT Berat Nilai US$251.875,9 ",auto,auto_labeled_needs_validation
Q049,DOC10_MODA,semantic_maxmin,29,1,"score=0.411 hits=4/6 pages=[?] page_match=False ev_type=paragraph | preview: 3.2 Ekspor Indonesia menurut Moda Transportasi dan Jenis Komoditas Tahun 2023 dan Secara umum, ekspor Indonesia terbagi ",auto,auto_labeled_needs_validation
Q049,DOC10_MODA,semantic_maxmin,34,1,"score=0.411 hits=4/6 pages=[?] page_match=False ev_type=paragraph | preview: Ekspor dengan moda transportasi pipa hanya dimuat dari Kepulauan Riau. Tahun 2024 nilai ekspornya tercatat sebesar US$2,",auto,auto_labeled_needs_validation
Q049,DOC10_MODA,semantic_maxmin,36,1,"score=0.411 hits=4/6 pages=[?] page_match=False ev_type=paragraph | preview: Di sisi lain, Papua mencatatkan ekspor sebesar US$5,7 juta atau turun 28,89 persen dibanding tahun 2023. Jika dilihat da",auto,auto_labeled_needs_validation
Q049,DOC10_MODA,semantic_maxmin,38,1,"score=0.411 hits=4/6 pages=[?] page_match=False ev_type=paragraph | preview: Pada tahun 2024, nilai ekspor dari pelabuhan tersebut mencapai US$20,8 miliar atau naik 21,67 persen, sedangkan berat ek",auto,auto_labeled_needs_validation
Q049,DOC10_MODA,semantic_maxmin,41,1,"score=0.411 hits=4/6 pages=[?] page_match=False ev_type=paragraph | preview: Dari sisi beratnya, ekspor dari pelabuhan tersebut juga mengalami penurunan, dari Pelabuhan Tarempa beratnya turun sebes",auto,auto_labeled_needs_validation
Q049,DOC10_MODA,semantic_maxmin,52,1,score=0.411 hits=4/6 pages=[?] page_match=False ev_type=paragraph | preview: Statistik Perdagangan Luar Negeri Menurut Moda Transportasi 2023 dan 2024 Impor minyak dan gas bumi (migas) selama tahun,auto,auto_labeled_needs_validation
Q049,DOC10_MODA,semantic_maxmin,62,1,score=0.411 hits=4/6 pages=[?] page_match=False ev_type=paragraph | preview: Statistik Perdagangan Luar Negeri Menurut Moda Transportasi 2023 dan 2024 Gambar 4.1 Impor Indonesia Menurut Pelabuhan B,auto,auto_labeled_needs_validation
Q049,DOC10_MODA,semantic_maxmin,69,1,"score=0.411 hits=4/6 pages=[?] page_match=False ev_type=paragraph | preview: Gambar 4.2 Impor Menurut Golongan Barang Utama (juta US$), 2023 dan 2024 10.000 20.000 30.000 40.000 50.000 juta US$ Kod",auto,auto_labeled_needs_validation
Q049,DOC10_MODA,semantic_maxmin,71,1,"score=0.411 hits=4/6 pages=[?] page_match=False ev_type=paragraph | preview: Impor menggunakan moda transportasi udara pada 2024 mengalami peningkatan sebesar US$5.108,9 juta atau 24,66 persen diba",auto,auto_labeled_needs_validation
Q049,DOC10_MODA,semantic_maxmin,73,1,"score=0.406 hits=4/6 pages=[?] page_match=False ev_type=paragraph | preview: Secara keseluruhan, impor menggunakan moda transportasi udara mengalami peningkatan berat yang sangat tinggi yaitu sebes",auto,auto_labeled_needs_validation
Q049,DOC10_MODA,recursive,12,2,"score=0.700 hits=6/6 pages=[?] page_match=False ev_type=paragraph | preview: Berdasarkan kebutuhan tersebut, publikasi ini menyajikan statistik perdagangan luar negeri menurut moda transportasi pad",auto,auto_labeled_needs_validation
Q049,DOC10_MODA,recursive,3,2,score=0.627 hits=6/6 pages=[?] page_match=False ev_type=paragraph | preview: Publikasi ini diharapkan dapat memberikan informasi yang berguna bagi pengguna data dalam mengkaji dan menganalisis eksp,auto,auto_labeled_needs_validation
Q049,DOC10_MODA,recursive,2,2,score=0.621 hits=6/6 pages=[?] page_match=False ev_type=paragraph | preview: Salah satu aspek penting dalam kegiatan Perdagangan Barang Internasional (ekspor dan impor) adalah penggunaan moda trans,auto,auto_labeled_needs_validation
Q049,DOC10_MODA,recursive,5,1,score=0.590 hits=6/6 pages=[?] page_match=False ev_type=paragraph | preview: 4.7 Moda Transportasi Pos….………………………..…………………………………………... 4.8 Moda Transportasi Pipa/Kabel……………………………………………………………………….. ,auto,auto_labeled_needs_validation
Q049,DOC10_MODA,recursive,4,1,"score=0.584 hits=6/6 pages=[?] page_match=False ev_type=paragraph | preview: BAB III. ULASAN EKSPOR 3.1 Ekspor Indonesia Menurut Moda Transportasi, 2023 dan 2024 ... 3.2 Ekspor Indonesia Menurut Mo",auto,auto_labeled_needs_validation
Q049,DOC10_MODA,recursive,24,1,score=0.579 hits=6/6 pages=[?] page_match=False ev_type=paragraph | preview: Statistik Perdagangan Luar Negeri Menurut Moda Transportasi 2023 dan 2024 (WCO) dengan tujuan untuk mempermudah penentua,auto,auto_labeled_needs_validation
Q049,DOC10_MODA,recursive,13,1,score=0.534 hits=5/6 pages=[?] page_match=False ev_type=paragraph | preview: Statistik Perdagangan Luar Negeri Menurut Moda Transportasi 2023 dan 2024 1.3 Ruang Lingkup Publikasi ini mencakup data ,auto,auto_labeled_needs_validation
Q049,DOC10_MODA,recursive,59,1,score=0.529 hits=5/6 pages=[?] page_match=False ev_type=paragraph | preview: Ekspor Indonesia melalui moda transportasi pipa tahun 2024 hanya ditujukan ke Singapura. Ekspor ke Singapura melalui mod,auto,auto_labeled_needs_validation
Q049,DOC10_MODA,recursive,91,1,"score=0.509 hits=5/6 pages=[?] page_match=False ev_type=paragraph | preview: 27160000) yang masuk menggunakan moda pipa/kabel. Impor ini mengalami peningkatan sebesar 10,35 persen atau senilai US$6",auto,auto_labeled_needs_validation
Q049,DOC10_MODA,recursive,8,1,"score=0.503 hits=5/6 pages=[?] page_match=False ev_type=paragraph | preview: Tabel 5.11 Impor Menurut Negara Asal dan Moda Transportasi, 2023 dan 2024 …………………………………… Tabel 5.12 Impor Menurut Golong",auto,auto_labeled_needs_validation
Q049,DOC10_MODA,recursive,31,1,"score=0.503 hits=5/6 pages=[?] page_match=False ev_type=paragraph | preview: menjadi US$250,7 miliar pada tahun 2024. Sementara itu, nilai ekspor migas turun sebesar 0,28 persen yaitu dari US$15.92",auto,auto_labeled_needs_validation
Q049,DOC10_MODA,recursive,37,1,"score=0.503 hits=5/6 pages=[?] page_match=False ev_type=paragraph | preview: Tahun 2024 nilai ekspor komoditas nonmigas melalui moda transportasi pos tercatat sebesar US$14,2 juta atau meningkat 0,",auto,auto_labeled_needs_validation
Q049,DOC10_MODA,recursive,57,1,"score=0.503 hits=5/6 pages=[?] page_match=False ev_type=paragraph | preview: Negara tujuan utama ekspor dengan moda transportasi laut tahun 2023 dan 2024 antara lain Tiongkok, Amerika Serikat, Jepa",auto,auto_labeled_needs_validation
Q049,DOC10_MODA,recursive,58,1,score=0.503 hits=5/6 pages=[?] page_match=False ev_type=paragraph | preview: Ekspor Indonesia selama kurun waktu tahun 2023 dan 2024 menurut moda transportasi dan negara tujuan dapat dilihat pada T,auto,auto_labeled_needs_validation
Q049,DOC10_MODA,recursive,70,1,"score=0.503 hits=5/6 pages=[?] page_match=False ev_type=paragraph | preview: Priok, Tanjung Perak, dan Bandara Soekarno-Hatta. Hal tersebut merupakan salah satu hambatan dalam proses perdagangan da",auto,auto_labeled_needs_validation
Q049,DOC10_MODA,recursive,6,1,"score=0.498 hits=5/6 pages=[?] page_match=False ev_type=paragraph | preview: Tabel 4.2 Impor Menurut Jenis dan Moda Transportasi, 2023 dan 2024………………………………………………… Tabel 4.3 Impor Menurut Pelabuhan ",auto,auto_labeled_needs_validation
Q049,DOC10_MODA,recursive,7,1,score=0.498 hits=5/6 pages=[?] page_match=False ev_type=paragraph | preview: Tabel 5.2 Ekspor menurut Provinsi Muat dengan Moda Transportasi Udara Tahun 2023 dan 2024 ... Tabel 5.3 Ekspor menurut P,auto,auto_labeled_needs_validation
Q049,DOC10_MODA,recursive,23,1,score=0.498 hits=5/6 pages=[?] page_match=False ev_type=paragraph | preview: d. Dokumen Pemberitahuan Impor Barang (PIB) adalah dokumen yang diisi oleh importir dan telah diberikan izin bongkar ole,auto,auto_labeled_needs_validation
Q049,DOC10_MODA,recursive,32,1,score=0.498 hits=5/6 pages=[?] page_match=False ev_type=paragraph | preview: 2024. Negara tujuan utama ekspor migas yang menggunakan moda transportasi laut pada tahun 2024 adalah Singapura sebesar ,auto,auto_labeled_needs_validation
Q049,DOC10_MODA,recursive,36,1,"score=0.498 hits=5/6 pages=[?] page_match=False ev_type=paragraph | preview: Sumber: Dokumen PEB dan Non-PEB, diolah Gambar 3.3 Kontribusi Nilai Ekspor Nonmigas menurut Moda Transportasi, 2023 dan ",auto,auto_labeled_needs_validation
Q049,DOC10_MODA,recursive,1,1,"score=0.492 hits=5/6 pages=[?] page_match=False ev_type=paragraph | preview: Penyunting Pengolah Data, Penulis Naskah Penata Letak Pembuat Kover Sudarmanto • Herry Sulaiman • Munipah Lilis Nurul Hu",auto,auto_labeled_needs_validation
Q049,DOC10_MODA,recursive,9,1,"score=0.492 hits=5/6 pages=[?] page_match=False ev_type=paragraph | preview: Gambar 4.2 Impor Menurut Golongan Barang Utama (juta US$), 2023 dan 2024 ... Gambar 4.3 Impor Menggunakan Moda Transport",auto,auto_labeled_needs_validation
Q049,DOC10_MODA,recursive,35,1,"score=0.492 hits=5/6 pages=[?] page_match=False ev_type=paragraph | preview: Singapura dengan nilai US$1,5 miliar dan berat 15,6 ribu ton, dan Swis dengan nilai US$1,5 miliar dan berat 0,2 ribu ton",auto,auto_labeled_needs_validation
Q049,DOC10_MODA,recursive,16,1,"score=0.447 hits=5/6 pages=[?] page_match=False ev_type=paragraph | preview: 2.2 Konsep dan Definisi Sesuai dengan rekomendasi International Merchandise Trade Statistics (IMTS) 2010, moda transport",auto,auto_labeled_needs_validation
Q049,DOC10_MODA,recursive,39,1,"score=0.442 hits=4/6 pages=[?] page_match=False ev_type=paragraph | preview: masing mengalami kenaikan sebesar 3,51 persen dan 8,97 persen secara year on year. Tabel 3.3 menyajikan data nilai dan b",auto,auto_labeled_needs_validation
Q050,DOC10_MODA,element,14,2,"score=0.790 hits=4/4 pages=[19,21] page_match=True ev_type=paragraph | preview: Daftar Gambar  Bab  https://www.bps.go.id  2.1 Data dan Sumber Data  Data yang digunakan dalam publikasi ini adalah data",auto,auto_labeled_needs_validation
Q050,DOC10_MODA,element,19,1,"score=0.426 hits=2/4 pages=[22,23] page_match=False ev_type=paragraph | preview: 4. Moda Transportasi Lainnya  Moda transportasi lainnya terdiri dari moda pipa, kabel, pos dan self propelled.  4.1. Mod",auto,auto_labeled_needs_validation
Q050,DOC10_MODA,element,29,1,"score=0.228 hits=1/4 pages=[30,31] page_match=False ev_type=paragraph | preview: Tabel 3.2 Ekspor Indonesia menurut Moda Transportasi dan Jenis Komoditas, 2023 dan 2024  Tahun 2024 ekspor nonmigas mela",auto,auto_labeled_needs_validation
Q050,DOC10_MODA,element,266,1,"score=0.217 hits=1/4 pages=[153,156] page_match=False ev_type=paragraph | preview: Daftar Pustaka  Kementerian Keuangan Direktorat Jenderal Bea dan Cukai. Buku Tarif Kepabeanan Indonesia (BTKI). 2022. ht",auto,auto_labeled_needs_validation
Q050,DOC10_MODA,element,8,1,score=0.210 hits=1/4 pages=[9] page_match=False ev_type=paragraph | preview: 1.2 Tujuan .............................................................................................................,auto,auto_labeled_needs_validation
Q050,DOC10_MODA,element,25,1,"score=0.204 hits=1/4 pages=[28] page_match=False ev_type=paragraph | preview: Gambar 3.1 Kontribusi Nilai Ekspor menurut Moda Transportasi, 2023 dan 2024  https://www.bps.go.id  Sumber: Dokumen PEB ",auto,auto_labeled_needs_validation
Q050,DOC10_MODA,element,46,1,"score=0.186 hits=1/4 pages=[40,41] page_match=False ev_type=paragraph | preview: Tabel 3.5 Ekspor Indonesia Menurut Moda Transportasi dan Negara Tujuan, 2023 dan 2024  Transportasi  Darat  Pos  https:/",auto,auto_labeled_needs_validation
Q050,DOC10_MODA,element,21,1,"score=0.181 hits=1/4 pages=[26] page_match=False ev_type=paragraph | preview: EKSPOR MENURUT MODA TRANSPORTASI TAHUN 2024  .  |  4  0,01“  5  4,667 w ” dk. 1 P3  4  “share nilai (Yo)  UDARA  LAUT  D",auto,auto_labeled_needs_validation
Q050,DOC10_MODA,semantic_maxmin,12,2,score=0.700 hits=4/4 pages=[?] page_match=False ev_type=paragraph | preview: Sumber data utama berasal dari dokumen Pemberitahuan Ekspor Barang (PEB) dan Pemberitahuan Impor Barang (PIB) yang diper,auto,auto_labeled_needs_validation
Q050,DOC10_MODA,semantic_maxmin,13,2,score=0.422 hits=3/4 pages=[?] page_match=False ev_type=paragraph | preview: Selain dokumen PEB dan PIB terdapat juga beberapa sumber data lainnya yaitu catatan instansi lain seperti PT. Pos Indone,auto,auto_labeled_needs_validation
Q050,DOC10_MODA,semantic_maxmin,24,1,score=0.396 hits=2/4 pages=[?] page_match=False ev_type=paragraph | preview: b. Impor adalah kegiatan memasukan barang dan jasa yang dibeli oleh penduduk suatu negara dari penduduk negara lain yang,auto,auto_labeled_needs_validation
Q050,DOC10_MODA,semantic_maxmin,25,1,score=0.338 hits=2/4 pages=[?] page_match=False ev_type=paragraph | preview: Pos Indonesia serta data hasil pendataan ekspor dan impor di beberapa perbatasan laut Indonesia. f. Pencatatan statistik,auto,auto_labeled_needs_validation
Q050,DOC10_MODA,semantic_maxmin,32,1,"score=0.256 hits=1/4 pages=[?] page_match=False ev_type=paragraph | preview: Tabel 3.2 Ekspor Indonesia menurut Moda Transportasi dan Jenis Komoditas, 2023 dan 2024 Komoditas Moda Transportasi Bera",auto,auto_labeled_needs_validation
Q050,DOC10_MODA,semantic_maxmin,31,1,"score=0.233 hits=1/4 pages=[?] page_match=False ev_type=paragraph | preview: Nilai ekspor nonmigas tercatat naik 2,89 persen, dari US$243,6 miliar pada tahun 2023 menjadi US$250,7 miliar pada tahun",auto,auto_labeled_needs_validation
Q050,DOC10_MODA,semantic_maxmin,3,1,score=0.204 hits=1/4 pages=[?] page_match=False ev_type=paragraph | preview: METODOLOGI 2.1 Data dan Sumber Data... 2.2 Konsep dan Definisi ... BAB III. ULASAN EKSPOR 3.1 Ekspor Indonesia Menurut M,auto,auto_labeled_needs_validation
Q050,DOC10_MODA,semantic_maxmin,27,1,"score=0.204 hits=1/4 pages=[?] page_match=False ev_type=paragraph | preview: Bab III Ulasan Ekspor UDARA DARAT Berat Nilai US$12.407,0 juta (YoY) 154,6 ribu ton (YoY) LAUT Berat Nilai US$251.875,9 ",auto,auto_labeled_needs_validation
Q050,DOC10_MODA,semantic_maxmin,11,1,score=0.191 hits=1/4 pages=[?] page_match=False ev_type=paragraph | preview: c. Barang-barang berikut ini tidak termasuk dalam statistik perdagangan luar negeri yaitu pakaian dan barang-barang perh,auto,auto_labeled_needs_validation
Q050,DOC10_MODA,recursive,14,2,"score=0.700 hits=4/4 pages=[?] page_match=False ev_type=paragraph | preview: barang yang dibawa masuk kembali ke Indonesia setelah diolah atau diperbaiki di luar negeri tetap dicatat sebagai impor,",auto,auto_labeled_needs_validation
Q050,DOC10_MODA,recursive,15,2,score=0.700 hits=4/4 pages=[?] page_match=False ev_type=paragraph | preview: dan 2024. Sumber data utama berasal dari dokumen Pemberitahuan Ekspor Barang (PEB) dan Pemberitahuan Impor Barang (PIB) ,auto,auto_labeled_needs_validation
Q050,DOC10_MODA,recursive,23,1,score=0.396 hits=2/4 pages=[?] page_match=False ev_type=paragraph | preview: d. Dokumen Pemberitahuan Impor Barang (PIB) adalah dokumen yang diisi oleh importir dan telah diberikan izin bongkar ole,auto,auto_labeled_needs_validation
Q050,DOC10_MODA,recursive,22,1,"score=0.372 hits=2/4 pages=[?] page_match=False ev_type=paragraph | preview: Secara garis besar, berikut adalah beberapa konsep dan definisi yang digunakan dalam publikasi ini: a. Ekspor adalah sel",auto,auto_labeled_needs_validation
Q050,DOC10_MODA,recursive,31,1,"score=0.233 hits=1/4 pages=[?] page_match=False ev_type=paragraph | preview: menjadi US$250,7 miliar pada tahun 2024. Sementara itu, nilai ekspor migas turun sebesar 0,28 persen yaitu dari US$15.92",auto,auto_labeled_needs_validation
Q050,DOC10_MODA,recursive,46,1,"score=0.233 hits=1/4 pages=[?] page_match=False ev_type=paragraph | preview: 3,2 Total Ekspor 703.740,0 259.527,8 741.741,2 266.529,2 Sumber: Dokumen PEB dan Non-PEB, diolah Ulasan Ekspor 3.4 Ekspo",auto,auto_labeled_needs_validation
Q050,DOC10_MODA,recursive,35,1,"score=0.228 hits=1/4 pages=[?] page_match=False ev_type=paragraph | preview: Singapura dengan nilai US$1,5 miliar dan berat 15,6 ribu ton, dan Swis dengan nilai US$1,5 miliar dan berat 0,2 ribu ton",auto,auto_labeled_needs_validation
Q050,DOC10_MODA,recursive,26,1,"score=0.204 hits=1/4 pages=[?] page_match=False ev_type=paragraph | preview: Bab III Ulasan Ekspor UDARA DARAT Berat Nilai US$12.407,0 juta (YoY) 154,6 ribu ton (YoY) LAUT Berat Nilai US$251.875,9 ",auto,auto_labeled_needs_validation
Q050,DOC10_MODA,recursive,27,1,score=0.204 hits=1/4 pages=[?] page_match=False ev_type=paragraph | preview: Kontribusi nilai ekspor Indonesia menurut moda transportasi tahun 2023 dan 2024 dapat dilihat pada Gambar 3.1. Sumber: D,auto,auto_labeled_needs_validation
Q050,DOC10_MODA,recursive,3,1,score=0.186 hits=1/4 pages=[?] page_match=False ev_type=paragraph | preview: Publikasi ini diharapkan dapat memberikan informasi yang berguna bagi pengguna data dalam mengkaji dan menganalisis eksp,auto,auto_labeled_needs_validation
Q050,DOC10_MODA,recursive,36,1,"score=0.181 hits=1/4 pages=[?] page_match=False ev_type=paragraph | preview: Sumber: Dokumen PEB dan Non-PEB, diolah Gambar 3.3 Kontribusi Nilai Ekspor Nonmigas menurut Moda Transportasi, 2023 dan ",auto,auto_labeled_needs_validation
