query_id,doc_id,question_preview,evidence_type,method,chunk_id,label,strength_score,rationale,chunk_page_start,chunk_page_end,chunk_text_excerpt,annotator,status
Q001,DOC01_BIK,Berapa nilai Benchmark Indeks Hari-Orang Pekerja Tidak Tetap/Harian Konstruksi d,table_row_column,element_based,194,1,11,,103,103,"PROVINSI/PROVINCE 2018 2019 2020 2021 2022 2023 Aceh Sumatera Utara Sumatera Barat Riau Jambi Sumatera Selatan Bengkulu Lampung Kep. Bangka Belitung Kepulauan Riau D.K.I. Jakarta Jawa Barat Jawa Tengah D.I. Yogyakarta Jawa Timur Banten Bali Nusa Tenggara Barat Nusa Tenggara Timur Kalimantan Barat Kalimantan Tengah Kalimantan Selatan Kalimantan Timur Kalimantan Utara Sulawesi Utara Sulawesi Tengah Sulawesi Selatan Sulawesi Tenggara Gorontalo Sulawesi Barat Maluku Maluku Utara Papua Barat 117,25 122,59 117,92 123,22 114,27 121,52 116,06 119,69 117,42 116,46 123,35 125,07 121,46 118,16 120,13 120,48 117,42 116,27 107,27 119,64 110,14 123,63 121,18 125,84 106,43 107,30 119,70 116,18 115,48 113,23 116,88 113,85 120,55 119,53 125,15 132,80 127,30 137,34 122116 135,00 124,98 132,53 126,12 127,25 ",annotator,labeled
Q001,DOC01_BIK,Berapa nilai Benchmark Indeks Hari-Orang Pekerja Tidak Tetap/Harian Konstruksi d,table_row_column,element_based,57,0,6,,34,35,"PROVINSI/PROVINCE : RIAU  143,53  167,62  149,37  172,40  173,99  18  Benchmark Indeks Konstruksi (2016-—100), 2018-2023 Benchmark of Construction Indices (2016-—100), 2018-2023  190,42  TABEL 216 Benchmark Indeks Konstruksi (2016-100) Triwulanan, 2018-2023 TABLE Benchmarked Ouarterly Indices of Construction (2016-—100), 2018-2023",annotator,labeled
Q001,DOC01_BIK,Berapa nilai Benchmark Indeks Hari-Orang Pekerja Tidak Tetap/Harian Konstruksi d,table_row_column,element_based,129,0,6,,70,71,"PROVINSI/PROVINCE : RIAU  Triwulan/Ouarter IV  6,13  3,40  -2,31  1,95  1,31  Benchmark Indeks Konstruksi (2016-—100), 2018-2023 Benchmark of Construction Indices (2016-—100), 2018-2023  3,11  TABEL TABLE Benchmark Pertumbuhan Indeks Konstruksi Triwulanan (persen), 2018-2023 Benchmarked Ouarterly Growth (g-to-g) of Construction (percent), 2018-2023",annotator,labeled
Q001,DOC01_BIK,Berapa nilai Benchmark Indeks Hari-Orang Pekerja Tidak Tetap/Harian Konstruksi d,table_row_column,element_based,131,0,6,,71,72,"PROVINSI/PROVINCE : RIAU  Triwulan/Ouarter II  472  5,84  “1242  548  0,02  Triwulan/Ouarter III  6,64  412  5,85  2,88  1,79  Triwulan/Ouarter IV  5,97  2,62  1,82  1,38  1,79  -0,07  318  2,61  TABEL 233 Benchmark Pertumbuhan Indeks Konstruksi Triwulanan (persen), 2018-2023 TABLE Benchmarked Ouarterly Growth (g-to-g) of Construction (percent), 2018-2023",annotator,labeled
Q001,DOC01_BIK,Berapa nilai Benchmark Indeks Hari-Orang Pekerja Tidak Tetap/Harian Konstruksi d,table_row_column,element_based,133,0,6,,72,73,"PROVINSI/PROVINCE : RIAU  Triwulan/Ouarter II  3,32  5,96  -5,64  -1,09  0,11  Triwulan/Ouarter II  6,86  3,85  8,46  2,58  2,28  Triwulan/Ouarter IV  4,88  2,93  540  3,90  2,30  s6  Benchmark Indeks Konstruksi (2016-—100), 2018-2023 Benchmark of Construction Indices (2016-—100), 2018-2023  1,79  7,69  646  TABEL  TABLE  Benchmark Pertumbuhan Indeks Konstruksi Triwulanan (persen), 2018-2023 Benchmarked Ouarterly Growth (g-to-g) of Construction (percent), 2018-2023",annotator,labeled
Q001,DOC01_BIK,Berapa nilai Benchmark Indeks Hari-Orang Pekerja Tidak Tetap/Harian Konstruksi d,table_row_column,maxmin_semantic,67,1,14,,102,119,"Yogyakarta 104,60 107,27 105,40 105,55 104,84 106,13 Jawa Timur 102,27 104,97 103,75 106,41 107,61 108,86 Banten 103,97 106,82 105,12 106,42 107,43 107,50 Bali 104,16 106,30 104,96 106,38 107,15 108,69 Nusa Tenggara Barat 103,76 105,96 104,57 104,83 105,38 106,75 Nusa Tenggara Timur 104,05 106,95 104,95 105,05 105,10 106,20 Kalimantan Barat 102,58 103,87 101,80 104,97 106,43 108,26 Kalimantan Tengah 104,38 107,29 104,34 106,64 108,02 108,80 Kalimantan Selatan 107,09 112,02 110,65 111,83 112,86 114,87 Kalimantan Timur 112,19 118,62 116,96 117,05 118,77 117,46 Kalimantan Utara 103,01 105,02 103,08 103,11 104,08 104,90 Sulawesi Utara 102,79 104,58 101,04 101,22 102,52 103,83 Sulawesi Tengah 104,36 107,84 105,99 107,31 108,70 110,40 Sulawesi Selatan 103,93 106,33 105,19 105,45 105,48 105,90 Su",annotator,labeled
Q001,DOC01_BIK,Berapa nilai Benchmark Indeks Hari-Orang Pekerja Tidak Tetap/Harian Konstruksi d,table_row_column,maxmin_semantic,0,0,3,,1,7,"BENCHMARK INDEKS KONSTRUKSI (2016=100), Benchmark of Construction Indices (2016=100), 2018–2023 Volume 14, 2025 Katalog/Catalogue: 6302005 ISSN: 2460-4666 Nomor Publikasi/Publication Number: 05300.25013 Ukuran Buku/Book Size: 18,2 cm x 25,7 cm Jumlah Halaman/Number of Pages: xiv+118 halaman/pages Penyusun Naskah/Manuscript Drafter: Direktorat Statistik Industri Directorate of Industrial Statistics Penyunting/Editor: Direktorat Statistik Industri Directorate of Industrial Statistics Pembuat Kover/Cover Designer: Direktorat Statistik Industri Directorate of Industrial Statistics Penerbit/Publisher: © Badan Pusat Statistik/BPS-Statistics Indonesia Sumber ilustrasi/Illustration Source: www.freepik.com Dilarang mereproduksi dan/atau menggandakan sebagian atau seluruh isi buku ini untuk tujuan k",annotator,labeled
Q001,DOC01_BIK,Berapa nilai Benchmark Indeks Hari-Orang Pekerja Tidak Tetap/Harian Konstruksi d,table_row_column,maxmin_semantic,1,0,3,,7,7,"Kondisi sektor konstruksi Indonesia yang dicakup dalam publikasi ini meliputi beberapa indikator, yaitu: pekerja tetap, hari-orang, balas jasa dan upah, balas jasa pekerja tetap, upah pekerja harian, dan nilai konstruksi yang diselesaikan menurut provinsi tahun 2018–2023. Benchmark indeks konstruksi setiap provinsi diperoleh dengan cara menetapkan tahun tertentu yaitu tahun 2016 sebagai tahun dasar.",annotator,labeled
Q001,DOC01_BIK,Berapa nilai Benchmark Indeks Hari-Orang Pekerja Tidak Tetap/Harian Konstruksi d,table_row_column,maxmin_semantic,3,0,3,,7,7,"Benchmark Indeks Konstruksi (2016=100), 2018–2023 2. Benchmark Statistik Konstruksi, 2018–2023 Akhirnya, pada kesempatan ini kami mengucapkan terima kasih dan penghargaan yang sebesar-besarnya kepada semua pihak yang terlibat pada pendataan dan pengolahan data sehingga publikasi ini dapat terwujud.",annotator,labeled
Q001,DOC01_BIK,Berapa nilai Benchmark Indeks Hari-Orang Pekerja Tidak Tetap/Harian Konstruksi d,table_row_column,maxmin_semantic,4,0,3,,8,8,"Jakarta, Oktober 2025 Kepala Badan Pusat Statistik Amalia Adininggar Widyasanti v  PREFACE B enchmark of Construction Indices provides data aligned between the result of The Quarterly Construction Establishment Survey and The Annual Construction Establishment Survey. This publication also describes the trend of the construction sector in Indonesia from 2018 to 2023.",annotator,labeled
Q001,DOC01_BIK,Berapa nilai Benchmark Indeks Hari-Orang Pekerja Tidak Tetap/Harian Konstruksi d,table_row_column,recursive,114,1,14,,103,103,"Tahunan Menurut Provinsi, 2018–2023 Benchmarked Annual Indices of Mandays of Construction Casual Workers by Province (2016=100), 2018–2023 TABEL TABLE 2.5 PROVINSI/PROVINCE 2018 2019 2020 2021 2022 2023 |(1)|(2)|(3)|(4)|(5)|(6)|(7)| |---|---|---|---|---|---|---| 117,25 125,15 122,41 123,95 126,29 127,42 122,59 132,80 124,69 127,53 131,34 135,28 Aceh Sumatera Utara 117,92 127,30 122,90 132,79 127,62 132,32 Sumatera Barat 123,22 137,34 133,55 139,76 142,11 147,78 Riau 114,27 122,16 115,07 117,71 120,87 122,79 Jambi 121,52 135,00 124,08 129,06 132,26 137,29 Sumatera Selatan 116,06 124,98 114,90 117,69 119,56 125,17 Bengkulu 119,69 132,53 123,59 127,40 133,31 136,05 Lampung 117,42 126,12 115,56 116,97 118,56 123,41 Kep. Bangka Belitung 116,46 127,25 119,79 124,73 126,71 131,23 Kepulauan Riau 1",annotator,labeled
Q001,DOC01_BIK,Berapa nilai Benchmark Indeks Hari-Orang Pekerja Tidak Tetap/Harian Konstruksi d,table_row_column,recursive,113,1,9,,103,103,"0,72 1,12 1,86 Aceh Sumatera Utara 1,79 2,16 1,02 2,26 1,42 2,04 Sumatera Barat 3,30 3,56 1,39 2,50 1,05 2,01 Riau 2,24 2,47 1,11 0,87 1,64 1,38 Jambi 3,12 3,26 1,53 2,80 1,22 2,27 Sumatera Selatan 2,22 2,60 1,90 1,11 0,83 1,11 Bengkulu 1,87 2,32 1,75 1,30 1,26 1,10 Lampung 1,54 1,68 1,14 0,88 0,76 1,60 Kep. Bangka Belitung 3,64 3,39 3,37 2,54 0,99 1,46 Kepulauan Riau 2,31 2,58 2,73 0,05 1,32 1,65 D.K.I. Jakarta 2,83 3,05 1,23 1,60 1,26 1,80 Jawa Barat 3,23 3,31 2,09 2,64 1,28 1,21 Jawa Tengah 2,21 2,81 1,30 0,56 0,74 1,72 D.I. Yogyakarta 2,61 2,56 1,75 0,14 0,68 1,23 Jawa Timur 1,64 2,64 1,16 2,57 1,12 1,17 Banten 2,62 2,74 1,59 1,24 0,94 0,07 Bali 1,99 2,06 1,26 1,36 0,72 1,44 Nusa Tenggara Barat 2,10 2,12 1,31 0,25 0,52 1,31 Nusa Tenggara Timur 2,28 2,79 1,87 0,09 0,05 1,05 Kalimantan B",Haikal Thoriq Athaya,labeled
Q001,DOC01_BIK,Berapa nilai Benchmark Indeks Hari-Orang Pekerja Tidak Tetap/Harian Konstruksi d,table_row_column,recursive,28,0,6,,34,34,"160,44 169,66 Triwulan/Quarter II 126,64 142,35 133,39 158,81 164,27 174,53 Triwulan/Quarter III 131,07 147,32 142,77 165,49 170,24 181,31 Triwulan/Quarter IV Nilai Konstruksi yang Diselesaikan/Value of Construction Works Completed 114,10 133,01 127,82 137,01 144,02 158,34 Triwulan/Quarter I 118,95 138,89 124,31 145,05 152,48 162,25 Triwulan/Quarter II 125,01 142,87 125,60 149,49 157,14 164,32 Triwulan/Quarter III 131,69 146,03 134,94 157,22 165,27 168,15 Triwulan/Quarter IV 17 Tabel-tabel Tables  Benchmark Indeks Konstruksi (2016=100) Triwulanan, 2018–2023 Benchmarked Quarterly Indices of Construction (2016=100), 2018–2023 TABEL TABLE 2.1.5 PROVINSI/PROVINCE : RIAU Uraian Tahun/Years Description 2018 2019 2020 2021 2022 2023 |(1)|(2)|(3)|(4)|(5)|(6)|(7)| |---|---|---|---|---|---|---| Peke",annotator,labeled
Q001,DOC01_BIK,Berapa nilai Benchmark Indeks Hari-Orang Pekerja Tidak Tetap/Harian Konstruksi d,table_row_column,recursive,75,0,6,,70,70,"Nilai Konstruksi yang Diselesaikan/Value of Construction Works Completed 1,78 1,00 12,47 1,53 8,39 4,19 Triwulan/Quarter I 4,25 4,42 2,74 5,87 5,87 2,47 Triwulan/Quarter II 5,09 2,86 1,04 3,06 3,06 1,28 Triwulan/Quarter III 5,34 2,21 7,44 5,17 5,17 2,33 Triwulan/Quarter IV 53 Tabel-tabel Tables  Benchmark Pertumbuhan Indeks Konstruksi Triwulanan (persen), 2018–2023 Benchmarked Quarterly Growth (q-to-q) of Construction (percent), 2018–2023 TABEL TABLE 2.2.5 PROVINSI/PROVINCE : RIAU Uraian Tahun/Years Description 2018 2019 2020 2021 2022 2023 |(1)|(2)|(3)|(4)|(5)|(6)|(7)| |---|---|---|---|---|---|---| Pekerja Tetap/Permanent Workers Triwulan/Quarter I 0,22 0,25 1,37 1,14 0,13 0,06 Triwulan/Quarter II 1,33 1,43 1,23 0,96 0,03 0,82 Triwulan/Quarter III 1,07 0,88 0,20 0,60 0,26 1,86 Triwulan/Qu",annotator,labeled
Q001,DOC01_BIK,Berapa nilai Benchmark Indeks Hari-Orang Pekerja Tidak Tetap/Harian Konstruksi d,table_row_column,recursive,111,0,6,,101,101,"2,70 5,44 0,28 0,61 0,61 Triwulan/Quarter II 5,27 3,31 1,89 3,88 4,94 4,95 Triwulan/Quarter III 3,98 3,53 3,47 3,81 3,01 3,01 Triwulan/Quarter IV Nilai Konstruksi yang Diselesaikan/Value of Construction Works Completed 0,27 2,11 16,08 0,06 0,16 6,73 Triwulan/Quarter I 6,44 4,21 7,33 1,44 0,01 1,33 Triwulan/Quarter II 7,46 3,92 2,23 3,60 5,85 2,99 Triwulan/Quarter III 6,34 3,19 3,27 3,36 3,31 4,97 Triwulan/Quarter IV 84 Benchmark Indeks Konstruksi (2016=100), 2018–2023 Benchmark of Construction Indices (2016=100), 2018–2023  Benchmark Indeks Pekerja Tetap Konstruksi (2016=100) Tahunan Menurut Provinsi, 2018–2023 Benchmarked Annual Indices of Construction Permanent Workers by Province (2016=100), 2018–2023 TABEL TABLE 2.3 PROVINSI/PROVINCE 2018 2019 2020 2021 2022 2023 |(1)|(2)|(3)|(4)|(5)|(",Haikal Thoriq Athaya,labeled
Q003,DOC01_BIK,Berapa nilai Benchmark Indeks Upah Pekerja Tidak Tetap/Harian Konstruksi di Jawa,table_row_column,element_based,206,1,14,,109,109,"PROVINSI/PROVINCE 2018 2019 2020 2021 2022 2023 Aceh Sumatera Utara Sumatera Barat Riau Jambi Sumatera Selatan Bengkulu Lampung Kep. Bangka Belitung Kepulauan Riau D.K.I. Jakarta Jawa Barat Jawa Tengah D.I. Yogyakarta Jawa Timur Banten Bali Nusa Tenggara Barat Nusa Tenggara Timur Kalimantan Barat Kalimantan Tengah Kalimantan Selatan Kalimantan Timur Kalimantan Utara Sulawesi Utara Sulawesi Tengah Sulawesi Selatan Sulawesi Tenggara Gorontalo Sulawesi Barat Maluku Maluku Utara Papua Barat 122,18 130,19 124,58 133,15 122,82 131,16 123,21 130,85 123,69 126,40 140,96 138,10 132,63 126,99 132,12 133,05 129,16 125,11 115,20 128,79 120,63 134,89 132,72 139,66 119,80 113,80 128,65 124,63 124,44 123,52 125,62 129,23 134,48 138,36 149,67 140,12 155,38 136,36 151,02 136,52 148,37 137,06 142,43 167,96 ",annotator,labeled
Q003,DOC01_BIK,Berapa nilai Benchmark Indeks Upah Pekerja Tidak Tetap/Harian Konstruksi di Jawa,table_row_column,element_based,73,0,6,,42,43,"PROVINSI/PROVINCE : JAWA BARAT  Benchmark Indeks Konstruksi (2016-100), 2018-2023 Benchmark of Construction Indices (2016-—100), 2018-2023  TABEL 2114 Benchmark Indeks Konstruksi (2016-100) Triwulanan, 2018-2023 TABLE Benchmarked Ouarterly Indices of Construction (2016-—100), 2018-2023",annotator,labeled
Q003,DOC01_BIK,Berapa nilai Benchmark Indeks Upah Pekerja Tidak Tetap/Harian Konstruksi di Jawa,table_row_column,element_based,75,0,6,,43,44,"PROVINSI/PROVINCE : JAWA BARAT  Triwulan/Ouarter II  124,33  150,58  130,38  148,12  156,06  Triwulan/Ouarter III  134,93  158,64  139,19  156,24  163,63  Triwulan/Ouarter IV  142,90  164,31  152,43  157,97  170,27  Tables  166,06  170,78  180,60  TABEL 2115 Benchmark Indeks Konstruksi (2016-100) Triwulanan, 2018-2023 TABLE Benchmarked Ouarterly Indices of Construction (2016-100), 2018-2023",annotator,labeled
Q003,DOC01_BIK,Berapa nilai Benchmark Indeks Upah Pekerja Tidak Tetap/Harian Konstruksi di Jawa,table_row_column,element_based,145,0,6,,78,79,"PROVINSI/PROVINCE : JAWA BARAT  Triwulan/Ouarter II  8,22  5,58  -9,27  3,50  017  Triwulan/Ouarter III  9,90  5,29  9,97  4,30  1,32  Triwulan/Ouarter IV  7,45  3,36  2,89  4,72  1,09  Benchmark Indeks Konstruksi (2016-—100), 2018-2023 Benchmark of Construction Indices (2016-—100), 2018-2023  3,08  4,43  7,24  TABEL TABLE Benchmark Pertumbuhan Indeks Konstruksi Triwulanan (persen), 2018-2023 Benchmarked Ouarterly Growth (g-to-g) of Construction (percent), 2018-2023",annotator,labeled
Q003,DOC01_BIK,Berapa nilai Benchmark Indeks Upah Pekerja Tidak Tetap/Harian Konstruksi di Jawa,table_row_column,element_based,147,0,6,,79,80,"PROVINSI/PROVINCE : JAWA BARAT  Triwulan/Ouarter |  310  -0,12  -14,39  -3,43  319  Triwulan/Ouarter II  Triwulan/Ouarter III  7,55  8,52  5,50  5,36  7,31  6,76  0,62  5,48  2,04 4,85  Triwulan/Ouarter IV  5,90  3,57  9,51  111  4,06  -3,55  111  2,84  5,75  TABEL 2215 Benchmark Pertumbuhan Indeks Konstruksi Triwulanan (persen), 2018-2023 TABLE Benchmarked Ouarterly Growth (g-to-g) of Construction (percent), 2018-2023",annotator,labeled
Q003,DOC01_BIK,Berapa nilai Benchmark Indeks Upah Pekerja Tidak Tetap/Harian Konstruksi di Jawa,table_row_column,maxmin_semantic,67,1,14,,102,119,"Yogyakarta 104,60 107,27 105,40 105,55 104,84 106,13 Jawa Timur 102,27 104,97 103,75 106,41 107,61 108,86 Banten 103,97 106,82 105,12 106,42 107,43 107,50 Bali 104,16 106,30 104,96 106,38 107,15 108,69 Nusa Tenggara Barat 103,76 105,96 104,57 104,83 105,38 106,75 Nusa Tenggara Timur 104,05 106,95 104,95 105,05 105,10 106,20 Kalimantan Barat 102,58 103,87 101,80 104,97 106,43 108,26 Kalimantan Tengah 104,38 107,29 104,34 106,64 108,02 108,80 Kalimantan Selatan 107,09 112,02 110,65 111,83 112,86 114,87 Kalimantan Timur 112,19 118,62 116,96 117,05 118,77 117,46 Kalimantan Utara 103,01 105,02 103,08 103,11 104,08 104,90 Sulawesi Utara 102,79 104,58 101,04 101,22 102,52 103,83 Sulawesi Tengah 104,36 107,84 105,99 107,31 108,70 110,40 Sulawesi Selatan 103,93 106,33 105,19 105,45 105,48 105,90 Su",annotator,labeled
Q003,DOC01_BIK,Berapa nilai Benchmark Indeks Upah Pekerja Tidak Tetap/Harian Konstruksi di Jawa,table_row_column,maxmin_semantic,0,0,3,,1,7,"BENCHMARK INDEKS KONSTRUKSI (2016=100), Benchmark of Construction Indices (2016=100), 2018–2023 Volume 14, 2025 Katalog/Catalogue: 6302005 ISSN: 2460-4666 Nomor Publikasi/Publication Number: 05300.25013 Ukuran Buku/Book Size: 18,2 cm x 25,7 cm Jumlah Halaman/Number of Pages: xiv+118 halaman/pages Penyusun Naskah/Manuscript Drafter: Direktorat Statistik Industri Directorate of Industrial Statistics Penyunting/Editor: Direktorat Statistik Industri Directorate of Industrial Statistics Pembuat Kover/Cover Designer: Direktorat Statistik Industri Directorate of Industrial Statistics Penerbit/Publisher: © Badan Pusat Statistik/BPS-Statistics Indonesia Sumber ilustrasi/Illustration Source: www.freepik.com Dilarang mereproduksi dan/atau menggandakan sebagian atau seluruh isi buku ini untuk tujuan k",annotator,labeled
Q003,DOC01_BIK,Berapa nilai Benchmark Indeks Upah Pekerja Tidak Tetap/Harian Konstruksi di Jawa,table_row_column,maxmin_semantic,1,0,3,,7,7,"Kondisi sektor konstruksi Indonesia yang dicakup dalam publikasi ini meliputi beberapa indikator, yaitu: pekerja tetap, hari-orang, balas jasa dan upah, balas jasa pekerja tetap, upah pekerja harian, dan nilai konstruksi yang diselesaikan menurut provinsi tahun 2018–2023. Benchmark indeks konstruksi setiap provinsi diperoleh dengan cara menetapkan tahun tertentu yaitu tahun 2016 sebagai tahun dasar.",annotator,labeled
Q003,DOC01_BIK,Berapa nilai Benchmark Indeks Upah Pekerja Tidak Tetap/Harian Konstruksi di Jawa,table_row_column,maxmin_semantic,3,0,3,,7,7,"Benchmark Indeks Konstruksi (2016=100), 2018–2023 2. Benchmark Statistik Konstruksi, 2018–2023 Akhirnya, pada kesempatan ini kami mengucapkan terima kasih dan penghargaan yang sebesar-besarnya kepada semua pihak yang terlibat pada pendataan dan pengolahan data sehingga publikasi ini dapat terwujud.",annotator,labeled
Q003,DOC01_BIK,Berapa nilai Benchmark Indeks Upah Pekerja Tidak Tetap/Harian Konstruksi di Jawa,table_row_column,maxmin_semantic,4,0,3,,8,8,"Jakarta, Oktober 2025 Kepala Badan Pusat Statistik Amalia Adininggar Widyasanti v  PREFACE B enchmark of Construction Indices provides data aligned between the result of The Quarterly Construction Establishment Survey and The Annual Construction Establishment Survey. This publication also describes the trend of the construction sector in Indonesia from 2018 to 2023.",annotator,labeled
Q003,DOC01_BIK,Berapa nilai Benchmark Indeks Upah Pekerja Tidak Tetap/Harian Konstruksi di Jawa,table_row_column,recursive,122,1,14,,109,109,"1,23 Papua 8,95 9,52 2,75 3,90 5,67 5,44 INDONESIA 92 Benchmark Indeks Konstruksi (2016=100), 2018–2023 Benchmark of Construction Indices (2016=100), 2018–2023  TABEL TABLE Benchmark Indeks Upah Pekerja Tidak Tetap/Harian Konstruksi (2016=100) Tahunan Menurut Provinsi, 2018–2023 Benchmarked Annual Indices of Wages of Construction Casual Workers by Province (2016=100), 2018–2023 2.11 PROVINSI/PROVINCE 2018 2019 2020 2021 2022 2023 |(1)|(2)|(3)|(4)|(5)|(6)|(7)| |---|---|---|---|---|---|---| 122,18 138,36 135,35 138,99 145,18 147,15 130,19 149,67 140,58 147,45 153,94 158,64 Aceh Sumatera Utara 124,58 140,12 134,58 156,03 163,40 173,02 Sumatera Barat 133,15 155,38 151,20 164,40 169,10 178,48 Riau 122,82 136,36 128,51 136,97 144,28 149,03 Jambi 131,16 151,02 138,82 147,86 151,29 164,35 Sumatera",annotator,labeled
Q003,DOC01_BIK,Berapa nilai Benchmark Indeks Upah Pekerja Tidak Tetap/Harian Konstruksi di Jawa,table_row_column,recursive,121,1,9,,109,109,"TABEL TABLE 2.10 PROVINSI/PROVINCE 2018 2019 2020 2021 2022 2023 |(1)|(2)|(3)|(4)|(5)|(6)|(7)| |---|---|---|---|---|---|---| 8,04 9,78 2,09 1,80 2,20 1,81 7,05 9,59 2,02 3,85 5,27 8,69 Aceh Sumatera Utara 6,94 6,70 1,60 10,26 4,74 2,91 Sumatera Barat 9,02 9,02 2,08 4,84 3,02 6,26 Riau 6,43 6,83 1,71 3,60 6,80 3,70 Jambi 7,82 8,33 1,93 5,37 2,42 7,30 Sumatera Selatan 4,97 5,90 2,07 3,14 3,24 7,75 Bengkulu 4,67 5,76 2,12 2,80 2,70 2,80 Lampung 8,06 8,45 1,47 1,97 1,71 5,85 Kep. Bangka Belitung 9,20 9,44 4,16 5,01 0,47 6,58 Kepulauan Riau 9,21 9,77 3,26 3,37 7,72 6,10 D.K.I. Jakarta 9,52 9,69 1,60 4,16 4,97 6,34 Jawa Barat 9,66 9,71 2,48 8,85 4,56 3,83 Jawa Tengah 8,38 9,48 1,59 4,90 4,06 5,50 D.I. Yogyakarta 9,95 10,16 2,69 3,38 5,38 3,94 Jawa Timur 6,02 8,09 1,88 6,35 5,44 1,66 Banten 8,75 ",Haikal Thoriq Athaya,labeled
Q003,DOC01_BIK,Berapa nilai Benchmark Indeks Upah Pekerja Tidak Tetap/Harian Konstruksi di Jawa,table_row_column,recursive,38,0,6,,42,42,"105,44 108,38 103,37 105,43 105,86 107,96 Triwulan/Quarter III 106,05 108,72 103,34 105,69 107,25 109,69 Triwulan/Quarter IV Hari-Orang/Mandays 116,79 131,17 108,54 106,05 111,64 116,04 Triwulan/Quarter I 120,00 135,87 103,80 106,91 112,03 117,12 Triwulan/Quarter II 125,86 140,74 105,12 110,02 113,69 120,29 Triwulan/Quarter III 130,76 144,23 106,94 112,48 117,25 123,70 Triwulan/Quarter IV Balas Jasa dan Upah/Compensation and Wages 121,19 145,08 131,89 127,82 137,62 146,71 Triwulan/Quarter I 127,77 151,34 119,27 129,05 139,16 148,66 Triwulan/Quarter II 137,83 159,07 125,87 135,59 144,00 156,25 Triwulan/Quarter III 144,96 164,39 131,45 141,54 151,58 162,92 Triwulan/Quarter IV Balas Jasa Pekerja Tetap/Compensation of Permanent Workers 106,22 114,86 124,25 120,37 131,57 138,74 Triwulan/Quarter",annotator,labeled
Q003,DOC01_BIK,Berapa nilai Benchmark Indeks Upah Pekerja Tidak Tetap/Harian Konstruksi di Jawa,table_row_column,recursive,39,0,6,,42,42,"25 Tabel-tabel Tables  Benchmark Indeks Konstruksi (2016=100) Triwulanan, 2018–2023 Benchmarked Quarterly Indices of Construction (2016=100), 2018–2023 TABEL TABLE 2.1.13 PROVINSI/PROVINCE : JAWA BARAT Uraian Tahun/Years Description 2018 2019 2020 2021 2022 2023 |(1)|(2)|(3)|(4)|(5)|(6)|(7)| |---|---|---|---|---|---|---| Pekerja Tetap/Permanent Workers 102,87 106,64 106,86 107,45 109,20 110,43 Triwulan/Quarter I 103,93 107,52 105,76 108,37 109,47 111,85 Triwulan/Quarter II 105,70 108,79 107,00 108,72 110,22 112,20 Triwulan/Quarter III 106,97 109,31 107,30 109,19 110,33 112,65 Triwulan/Quarter IV Hari-Orang/Mandays 118,11 133,50 133,99 135,04 142,96 145,12 Triwulan/Quarter I 121,46 138,63 131,11 137,44 143,07 147,80 Triwulan/Quarter II 127,74 143,27 134,76 140,00 144,09 149,76 Triwulan/Quar",annotator,labeled
Q003,DOC01_BIK,Berapa nilai Benchmark Indeks Upah Pekerja Tidak Tetap/Harian Konstruksi di Jawa,table_row_column,recursive,84,0,6,,78,78,"12,56 7,17 2,83 4,08 Triwulan/Quarter I 5,34 4,75 7,86 1,75 1,07 1,58 Triwulan/Quarter II 7,15 8,28 7,13 5,62 3,48 3,84 Triwulan/Quarter III 3,78 9,08 5,72 4,67 5,12 5,30 Triwulan/Quarter IV Upah Pekerja Harian/Wages of Casual Workers 3,05 1,26 26,07 0,79 2,75 1,26 Triwulan/Quarter I 5,38 4,53 10,30 0,64 1,14 0,43 Triwulan/Quarter II 7,51 6,67 4,85 4,83 3,47 2,97 Triwulan/Quarter III 4,47 6,23 3,88 4,27 5,33 5,07 Triwulan/Quarter IV Nilai Konstruksi yang Diselesaikan/Value of Construction Works Completed 0,83 0,38 26,71 2,19 2,83 3,17 Triwulan/Quarter I 7,72 5,48 14,56 1,55 1,16 1,38 Triwulan/Quarter II 9,15 5,73 5,96 6,58 3,38 6,26 Triwulan/Quarter III 6,52 3,45 4,65 4,90 5,60 4,97 Triwulan/Quarter IV 61 Tabel-tabel Tables  Benchmark Pertumbuhan Indeks Konstruksi Triwulanan (persen), 2018",annotator,labeled
Q005,DOC01_BIK,Apa yang dimaksud dengan Nilai Konstruksi yang Diselesaikan dalam penghitungan B,paragraph,element_based,29,1,13,,21,21,"7. Nilai Konstruksi yang Diselesaikan  Nilai konstruksi yang diselesaikan adalah nilai pekerjaan yang telah diselesaikan oleh pihak pemborong menurut realisasi proyek yang telah diselesaikan dalam jangka waktu tertentu, berdasarkan nilai kontrak antara pemilik dengan kontraktor.",annotator,labeled
Q005,DOC01_BIK,Apa yang dimaksud dengan Nilai Konstruksi yang Diselesaikan dalam penghitungan B,paragraph,element_based,4,0,5,,7,7,"KATA PENGANTAR  selaras antara hasil Survei Perusahaan Konstruksi Triwulanan dan Survei Perusahaan Konstruksi Tahunan. Melalui publikasi ini akan terlihat perkembangan sektor konstruksi Indonesia selama tahun 2018-2023. Pir indeks konstruksi bertujuan untuk menyajikan data yang  Kondisi sektor konstruksi Indonesia yang dicakup dalam publikasi ini meliputi beberapa indikator, yaitu: pekerja tetap, hari-orang, balas jasa dan upah, balas jasa pekerja tetap, upah pekerja harian, dan nilai konstruksi yang diselesaikan menurut provinsi tahun 2018-2023. Benchmark indeks konstruksi setiap provinsi diperoleh dengan cara menetapkan tahun tertentu yaitu tahun 2016 sebagai tahun dasar. Selanjutnya, data pada tahun tersebut digerakkan dengan benchmark pertumbuhan tahunan sebelum dan sesudahnya untuk me",annotator,labeled
Q005,DOC01_BIK,Apa yang dimaksud dengan Nilai Konstruksi yang Diselesaikan dalam penghitungan B,paragraph,element_based,36,0,5,,22,23,"where,  R, - Rasio pekerja tetap, hari-orang, balas R, 5 Ratio of permanent workers, mandays,  Benchmark Indeks Konstruksi (2016-—100), 2018-2023 Benchmark of Construction Indices (2016-—100), 2018-2023  jasa dan upah, balas jasa, upah, nilai konstruksi yang diselesaikan pada triwulan ke-t  5 Jumlah pekerja tetap, hari-orang, balas jasa dan upah, balas jasa, upah, nilai konstruksi yang diselesaikan perusahaan kei pada triwulan ket ko) it Oem Jumlah pekerja tetap, hari-orang, balas jasa dan upah, balas jasa, upah, nilai konstruksi yang diselesaikan pada perusahaan kei triwulan ke (t-1)  Nilai konstruksi yang diselesaikan adalah nilai kontrak dikurangi nilai pekerjaan yang disubkontrakkan dikalikan realisasi fisik pekerjaan yang diselesaikan.  dimana,  NK — Nilai konstruksi yang diselesaikan",annotator,labeled
Q005,DOC01_BIK,Apa yang dimaksud dengan Nilai Konstruksi yang Diselesaikan dalam penghitungan B,paragraph,element_based,43,0,5,,25,25,"2.2.4 Benchmark Indeks Konstruksi  Benchmarking merupakan suatu teknik yang berkaitan dengan cara pengkombinasian data dengan variabel yang sama dari dua sumber data dan frekuensi yang berbeda : pertama, data yang frekuensinya lebih banyak (seperti Survei Perusahaan Konstruksi Triwulanan), dipercaya tingkatakurasinyalebihrendahkarenasampelnya lebih sedikit, dan kedua adalah data yang mempunya frekuensi lebih sedikit (seperti Survei Perusahaan Konstruksi Tahunan), yang diyakini cakupannya lebih lengkap dan selanjutnya dapat lebih dipercaya dalam menyediakan tingkat akurasi atau benchmark. Series data tahunan yang tingkat kepercayaannya lebih tinggi digunakan sebagai acuan atau benchmark dan diberlakukan terhadap fluktuasi data triwulanan yang diperoleh dari series data triwulanan.  Tujuan u",annotator,labeled
Q005,DOC01_BIK,Apa yang dimaksud dengan Nilai Konstruksi yang Diselesaikan dalam penghitungan B,paragraph,element_based,233,0,5,,131,132,"PEKERJAAN KONSTRUKSI TAHUN 2023  4 Nilai Kontrak/Pekerjaan adalah nilai kontrak/pekerjaan yang dikerjakan oleh pihak pemborong berdasarkan surat perjanjian, surat perintah kerja antara pihak pekerjaan (pihak I) dengan penerima pekerjaan (pihak II) dalam jangka tertentu dan jumlah biaya tertentu. pemberi  2023. 3 Nilai Pekerjaan yang Disubkontrakkan adalah nilai pekerjaan yang diberikan ke pihak lain dalam rangka penyelesaian suatu proyek meliputi pekerjaan yang disubkontrakkan seluruhnya (bahan/material dan tenaga kerja disediakan oleh subkontraktor), atau hanya sebagian saja, atau tenaga kerjanya saja s/d tanggal 31 Desember  9  pekerjaan. Biaya Bahan/Material adalah seluruh nilai bahan/material yang dipakai untuk setiap pekerjaan baik yang disediakan perusahaan kontraktor maupun yang dis",annotator,labeled
Q005,DOC01_BIK,Apa yang dimaksud dengan Nilai Konstruksi yang Diselesaikan dalam penghitungan B,paragraph,maxmin_semantic,30,1,11,,21,21,"Nilai Konstruksi yang Diselesaikan Nilai konstruksi yang diselesaikan adalah nilai pekerjaan yang telah diselesaikan oleh pihak pemborong menurut realisasi proyek yang telah diselesaikan dalam jangka waktu tertentu, berdasarkan nilai kontrak antara pemilik dengan kontraktor. 7.",annotator,labeled
Q005,DOC01_BIK,Apa yang dimaksud dengan Nilai Konstruksi yang Diselesaikan dalam penghitungan B,paragraph,maxmin_semantic,79,0,5,,124,124,NILAI PEKERJAAN DAN REALISASI FISIK PEKERJAAN|Col3|Col4|Col5|Col6|Col7|Col8|Col9|Col10|Col11|Col12|Col13|Col14|Col15|Col16|Col17|Col18|Col19|Col20|Col21|Col22|Col23|Col24|Col25|Col26|Col27|Col28|Col29|Col30|Catatan : Jika proyek/pekerjaan yang dikerjakan lebih dari 4 (empat) dapat ditambahkan dengan menggandakan lembar yang masih kosong| |---|---|---|---|---|---|---|---|---|---|---|---|---|---|---|---|---|---|---|---|---|---|---|---|---|---|---|---|---|---|---| |**_Pekerjaan yang dicakup meliputi semua pekerjaan konstruksi yang dilaksanakan selama triwulan berjalan termasuk pekerjaan yang belum selesai pada triwulan sebelumnya_**|**BLOK III. NILAI PEKERJAAN DAN REALISASI FISIK PEKERJAAN**|||**Triwulan IV-2023 (Okt - Des)**|**(8)**||||||**Triwulan IV-2023 (Okt - Des)**|**(8)**||||||**Triwul,annotator,labeled
Q005,DOC01_BIK,Apa yang dimaksud dengan Nilai Konstruksi yang Diselesaikan dalam penghitungan B,paragraph,maxmin_semantic,104,0,5,,126,126,"Apabila diberhentikan biasanya<br>mendapat pesangon (termasuk pemilik)<br>**h**|**:**<br>**Balas jasa (gaji) /upah**<br>**:**<br>**Upah lembur**<br>**:**<br>**Tunjangan**<br>**:**<br>*) Penjualan Tahunan merujuk pada Nilai Konstruksi yang Diselesaikan<br> dalam setahun<br>**Nilai kontrak/pekerjaan**<br>**:**<br>**(Blok III Rincian a)**<br> jasa dan upah.<br>1<br>2<br>3<br>Kecil<br>Menengah<br>≥ 50 Miliar<br>≥ 2,5 Miliar - 50 Miliar<br>0 - 2,5 Miliar<br>**JADWAL PELAKSANAAN KEGIATAN SURVEI PERUSAHAAN KONSTRUKSI TRIWULANAN 2023**<br>**No**<br>**Penjualan Tahunan*)**<br>Seluruh pengeluaran yang dibayarkan kepada pekerja tetap dan pekerja tidak tetap/harian berupa gaji, upah, upah lembur, hadiah, bonus,<br>**Pekerja tidak**<br>**tetap/harian**<br>**Kualifikasi**<br>dana pensiun, tunjangan kece",annotator,labeled
Q005,DOC01_BIK,Apa yang dimaksud dengan Nilai Konstruksi yang Diselesaikan dalam penghitungan B,paragraph,maxmin_semantic,147,0,5,,131,132,"**| |**No**|**Nama Proyek/**<br>**Jenis Pekerjaan**<br>**_(Tuliskan Sejelas Mungkin)_**|**Provinsi dan Kabupaten/Kota**<br>**Lokasi Proyek**|**Pembiayaan**<br>**Pekerjaan3)**<br>**Sumber**<br>**Dana**<br>**Utama**|**Volume**<br>**Pekerjaan**|**Satuan**<br>**(m, m2, **<br>**m3, km,**<br>**dll)**|**(000 Rp)**<br>**Nilai Kontrak/**<br>**Pekerjaan4)**| |(1)|(2)|(3)|(4)|(5)|(6)|(7)| |1.|……………………...<br>_KBLI 2020_|_Kode Kab/Kota_<br>………………..<br>………………..|………..|||| |2.|……………………...|………………..<br>………………..|………..|||| |3.|……………………...<br>|………………..<br>………………..<br>|………..<br>|||| |4.|……………………...<br>|………………..<br>………………..<br>|………..<br>|**o.id**||| |5.|……………………...<br>|………………..<br>………………..<br>|………..<br>**ps.g**|||| |6.|……………………...<br>|………………..<br>………………..<br>**w.**|………..<br>|||| |7.|……………………...<br>|………………..<br>…",annotator,labeled
Q005,DOC01_BIK,Apa yang dimaksud dengan Nilai Konstruksi yang Diselesaikan dalam penghitungan B,paragraph,maxmin_semantic,155,1,5,,132,132,"Jumlah upah pekerja harian yang dibayarkan oleh perusahaan untuk pembangu sekolah ini sebesar Rp51.750.000, dimana rata-rata upah yang diterima oleh masing-masing pekerja harian pada tiap harinya sebesar Rp115.000. kotak kode pada setiap sel tetap kosong karena akan diisi oleh Pemeriksa d.Biarkan hnan Pengisian BLOK VII adalah sbb : t t|Nilai Konstruksi yang Diselesaikan Pada 7) Tahun 2023 {[(7) - (8)] * (12-11)/100} + (14) ( 000 Rp )|Col4|Col5|(17)|Col7|22 000 000|Col9|2 000 000|Col11|Col12|320 000|Col14|Col15|Col16|Col17|Col18|Col19|Col20|Col21|Col22|Col23|Col24|Col25|Col26|Col27|Col28|Col29|Col30|Col31|Col32|Col33|Col34|Col35|Col36|Col37|Col38|24 320 000| |---|---|---|---|---|---|---|---|---|---|---|---|---|---|---|---|---|---|---|---|---|---|---|---|---|---|---|---|---|---|---|---|---|",annotator,labeled
Q005,DOC01_BIK,Apa yang dimaksud dengan Nilai Konstruksi yang Diselesaikan dalam penghitungan B,paragraph,recursive,12,1,13,,21,21,"Benchmark of Construction Indices (2016=100), 2018–2023  6. Upah Pekerja Harian Upah adalah seluruh pengeluaran yang dibayarkan kepada pekerja harian yang dibayarkan dalam bentuk uang maupun barang sebagai balas jasa. 6. Wages of Casual Worker Wages is all expenses paid to the casual worker either in the form of money or goods as compensation. 7. Nilai Konstruksi yang Diselesaikan Nilai konstruksi yang diselesaikan adalah nilai pekerjaan yang telah diselesaikan oleh pihak pemborong menurut realisasi proyek yang telah diselesaikan dalam jangka waktu tertentu, berdasarkan nilai kontrak antara pemilik dengan kontraktor. 7. Value of Construction Works Completed Value of construction works completed is the total value of work completed by contractor (excluding value of land) based on the progre",annotator,labeled
Q005,DOC01_BIK,Apa yang dimaksud dengan Nilai Konstruksi yang Diselesaikan dalam penghitungan B,paragraph,recursive,1,0,5,,6,8,"Mei Lianawati Windiasari Desain Kover/Cover Designer Prisita Nallavasthi   KATA PENGANTAR B enchmark indeks konstruksi bertujuan untuk menyajikan data yang selaras antara hasil Survei Perusahaan Konstruksi Triwulanan dan Survei Perusahaan Konstruksi Tahunan. Melalui publikasi ini akan terlihat perkembangan sektor konstruksi Indonesia selama tahun 2018–2023. Kondisi sektor konstruksi Indonesia yang dicakup dalam publikasi ini meliputi beberapa indikator, yaitu: pekerja tetap, hari-orang, balas jasa dan upah, balas jasa pekerja tetap, upah pekerja harian, dan nilai konstruksi yang diselesaikan menurut provinsi tahun 2018–2023. Benchmark indeks konstruksi setiap provinsi diperoleh dengan cara menetapkan tahun tertentu yaitu tahun 2016 sebagai tahun dasar. Selanjutnya, data pada tahun tersebut",annotator,labeled
Q005,DOC01_BIK,Apa yang dimaksud dengan Nilai Konstruksi yang Diselesaikan dalam penghitungan B,paragraph,recursive,16,0,5,,23,23,"(1) (1) where, Rt =  Ratio of permanent workers, mandays, dimana, Rt =  Rasio pekerja tetap, hari-orang, balas 6 Benchmark Indeks Konstruksi (2016=100), 2018–2023 Benchmark of Construction Indices (2016=100), 2018–2023  compensation and wages, compensation, wages, value of construction works completed at tth quarter Qit =  Number of permanent workers, mandays, jasa dan upah, balas jasa, upah, nilai konstruksi yang diselesaikan pada triwulan ke-t Qit  =  Jumlah pekerja tetap, hari-orang, balas compensation and wages, compensation, wages, value of construction works completed company i, at tth quarter Q(t-1)i =  Number of permanent workers, mandays, jasa dan upah, balas jasa, upah, nilai konstruksi yang diselesaikan perusahaan ke i pada triwulan ke t Q(t-1)i =  Jumlah pekerja tetap, hari-ora",annotator,labeled
Q005,DOC01_BIK,Apa yang dimaksud dengan Nilai Konstruksi yang Diselesaikan dalam penghitungan B,paragraph,recursive,17,0,5,,24,24,,annotator,labeled
Q005,DOC01_BIK,Apa yang dimaksud dengan Nilai Konstruksi yang Diselesaikan dalam penghitungan B,paragraph,recursive,21,0,5,,26,29,"persentase perubahan dari triwulan ke triwulan di dalam series benchmark aslinya. The calculation techniques are as follows: Firstly, synchronize the growth rate of benchmark between permanent workers, casual workers with mandays, compensation and wages, compensation, wages, value of construction works completed, and GRDP at current market prices for construction sector, where the growth rate of value of construction completed becomes the major trend. Each variables are then made benchmark indices base year (2016=100). After that, for benchmarked indices, each variable before and after base year (2016) is being driven by the previous and subsequent benchmarked annual growth. Teknik penghitungannya adalah sebagai berikut: Pertama, selaraskan tingkat pertumbuhan benchmark antara variabel pek",annotator,labeled
Q006,DOC02_BSK,Berapa jumlah pekerja tetap di sektor konstruksi secara nasional pada tahun 2023,table_row_column,element_based,66,1,8,,32,33,"TABEL TABLE  Papua  35.849  INDONESIA  1.130.815 1.162.297 1.138.186 1147170 1.157.245 1.174.009  16  Benchmark Statistik Konstruksi, 2018-2023 Benchmark Construction Statistics, 2018-2023  TABEL 53 TABLE ""  Pertumbuhan Pekerja Tetap Konstruksi Menurut Provinsi (persen), 2018-2023 Growth of Construction Permanent Workers by Province (percent), 2018-2023",annotator,labeled
Q006,DOC02_BSK,Berapa jumlah pekerja tetap di sektor konstruksi secara nasional pada tahun 2023,table_row_column,element_based,64,0,6,,31,32,"where,  / UBILIN  pasn ponarow uondnugsuo) Jo 350) JO yiMo12 Isynaysuoy ueyeungig ueyeg uesenjabuag Uryngwnyag BL pasn jppuajow UoNIJSUO) JO 150) jeuayew/ueunGueg ueyeg uelenjabuad ""11 SIM Uo/INIISUOI JO aNJDA JO YIMOID bueA IsynuysuOY lejIN UeyngwunUad '9L parajdwo) Sy10M U0/NJJSUO) J0 INJDA ueylesajasig Buek ISyNNySUOY IEJIN ""GL Sa6DM PUD UO!JDSUSdWO) JO YJMOI) yedn Uep eser sejeg UryngnUad ""PL UO!IIN/ISUO) JO Sa6DM PUD UO!JDSUadWO) Isinaysuoy ehayag yedn uep eser sejeg ""EL UONINAISUO) JO SaDDM @DDI2NY JO YIMOID) efiayag yedn ejey-ejey ULUNngLunUad ""TL JDNSD) UO/JINIJSUO) JO sabDM abbiany UeleH ellayag Yedn ejey-e1ey ""LL IDNSD) UONINIISUOI JO SaBDM JO YIMOID ueueH eflayad yedn Ueyngwnuad ""OL SIDJIOM IONSD) UOININIISUOI JO SabUM Isyniysuoy UeueH ellayag yedn ""6 UOIJINISUOI JO SKDPUDIN JO ",annotator,labeled
Q006,DOC02_BSK,Berapa jumlah pekerja tetap di sektor konstruksi secara nasional pada tahun 2023,table_row_column,element_based,1,0,3,,3,3,"2018-2023 Volume 14, 2025  BADAN PUSAT STATISTIK BPS-STATISTICS INDONESIA",annotator,labeled
Q006,DOC02_BSK,Berapa jumlah pekerja tetap di sektor konstruksi secara nasional pada tahun 2023,table_row_column,element_based,2,0,3,,4,4,"BENCHMARK STATISTIK KONSTRUKSI, 2018-2023 Benchmark of Construction Statistics, 2018-2023 Volume 14, 2025  Katalog/Catalogue: 6302006 ISSN: 2460-4674 Nomor Publikasi/Publication Number: 05300.25012  Ukuran Buku/Book Size: 18,2 cm x 25,7 cm Jumlah Halaman/Number of Pages: xiv-86 halaman/pages  Penyusun Naskah/Manuscript Drafter: Direktorat Statistik Industri Directorate of Industrial Statistics  Penyunting/Editor: Direktorat Statistik Industri Directorate of Industrial Statistics  Pembuat Kover/Cover Designer: Direktorat Statistik Industri Directorate of Industrial Statistics  Penerbit/Publisher: @Badan Pusat Statistik/BPS-Statistics Indonesia  Sumber ilustrasi/!l/lustration- Source: www.freepik.com  Dilarang mereproduksi dan/atau menggandakan sebagian atau seluruh isi buku ini untuk tujuan",annotator,labeled
Q006,DOC02_BSK,Berapa jumlah pekerja tetap di sektor konstruksi secara nasional pada tahun 2023,table_row_column,element_based,3,0,3,,5,5,"TIM PENYUSUN/COMPILERS  Benchmark Statistik Konstruksi 2018-2023 Benchmark of Construction Statistics, 2018-2023 Volume 14, 2025  Pengarah/Director  M. Habibullah  Penanggung Jawab/Person in Charge Ardi Adji  Editor/Editors  Fajar Handayani Krisbanu Aji  Penulis Naskah dan Penerjemah/Writers and Translators  Kurnia Rahmasari  Pengolah Data/Data Processors  Rudi Hartono Muhlis Kurnia Rahmasari Mei Lianawati Windiasari  Penata Letak/Layouters  Mei Lianawati Windiasari Kurnia Rahmasari  Desain Kover/Cover Designer  Prisita Nallavasthi  ISSN 2460-4674",annotator,labeled
Q006,DOC02_BSK,Berapa jumlah pekerja tetap di sektor konstruksi secara nasional pada tahun 2023,table_row_column,maxmin_semantic,76,1,11,,32,91,"Jumlah Pekerja Tetap Konstruksi 9. Upah Pekerja Harian Konstruksi Digunakan Konstruksi TABEL 15 Tabel-Tabel Tables  Banyaknya Pekerja Tetap Konstruksi Menurut Provinsi, 2018–2023 Number of Construction Permanent Workers by Province, 2018–2023 TABEL TABLE 2.2 PROVINSI/PROVINCE 2018 2019 2020 2021 2022 2023 |(1)|(2)|(3)|(4)|(5)|(6)|(7)| |---|---|---|---|---|---|---| (1) (2) (3) (4) (5) (6) (7) Aceh 9.636 9.911 9.722 9.742 9.761 9.822 Sumatera Utara 38.910 40.180 39.523 39.808 40.254 41.003 Sumatera Barat 9.448 9.652 9.554 9.770 9.908 10.110 Riau 24.887 25.774 25.415 26.051 26.324 26.853 Jambi 7.932 8.128 8.038 8.108 8.241 8.355 Sumatera Selatan 18.119 18.709 18.422 18.937 19.167 19.602 Bengkulu 6.355 6.520 6.396 6.467 6.521 6.593 Lampung 12.749 13.045 12.817 12.983 13.038 13.181 Kep. Bangka ",annotator,labeled
Q006,DOC02_BSK,Berapa jumlah pekerja tetap di sektor konstruksi secara nasional pada tahun 2023,table_row_column,maxmin_semantic,72,1,11,,28,31,"at province i , year t Once obtained the value of variable Mit Benchmark, adjustment is made for the outlier of Cost of Construction Material Used. 11 Penjelasan Explanation     man-days 1.521.747.535 1.684.653.840 1.486.505.044 1.531.450.199 1.576.036.859 1.639.650.735 million rupiahs 1.331.230.800 1.594.196.205 1.321.758.550 1.405.166.757 1.498.364.330 1.612.403.932 million rupiahs 163.359.265 191.555.042 165.375.557 175.306.035 184.776.493 197.479.260 million rupiahs 218.062.514 251.466.912 223.637.506 235.842.831 248.884.250 265.073.479 million rupiahs 685.233.536 836.840.121 690.608.219 753.290.308 796.065.031 850.105.806 million rupiahs 54.703.249 59.911.865 58.261.949 60.536.796 64.107.757 67.594.219 person 1.130.815 1.162.297 1.138.186 1.147.170 1.157.245 1.174.009 rupiahs 107.350 ",annotator,labeled
Q006,DOC02_BSK,Berapa jumlah pekerja tetap di sektor konstruksi secara nasional pada tahun 2023,table_row_column,maxmin_semantic,73,1,6,,31,31,Pengeluaran Bahan Bangunan/Material yang Digunakan Konstruksi 18. Pertumbuhan Pengeluaran Bahan Bangunan / Material yang 6. Pertumbuhan Rata-Rata Balas Jasa Pekerja Tetap Konstruksi 8. Pertumbuhan Jumlah Hari-Orang Pekerja Harian Konstruksi 12. Pertumbuhan Rata-Rata Upah Pekerja Harian Konstruksi 14. Pertumbuhan Balas Jasa dan Upah Pekerja Konstruksi 4. Pertumbuhan Balas Jasa Pekerja Tetap Konstruksi 16. Pertumbuhan Nilai Konstruksi yang Diselesaikan 2. Pertumbuhan Jumlah Pekerja Tetap Konstruksi 10. Pertumbuhan Upah Pekerja Harian Konstruksi 7.,annotator,labeled
Q006,DOC02_BSK,Berapa jumlah pekerja tetap di sektor konstruksi secara nasional pada tahun 2023,table_row_column,maxmin_semantic,0,0,3,,1,7,"BENCHMARK STATISTIK KONSTRUKSI, 2018–2023 Benchmark of Construction Statistics, 2018–2023 Volume 14, 2025 Katalog/Catalogue: 6302006 ISSN: 2460-4674 Nomor Publikasi/Publication Number: 05300.25012 Ukuran Buku/Book Size: 18,2 cm x 25,7 cm Jumlah Halaman/Number of Pages: xiv+86 halaman/pages Penyusun Naskah/Manuscript Drafter: Direktorat Statistik Industri Directorate of Industrial Statistics Penyunting/Editor: Direktorat Statistik Industri Directorate of Industrial Statistics Pembuat Kover/Cover Designer: Direktorat Statistik Industri Directorate of Industrial Statistics Penerbit/Publisher: ©Badan Pusat Statistik/BPS-Statistics Indonesia Sumber ilustrasi/Illustration Source: www.freepik.com Dilarang mereproduksi dan/atau menggandakan sebagian atau seluruh isi buku ini untuk tujuan komersial",annotator,labeled
Q006,DOC02_BSK,Berapa jumlah pekerja tetap di sektor konstruksi secara nasional pada tahun 2023,table_row_column,maxmin_semantic,1,0,3,,7,7,"Kondisi konstruksi Indonesia yang dicakup dalam publikasi ini meliputi beberapa indikator, yaitu: pekerja tetap, hari-orang, balas jasa dan upah, balas jasa pekerja tetap, upah pekerja harian, nilai konstruksi yang diselesaikan, dan nilai pengeluaran bahan bangunan/material yang digunakan konstruksi selama tahun 2018–2023. Benchmark statistik konstruksi setiap provinsi diperoleh dengan cara menetapkan tahun tertentu, yaitu tahun 2016, sebagai tahun dasar, selanjutnya data pada tahun tersebut digerakkan dengan benchmark pertumbuhan tahunan sebelum dan sesudahnya.",annotator,labeled
Q006,DOC02_BSK,Berapa jumlah pekerja tetap di sektor konstruksi secara nasional pada tahun 2023,table_row_column,recursive,28,1,11,,28,31,"Benchmark, adjustment is made for the outlier of Cost of Construction Material Used. 11 Penjelasan Explanation     man-days 1.521.747.535 1.684.653.840 1.486.505.044 1.531.450.199 1.576.036.859 1.639.650.735 million rupiahs 1.331.230.800 1.594.196.205 1.321.758.550 1.405.166.757 1.498.364.330 1.612.403.932 million rupiahs 163.359.265 191.555.042 165.375.557 175.306.035 184.776.493 197.479.260 million rupiahs 218.062.514 251.466.912 223.637.506 235.842.831 248.884.250 265.073.479 million rupiahs 685.233.536 836.840.121 690.608.219 753.290.308 796.065.031 850.105.806 million rupiahs 54.703.249 59.911.865 58.261.949 60.536.796 64.107.757 67.594.219 person 1.130.815 1.162.297 1.138.186 1.147.170 1.157.245 1.174.009 rupiahs 107.350 113.706 111.251 114.471 117.241 120.440 thousand rupiahs 48.375",annotator,labeled
Q006,DOC02_BSK,Berapa jumlah pekerja tetap di sektor konstruksi secara nasional pada tahun 2023,table_row_column,recursive,31,1,8,,33,33,"5.026 5.314 5.240 5.244 5.269 5.211 Sulawesi Utara 6.158 6.278 6.162 6.164 6.222 6.271 Sulawesi Tengah 9.922 10.095 9.753 9.771 9.896 10.023 Sulawesi Selatan 23.241 24.016 23.605 23.899 24.054 24.429 Sulawesi Tenggara 7.243 7.410 7.331 7.349 7.351 7.380 Gorontalo 2.912 2.986 2.887 2.889 2.890 2.928 Sulawesi Barat 2.388 2.429 2.365 2.401 2.414 2.425 Maluku 4.421 4.564 4.270 4.351 4.423 4.445 Maluku Utara 3.433 3.521 3.470 3.475 3.503 3.538 Papua Barat 9.720 10.088 9.711 9.789 9.845 9.707 Papua 34.854 35.849 35.351 35.459 35.529 35.781 INDONESIA 1.130.815 1.162.297 1.138.186 1.147.170 1.157.245 1.174.009 16 Benchmark Statistik Konstruksi, 2018-2023 Benchmark Construction Statistics, 2018-2023  TABEL TABLE 2.3 Pertumbuhan Pekerja Tetap Konstruksi Menurut Provinsi (persen), 2018–2023 Growth of",annotator,labeled
Q006,DOC02_BSK,Berapa jumlah pekerja tetap di sektor konstruksi secara nasional pada tahun 2023,table_row_column,recursive,29,1,6,,32,32,"% 15,06 22,12 17,47 9,08 5,68 6,79 Uraian / Description Satuan / Unit 2018 2019 2020 2021 2022 2023 (1) (2) (3) (4) (5) (6) (7) (8) Average Compensation of Construction Permanent Workers ribu rupiah The Compensation of Construction Permanent Workers juta rupiah Wages of Construction Casual Workers juta rupiah Compensation and Wages of Construction Workers juta rupiah Value of Construction Works Completed juta rupiah Cost of Construction Material Used juta rupiah Number of Mandays of Construction Casual Workers orang hari Average Wages of Construction Casual Workers rupiah Number of Construction Permanent Workers orang Benchmark of Construction Statistics, 2018–2023 TABLE 2.1 Benchmark Statistik Konstruksi, 2018–2023 17. Pengeluaran Bahan Bangunan/Material yang Digunakan Konstruksi 18. Pert",annotator,labeled
Q006,DOC02_BSK,Berapa jumlah pekerja tetap di sektor konstruksi secara nasional pada tahun 2023,table_row_column,recursive,0,0,3,,1,7,"BENCHMARK STATISTIK KONSTRUKSI, 2018–2023 Benchmark of Construction Statistics, 2018–2023 Volume 14, 2025 Katalog/Catalogue: 6302006 ISSN: 2460-4674 Nomor Publikasi/Publication Number: 05300.25012 Ukuran Buku/Book Size: 18,2 cm x 25,7 cm Jumlah Halaman/Number of Pages: xiv+86 halaman/pages Penyusun Naskah/Manuscript Drafter: Direktorat Statistik Industri Directorate of Industrial Statistics Penyunting/Editor: Direktorat Statistik Industri Directorate of Industrial Statistics Pembuat Kover/Cover Designer: Direktorat Statistik Industri Directorate of Industrial Statistics Penerbit/Publisher: ©Badan Pusat Statistik/BPS-Statistics Indonesia Sumber ilustrasi/Illustration Source: www.freepik.com Dilarang mereproduksi dan/atau menggandakan sebagian atau seluruh isi buku ini untuk tujuan komersial",annotator,labeled
Q006,DOC02_BSK,Berapa jumlah pekerja tetap di sektor konstruksi secara nasional pada tahun 2023,table_row_column,recursive,1,0,3,,6,8,"Mei Lianawati Windiasari Kurnia Rahmasari Desain Kover/Cover Designer Prisita Nallavasthi   KATA PENGANTAR B enchmark Statistik Konstruksi bertujuan untuk menyajikan data yang selaras antara Survei Perusahaan Konstruksi Triwulanan dan Survei Perusahaan Konstruksi Tahunan. Melalui publikasi ini akan terlihat perkembangan sektor konstruksi Indonesia selama tahun 2018–2023. Kondisi konstruksi Indonesia yang dicakup dalam publikasi ini meliputi beberapa indikator, yaitu: pekerja tetap, hari-orang, balas jasa dan upah, balas jasa pekerja tetap, upah pekerja harian, nilai konstruksi yang diselesaikan, dan nilai pengeluaran bahan bangunan/material yang digunakan konstruksi selama tahun 2018–2023. Benchmark statistik konstruksi setiap provinsi diperoleh dengan cara menetapkan tahun tertentu, yaitu",annotator,labeled
Q009,DOC02_BSK,Berapa persentase balas jasa dan upah pekerja konstruksi terhadap nilai konstruk,table_row_column,element_based,108,1,14,,53,53,"PROVINSI/PROVINCE 2018 2019 2020 2021 2022 2023 an aa Na an Ono Non Aceh 15,39 15,49 15,58 15,54 15,43 15,34 Sumatera Utara 12,99 12,47 12,67 12,63 12,54 12,48 Sumatera Barat 1410 13,71 14,47 14,47 1442 14,39 Riau 13,39 12,90 13,13 13,06 13,05 13,00 Jambi 18,00 16,61 18,70 18,66 18,64 18,55 Sumatera Selatan 15,92 1514 15,48 15,40 15,29 15,21 Bengkulu 20,00 18,94 21,16 2119 21,05 20,74 Lampung 18,36 17,38 17,78 17,63 17,59 17,56 Kep. Bangka Belitung 19,07 18,30 18,73 18,69 18,28 1810 Kepulauan Riau 23,81 23,60 23,93 23,83 23,32 23,31 D.K.I. Jakarta 16,33 15,78 17,85 17,72 17,51 17,33 Jawa Barat 18,74 1771 17,86 17,62 17,27 16,91 Jawa Tengah 16,50 16,25 16,53 16,26 15,91 15,72 D.I. Yogyakarta 17,20 15,75 15,83 15,60 15,45 15,38 Jawa Timur 16,39 15,80 16,60 16,49 16,17 15,96 Banten 20,99 1912",annotator,labeled
Q009,DOC02_BSK,Berapa persentase balas jasa dan upah pekerja konstruksi terhadap nilai konstruk,table_row_column,element_based,65,0,6,,32,32,PROVINSI/PROVINCE 2018 2019 2020 2021 2022 2023 PG“ “GG “gg “Gg “Gg AD Aceh 9.636 9911 9.722 9.742 9.761 9.822 Sumatera Utara 38.910 40.180 39.523 39.808 40.254 41.003 Sumatera Barat 9.448 9.652 9.554 9.770 9.908 10.110 Riau 24.887 25.774 25.415 26.051 26.324 26.853 Jambi 7.932 8.128 8.038 8.108 8.241 8.355 Sumatera Selatan 18.119 18.709 18.422 18.937 19.167 19.602 Bengkulu 6.355 6.520 6.396 6.467 6.521 6.593 Lampung 12.749 13.045 12.817 12.983 13.038 13.181 Kep. Bangka Belitung 6118 6.221 6.150 6.204 6.228 6.327 Kepulauan Riau 18.431 19.055 18.412 18.879 19.065 19.343 D.K.I. Jakarta 425.014 435.972 424.084 424.292 429.896 436.989 Jawa Barat 99.680 102.717 101.449 103.069 103.721 105.588 Jawa Tengah 42.474 43.879 42.964 44.097 44.285 44821 D.I. Yogyakarta 6.899 7.093 7.001 7.040 7.092 7.21,annotator,labeled
Q009,DOC02_BSK,Berapa persentase balas jasa dan upah pekerja konstruksi terhadap nilai konstruk,table_row_column,element_based,67,0,6,,33,33,"PROVINSI/PROVINCE 2018 2019 2020 2021 2022 2023 Gg “GG “gg “GG DA Aceh 118 2,85 A91 0,21 0,20 0,62 Sumatera Utara 1,94 3,26 -1,64 0,72 112 1,86 Sumatera Barat 1,79 216 -1,02 2,26 1,41 2,04 Riau 3,30 3,56 -1,39 2,50 1,05 2,01 Jambi 2,24 247 AAN 0,87 1,64 1,38 Sumatera Selatan 312 3,26 -1,53 2,80 1,21 2,27 Bengkulu 2,22 2,60 -1,90 111 0,84 110 Lampung 1,87 2,32 -1,75 1,30 042 110 Kep. Bangka Belitung 1,54 1,68 A14 0,88 0,39 1,59 Kepulauan Riau 3,64 3,39 -3,37 2,54 0,99 1,46 D.K.I. Jakarta 2,31 2,58 -2,73 0,05 1,32 1,65 Jawa Barat 2,83 3,05 -1,23 1,60 0,63 1,80 Jawa Tengah 3,23 3,31 -2,09 2,64 0,43 1,21 D.I. Yogyakarta 2,21 2,81 -130 0,56 0,74 1,72 Jawa Timur 2,61 2,56 -1,75 014 0,06 1,23 Banten 1,64 2,64 A16 257 112 117 Bali 2,62 2,74 -1,59 1,24 0,94 0,07 Nusa Tenggara Barat 1,99 2,06 -1,26 ",annotator,labeled
Q009,DOC02_BSK,Berapa persentase balas jasa dan upah pekerja konstruksi terhadap nilai konstruk,table_row_column,element_based,69,0,6,,34,34,"PROVINSI/PROVINCE 2018 2019 2020 2021 2022 2023 PG“ “GG “gg “Gg “Gg Aceh 0,85 0,85 0,85 0,85 0,84 0,84 Sumatera Utara 3,44 3,46 3,47 3,47 3,48 3,49 Sumatera Barat 0,84 0,83 0,84 0,85 0,86 0,86 Riau 2,20 2,22 2,23 2,27 2,27 2,29 Jambi 0,70 0,70 0,71 0,71 0,71 0,71 Sumatera Selatan 1,60 1,61 1,62 1,65 1,66 1,67 Bengkulu 0,56 0,56 0,56 0,56 0,56 0,56 Lampung 113 112 113 113 113 112 Kep. Bangka Belitung 0,54 0,54 0,54 0,54 0,54 0,54 Kepulauan Riau 1,63 1,64 1,62 1,65 1,65 1,65 D.K.I. Jakarta 37,58 37,51 37,26 36,99 37,5 37,22 Jawa Barat 8,81 8,84 8,91 8,98 8,96 8,99 Jawa Tengah 3,76 3,78 3,77 3,84 3,83 3,82 D.I. Yogyakarta 0,61 0,61 0,62 0,61 0,61 0,61 Jawa Timur 12,55 12,52 12,56 1248 12,38 12,35 Banten 5,06 5,05 510 519 5,20 519 Bali 113 113 113 114 114 112 Nusa Tenggara Barat 0,59 0,59 0,59",annotator,labeled
Q009,DOC02_BSK,Berapa persentase balas jasa dan upah pekerja konstruksi terhadap nilai konstruk,table_row_column,element_based,71,0,6,,35,35,PROVINSI/PROVINCE 2018 2019 2020 2021 2022 2023 Gg “GG “gg “GG DA Aceh 332.043 364.504 356.895 363.335 371.315 378.036 Sumatera Utara 1.440.335 1.578.526 1.546.614 1.606.212 1.690.918 1.837.859 Sumatera Barat 289.597 309.008 304.066 335.262 351.169 361.388 Riau 886.368 966.887 946.810 992.594 1.022.603 1.086.618 Jambi 275.570 294.405 289.360 299.778 320.161 332.007 Sumatera Selatan 864.098 936.073 918.024 967.297 990.740 1.063.064 Bengkulu 193.363 204.774 200.527 206.815 213.515 230.062 Lampung 447.12 473.169 463.129 476.093 488.930 502.620 Kep. Bangka Belitung 195.619 212.150 209.039 213.157 216.806 229.489 Kepulauan Riau 963.246 1.054.209 1.010.359 1.060.965 1.065.994 1.136.136 D.KJ. Jakarta 27.731.434 30.440.924 29449241 30.441.295 — 32.792.421 34.792.759 Jawa Barat 5.739.505 6.295.446 ,annotator,labeled
Q009,DOC02_BSK,Berapa persentase balas jasa dan upah pekerja konstruksi terhadap nilai konstruk,table_row_column,maxmin_semantic,76,1,14,,32,91,"Jumlah Pekerja Tetap Konstruksi 9. Upah Pekerja Harian Konstruksi Digunakan Konstruksi TABEL 15 Tabel-Tabel Tables  Banyaknya Pekerja Tetap Konstruksi Menurut Provinsi, 2018–2023 Number of Construction Permanent Workers by Province, 2018–2023 TABEL TABLE 2.2 PROVINSI/PROVINCE 2018 2019 2020 2021 2022 2023 |(1)|(2)|(3)|(4)|(5)|(6)|(7)| |---|---|---|---|---|---|---| (1) (2) (3) (4) (5) (6) (7) Aceh 9.636 9.911 9.722 9.742 9.761 9.822 Sumatera Utara 38.910 40.180 39.523 39.808 40.254 41.003 Sumatera Barat 9.448 9.652 9.554 9.770 9.908 10.110 Riau 24.887 25.774 25.415 26.051 26.324 26.853 Jambi 7.932 8.128 8.038 8.108 8.241 8.355 Sumatera Selatan 18.119 18.709 18.422 18.937 19.167 19.602 Bengkulu 6.355 6.520 6.396 6.467 6.521 6.593 Lampung 12.749 13.045 12.817 12.983 13.038 13.181 Kep. Bangka ",annotator,labeled
Q009,DOC02_BSK,Berapa persentase balas jasa dan upah pekerja konstruksi terhadap nilai konstruk,table_row_column,maxmin_semantic,0,0,3,,1,7,"BENCHMARK STATISTIK KONSTRUKSI, 2018–2023 Benchmark of Construction Statistics, 2018–2023 Volume 14, 2025 Katalog/Catalogue: 6302006 ISSN: 2460-4674 Nomor Publikasi/Publication Number: 05300.25012 Ukuran Buku/Book Size: 18,2 cm x 25,7 cm Jumlah Halaman/Number of Pages: xiv+86 halaman/pages Penyusun Naskah/Manuscript Drafter: Direktorat Statistik Industri Directorate of Industrial Statistics Penyunting/Editor: Direktorat Statistik Industri Directorate of Industrial Statistics Pembuat Kover/Cover Designer: Direktorat Statistik Industri Directorate of Industrial Statistics Penerbit/Publisher: ©Badan Pusat Statistik/BPS-Statistics Indonesia Sumber ilustrasi/Illustration Source: www.freepik.com Dilarang mereproduksi dan/atau menggandakan sebagian atau seluruh isi buku ini untuk tujuan komersial",annotator,labeled
Q009,DOC02_BSK,Berapa persentase balas jasa dan upah pekerja konstruksi terhadap nilai konstruk,table_row_column,maxmin_semantic,1,0,3,,7,7,"Kondisi konstruksi Indonesia yang dicakup dalam publikasi ini meliputi beberapa indikator, yaitu: pekerja tetap, hari-orang, balas jasa dan upah, balas jasa pekerja tetap, upah pekerja harian, nilai konstruksi yang diselesaikan, dan nilai pengeluaran bahan bangunan/material yang digunakan konstruksi selama tahun 2018–2023. Benchmark statistik konstruksi setiap provinsi diperoleh dengan cara menetapkan tahun tertentu, yaitu tahun 2016, sebagai tahun dasar, selanjutnya data pada tahun tersebut digerakkan dengan benchmark pertumbuhan tahunan sebelum dan sesudahnya.",annotator,labeled
Q009,DOC02_BSK,Berapa persentase balas jasa dan upah pekerja konstruksi terhadap nilai konstruk,table_row_column,maxmin_semantic,2,0,3,,7,7,"Buku ini merupakan salah satu dari dwilogi publikasi yang diluncurkan serentak, yaitu: 1. Benchmark Indeks Konstruksi (2016=100), 2018–2023 2. Benchmark Statistik Konstruksi, 2018–2023 Akhirnya, pada kesempatan ini kami mengucapkan terimakasih dan penghargaan yang sebesar-besarnya kepada semua pihak yang terlibat pada pekerjaan lapang dan pengolahan data sehingga publikasi ini dapat terwujud.",annotator,labeled
Q009,DOC02_BSK,Berapa persentase balas jasa dan upah pekerja konstruksi terhadap nilai konstruk,table_row_column,maxmin_semantic,3,0,3,,8,8,"Jakarta, Oktober 2025 Kepala Badan Pusat Statistik Amalia Adininggar Widyasanti v  PREFACE B enchmark of Construction Statistics provide data aligned between The Quarterly Construction Establishment Survey and The Annual Construction Establishment Survey. This publication also describes the trend of the construction sector in Indonesia from 2018–2023.",annotator,labeled
Q009,DOC02_BSK,Berapa persentase balas jasa dan upah pekerja konstruksi terhadap nilai konstruk,table_row_column,recursive,58,1,14,,53,53,"0,46 0,44 0,49 0,50 0,50 0,49 Jawa Timur 10,28 10,25 11,10 11,07 11,12 11,52 Banten 3,05 3,00 3,26 3,36 3,34 3,24 Bali 1,05 1,03 1,07 1,06 1,03 0,99 Nusa Tenggara Barat 0,78 0,75 0,75 0,74 0,72 0,71 Nusa Tenggara Timur 0,56 0,52 0,53 0,52 0,50 0,50 Kalimantan Barat 1,29 1,28 1,38 1,38 1,34 1,32 Kalimantan Tengah 0,82 0,80 0,78 0,80 0,78 0,78 Kalimantan Selatan 0,87 0,87 0,88 0,90 0,89 0,88 Kalimantan Timur 2,57 2,56 2,82 2,78 2,74 2,69 Kalimantan Utara 0,45 0,47 0,52 0,51 0,50 0,46 Sulawesi Utara 0,75 0,72 0,80 0,78 0,77 0,74 Sulawesi Tengah 0,76 0,73 0,72 0,70 0,70 0,68 Sulawesi Selatan 1,71 1,69 1,86 1,89 1,82 1,84 Sulawesi Tenggara 0,64 0,62 0,61 0,62 0,60 0,58 Gorontalo 0,21 0,20 0,21 0,20 0,20 0,19 Sulawesi Barat 0,25 0,24 0,24 0,24 0,24 0,22 Maluku 0,30 0,29 0,29 0,29 0,28 0,27 Maluk",annotator,labeled
Q009,DOC02_BSK,Berapa persentase balas jasa dan upah pekerja konstruksi terhadap nilai konstruk,table_row_column,recursive,59,1,11,,54,54,"13,71 14,47 14,47 14,42 14,39 Riau 13,39 12,90 13,13 13,06 13,05 13,00 Jambi 18,00 16,61 18,70 18,66 18,64 18,55 Sumatera Selatan 15,92 15,14 15,48 15,40 15,29 15,21 Bengkulu 20,00 18,94 21,16 21,19 21,05 20,74 Lampung 18,36 17,38 17,78 17,63 17,59 17,56 Kep. Bangka Belitung 19,07 18,30 18,73 18,69 18,28 18,10 Kepulauan Riau 23,81 23,60 23,93 23,83 23,32 23,31 D.K.I. Jakarta 16,33 15,78 17,85 17,72 17,51 17,33 Jawa Barat 18,74 17,71 17,86 17,62 17,27 16,91 Jawa Tengah 16,50 16,25 16,53 16,26 15,91 15,72 D.I. Yogyakarta 17,20 15,75 15,83 15,60 15,45 15,38 Jawa Timur 16,39 15,80 16,60 16,49 16,17 15,96 Banten 20,99 19,12 19,57 19,47 19,36 19,07 Bali 16,60 15,91 16,67 16,68 16,87 16,77 Nusa Tenggara Barat 14,96 14,31 14,76 14,77 14,81 14,67 Nusa Tenggara Timur 13,14 12,43 12,54 12,38 12,09 12",annotator,labeled
Q009,DOC02_BSK,Berapa persentase balas jasa dan upah pekerja konstruksi terhadap nilai konstruk,table_row_column,recursive,30,0,6,,32,32,"Digunakan Konstruksi TABEL 15 Tabel-Tabel Tables  Banyaknya Pekerja Tetap Konstruksi Menurut Provinsi, 2018–2023 Number of Construction Permanent Workers by Province, 2018–2023 TABEL TABLE 2.2 PROVINSI/PROVINCE 2018 2019 2020 2021 2022 2023 |(1)|(2)|(3)|(4)|(5)|(6)|(7)| |---|---|---|---|---|---|---| (1) (2) (3) (4) (5) (6) (7) Aceh 9.636 9.911 9.722 9.742 9.761 9.822 Sumatera Utara 38.910 40.180 39.523 39.808 40.254 41.003 Sumatera Barat 9.448 9.652 9.554 9.770 9.908 10.110 Riau 24.887 25.774 25.415 26.051 26.324 26.853 Jambi 7.932 8.128 8.038 8.108 8.241 8.355 Sumatera Selatan 18.119 18.709 18.422 18.937 19.167 19.602 Bengkulu 6.355 6.520 6.396 6.467 6.521 6.593 Lampung 12.749 13.045 12.817 12.983 13.038 13.181 Kep. Bangka Belitung 6.118 6.221 6.150 6.204 6.228 6.327 Kepulauan Riau 18.431",annotator,labeled
Q009,DOC02_BSK,Berapa persentase balas jasa dan upah pekerja konstruksi terhadap nilai konstruk,table_row_column,recursive,31,0,6,,33,33,"5.026 5.314 5.240 5.244 5.269 5.211 Sulawesi Utara 6.158 6.278 6.162 6.164 6.222 6.271 Sulawesi Tengah 9.922 10.095 9.753 9.771 9.896 10.023 Sulawesi Selatan 23.241 24.016 23.605 23.899 24.054 24.429 Sulawesi Tenggara 7.243 7.410 7.331 7.349 7.351 7.380 Gorontalo 2.912 2.986 2.887 2.889 2.890 2.928 Sulawesi Barat 2.388 2.429 2.365 2.401 2.414 2.425 Maluku 4.421 4.564 4.270 4.351 4.423 4.445 Maluku Utara 3.433 3.521 3.470 3.475 3.503 3.538 Papua Barat 9.720 10.088 9.711 9.789 9.845 9.707 Papua 34.854 35.849 35.351 35.459 35.529 35.781 INDONESIA 1.130.815 1.162.297 1.138.186 1.147.170 1.157.245 1.174.009 16 Benchmark Statistik Konstruksi, 2018-2023 Benchmark Construction Statistics, 2018-2023  TABEL TABLE 2.3 Pertumbuhan Pekerja Tetap Konstruksi Menurut Provinsi (persen), 2018–2023 Growth of",annotator,labeled
Q009,DOC02_BSK,Berapa persentase balas jasa dan upah pekerja konstruksi terhadap nilai konstruk,table_row_column,recursive,32,0,6,,34,34,"1,72 Jawa Timur 2,61 2,56 1,75 0,14 0,06 1,23 Banten 1,64 2,64 1,16 2,57 1,12 1,17 Bali 2,62 2,74 1,59 1,24 0,94 0,07 Nusa Tenggara Barat 1,99 2,06 1,26 1,36 0,72 1,44 Nusa Tenggara Timur 2,10 2,12 1,31 0,25 0,07 1,31 Kalimantan Barat 2,28 2,79 1,87 0,09 0,05 1,05 Kalimantan Tengah 0,20 1,25 1,99 3,11 0,75 1,72 Kalimantan Selatan 2,28 2,79 2,75 2,20 1,30 0,72 Kalimantan Timur 4,51 4,61 1,22 1,07 0,91 1,79 Kalimantan Utara 6,44 5,73 1,39 0,08 0,48 1,10 Sulawesi Utara 1,62 1,95 1,85 0,03 0,94 0,79 Sulawesi Tengah 1,51 1,74 3,39 0,18 1,28 1,28 Sulawesi Selatan 3,06 3,33 1,71 1,25 0,65 1,56 Sulawesi Tenggara 2,26 2,31 1,07 0,25 0,03 0,39 Gorontalo 2,75 2,54 3,32 0,07 0,03 1,31 Sulawesi Barat 1,62 1,72 2,63 1,52 0,54 0,46 Maluku 3,17 3,23 6,44 1,90 1,65 0,50 Maluku Utara 2,20 2,56 1,45 0,14 0,8",annotator,labeled
Q010,DOC02_BSK,Apa yang dimaksud dengan Pengeluaran Bahan/Material yang Digunakan dalam penghit,paragraph,element_based,39,1,13,,21,21,8. Pengeluaran Bahan/Material yang Digunakan  Pengeluaran bahan/material yang digunakan adalah seluruh biaya/ pengeluaran yang berkaitan langsung dengan usaha konstruksi berupa bahan baku dan penolong.  Pengeluaran ditentukan — berdasarkan konsep pemakaian bahan yang dibeli maupun yang diproduksi sendiri. Biaya bahan dan penolong yang diproduksi sendiri dinilai atas dasar harga pasar atau pengeluaran untuk memperolehnya.,annotator,labeled
Q010,DOC02_BSK,Apa yang dimaksud dengan Pengeluaran Bahan/Material yang Digunakan dalam penghit,paragraph,element_based,4,0,2,,7,7,"KATA PENGANTAR  selaras antara Survei Perusahaan Konstruksi Triwulanan dan Survei Perusahaan Konstruksi Tahunan. Melalui publikasi ini akan terlihat perkembangan sektor konstruksi Indonesia selama tahun 2018-2023. B enchmark Statistik Konstruksi bertujuan untuk menyajikan data yang  Kondisi konstruksi Indonesia yang dicakup dalam publikasi ini meliputi beberapa indikator, yaitu: pekerja tetap, hari-orang, balasjasa dan upah, balas jasa pekerja tetap, upah pekerja harian, nilai konstruksi yang diselesaikan, dan nilai pengeluaran bahan bangunan/material yang digunakan konstruksi selama tahun 2018-2023. Benchmark statistik konstruksi setiap provinsi diperoleh dengan cara menetapkan tahun tertentu, yaitu tahun 2016, sebagai tahun dasar, selanjutnya data pada tahun tersebut digerakkan dengan be",annotator,labeled
Q010,DOC02_BSK,Apa yang dimaksud dengan Pengeluaran Bahan/Material yang Digunakan dalam penghit,paragraph,element_based,23,0,2,,19,19,RUANG LINGKUP  Statistik konstruksi yang menjadi dasar benchmarking adalah hasil Survei Perusahaan Konstruksi Triwulanan dan Tahunan tahun 2018 sampai dengan 2023. Series data yang digunakan dalam benchmarking adalah:  a. Indeks dan Banyaknya Pekerja Tetap onstruksi b. Indeks Hari-Orang dan Banyaknya Hari- Orang Pekerja Harian Konstruksi Cc. Indeks dan Nilai Balas Jasa dan Upah Pekerja onstruksi d. Indeks dan Nilai Balas Jasa Pekerja Tetap onstruksi e. Indeks dan Nilai Upah Pekerja Harian onstruksi f. Indeks dan Diselesaikan. Nilai — Konstruksi yang,annotator,labeled
Q010,DOC02_BSK,Apa yang dimaksud dengan Pengeluaran Bahan/Material yang Digunakan dalam penghit,paragraph,element_based,56,0,2,,24,25,"2.2.4 Benchmark of Construction Indices  Benchmarking is a technigue of combining data with the same variable from two sources of different freguencies: first, data which is more freguent (like Ouarterly Construction Establishment Survey) is believed to be less accurate because it has less samples, and on the other hand, data which is less freguent (like the Annual Construction Establishment Survey), is believed to be more complete and therefore, more reliable to provide  dengan cakupan lebih lengkap dan dapat lebih dipercaya dalam menyediakan tingkat akurasi. Data tahunan yang tingkat kepercayaannya lebih tinggi, digunakan sebagai acuan atau benchmark pada fluktuasi data triwulanan.  Tujuan utama dari teknik penggunaan benchmarking adalah mendistribusikan perbedaan antara dua series data ",annotator,labeled
Q010,DOC02_BSK,Apa yang dimaksud dengan Pengeluaran Bahan/Material yang Digunakan dalam penghit,paragraph,element_based,58,0,2,,25,26,"2.2.5 Benchmark of Construction Statistics  a.  Benchmarked Construction Permanent Workers Benchmarked — Construction — Permanent Workers for each province is obtained by setting the numberof construction permanent workers in one year as a benchmark, and then the data is driven by the previous and subseguent annual growth benchmark. Benchmarked Mandays of Construction Casual Workers  b.  Penjelasan Explanation  Benchmark Hari-Orang Pekerja Harian Konstruksi masing-masing provinsi diperoleh dengan cara menetapkan jumlah hari-orang pekerja harian konstruksi pada salah satu tahun sebagai benchmark, selanjutnya data variabel tersebut digerakkan dengan benchmark pertumbuhan tahunan sebelum dan sesudahnya.  c. Benchmark Balas Jasa dan Upah Pekerja Konstruksi  Benchmark Balas Jasa dan Upah Pekerj",Haikal Thoriq Athaya,labeled
Q010,DOC02_BSK,Apa yang dimaksud dengan Pengeluaran Bahan/Material yang Digunakan dalam penghit,paragraph,maxmin_semantic,29,1,11,,21,21,Pengeluaran Bahan/Material yang Digunakan Pengeluaran bahan/material yang digunakan adalah seluruh biaya/ pengeluaran yang berkaitan langsung dengan usaha konstruksi berupa bahan baku dan penolong. 8.,annotator,labeled
Q010,DOC02_BSK,Apa yang dimaksud dengan Pengeluaran Bahan/Material yang Digunakan dalam penghit,paragraph,maxmin_semantic,123,0,5,,100,100,"**|**Pekerjaan yang dicakup pada Blok VII meliputi semua pekerjaan konstruksi yang dilaksanakan selama tahun 2023, baik yang dimulai pada**<br>**tahun sebelumnya maupun yang dimulai pada tahun 2023, baik di dalam negeri maupun di luar negeri. **|**Pekerjaan yang dicakup pada Blok VII meliputi semua pekerjaan konstruksi yang dilaksanakan selama tahun 2023, baik yang dimulai pada**<br>**tahun sebelumnya maupun yang dimulai pada tahun 2023, baik di dalam negeri maupun di luar negeri. **|**Pekerjaan yang dicakup pada Blok VII meliputi semua pekerjaan konstruksi yang dilaksanakan selama tahun 2023, baik yang dimulai pada**<br>**tahun sebelumnya maupun yang dimulai pada tahun 2023, baik di dalam negeri maupun di luar negeri. **|**Pekerjaan yang dicakup pada Blok VII meliputi semua pekerjaan kons",annotator,labeled
Q010,DOC02_BSK,Apa yang dimaksud dengan Pengeluaran Bahan/Material yang Digunakan dalam penghit,paragraph,maxmin_semantic,31,1,4,,21,21,Pengeluaran ditentukan berdasarkan konsep pemakaian bahan yang dibeli maupun yang diproduksi sendiri. Biaya bahan dan penolong yang diproduksi sendiri dinilai atas dasar harga pasar atau pengeluaran untuk memperolehnya. METODOLOGI METHODOLOGY 1.,annotator,labeled
Q010,DOC02_BSK,Apa yang dimaksud dengan Pengeluaran Bahan/Material yang Digunakan dalam penghit,paragraph,maxmin_semantic,1,0,2,,7,7,"Kondisi konstruksi Indonesia yang dicakup dalam publikasi ini meliputi beberapa indikator, yaitu: pekerja tetap, hari-orang, balas jasa dan upah, balas jasa pekerja tetap, upah pekerja harian, nilai konstruksi yang diselesaikan, dan nilai pengeluaran bahan bangunan/material yang digunakan konstruksi selama tahun 2018–2023. Benchmark statistik konstruksi setiap provinsi diperoleh dengan cara menetapkan tahun tertentu, yaitu tahun 2016, sebagai tahun dasar, selanjutnya data pada tahun tersebut digerakkan dengan benchmark pertumbuhan tahunan sebelum dan sesudahnya.",annotator,labeled
Q010,DOC02_BSK,Apa yang dimaksud dengan Pengeluaran Bahan/Material yang Digunakan dalam penghit,paragraph,maxmin_semantic,11,0,2,,19,19,Data series used for benchmarking are: a. Indices and Number of the Construction Permanent Workers b. Indices and Number of Mandays of Construction Casual Workers c. Indices and Value of Compensation and Wages of Construction Workers d. Indices and Value of Compensation of Construction Workers e. Indices and Value of Wages of Casual Construction Workers f. Indices and Value of Construction Works Completed. Statistik konstruksi yang menjadi dasar benchmarking adalah hasil Survei Perusahaan Konstruksi Triwulanan dan Tahunan tahun 2018 sampai dengan 2023. Series data yang digunakan dalam benchmarking adalah: a. Indeks dan Banyaknya Pekerja Tetap Konstruksi b. Indeks Hari-Orang dan Banyaknya Hari- Orang Pekerja Harian Konstruksi c. Indeks dan Nilai Balas Jasa dan Upah Pekerja Konstruksi d. Ind,annotator,labeled
Q010,DOC02_BSK,Apa yang dimaksud dengan Pengeluaran Bahan/Material yang Digunakan dalam penghit,paragraph,recursive,14,1,13,,21,21,"Upah adalah seluruh pengeluaran yang dibayarkan kepada pekerja harian dalam bentuk uang maupun barang sebagai balas jasa. 6. Wages of Casual Worker Wages is all expenses paid to the casual worker either in the form of money or goods as compensation. 4 Benchmark Statistik Konstruksi, 2018-2023 Benchmark Construction Statistics, 2018-2023  7. Nilai Konstruksi yang Diselesaikan Nilai konstruksi yang diselesaikan adalah nilai pekerjaan yang telah diselesaikan oleh pihak pemborong menurut realisasi proyek dalam jangka waktu tertentu, berdasarkan nilai kontrak antara pemilik dengan kontraktor. 7. Value of Construction Works Completed Value of construction works completed is the total value of work completed by contractor (excluding value of land) based on the progress of project in a certain per",annotator,labeled
Q010,DOC02_BSK,Apa yang dimaksud dengan Pengeluaran Bahan/Material yang Digunakan dalam penghit,paragraph,recursive,13,0,3,,21,21,"b. Pekerja Harian adalah pekerja yang tidak terikat secara tetap dengan perusahaan, dimana mereka hanya bekerja selama pekerjaan/proyek ada dan bila pekerjaan/ proyek telah selesai, maka secara otomatis mereka tidak mempunyai hubungan kerja lagi dengan perusahaan. 3. Worker Worker is a person who works in an establishment during enumeration, which includes technical worker and non-technical worker. Worker is divided into two categories, they are: permanent workers and casual workers. a. Permanent Worker is a worker who works at the establishment and receives fixed compensation/salaries without depending on the availability of activities. b. Casual Worker is a worker who works during the project and has no permanent relationship with the company when the project has been completed. 4. Hari-",annotator,labeled
Q010,DOC02_BSK,Apa yang dimaksud dengan Pengeluaran Bahan/Material yang Digunakan dalam penghit,paragraph,recursive,1,0,2,,6,8,"Mei Lianawati Windiasari Kurnia Rahmasari Desain Kover/Cover Designer Prisita Nallavasthi   KATA PENGANTAR B enchmark Statistik Konstruksi bertujuan untuk menyajikan data yang selaras antara Survei Perusahaan Konstruksi Triwulanan dan Survei Perusahaan Konstruksi Tahunan. Melalui publikasi ini akan terlihat perkembangan sektor konstruksi Indonesia selama tahun 2018–2023. Kondisi konstruksi Indonesia yang dicakup dalam publikasi ini meliputi beberapa indikator, yaitu: pekerja tetap, hari-orang, balas jasa dan upah, balas jasa pekerja tetap, upah pekerja harian, nilai konstruksi yang diselesaikan, dan nilai pengeluaran bahan bangunan/material yang digunakan konstruksi selama tahun 2018–2023. Benchmark statistik konstruksi setiap provinsi diperoleh dengan cara menetapkan tahun tertentu, yaitu",annotator,labeled
Q010,DOC02_BSK,Apa yang dimaksud dengan Pengeluaran Bahan/Material yang Digunakan dalam penghit,paragraph,recursive,11,0,2,,20,20,"Indonesia. Pengumpulan data konstruksi diawali dengan diadakannya sensus konstruksi tahun 1977 yang mencakup seluruh perusahaan konstruksi yang ada di seluruh wilayah Republik Indonesia. Sejak tahun 1989 pengumpulan data diadakan setiap tahun melalui Survei Perusahaan Konstruksi Tahunan yang mencakup perusahaan konstruksi berskala kecil, menengah, dan besar yang beroperasi di Indonesia. RUANG LINGKUP COVERAGE Construction statistics used for basic data is from Quarterly Construction Establishments Survey and the Annual Establishment Construction Survey from 2018 to 2023. Data series used for benchmarking are: a. Indices and Number of the Construction Permanent Workers b. Indices and Number of Mandays of Construction Casual Workers c. Indices and Value of Compensation and Wages of Construct",annotator,labeled
Q010,DOC02_BSK,Apa yang dimaksud dengan Pengeluaran Bahan/Material yang Digunakan dalam penghit,paragraph,recursive,22,0,2,,25,25,"Establishment Survey), is believed to be more complete and therefore, more reliable to provide 8 Benchmark Statistik Konstruksi, 2018-2023 Benchmark Construction Statistics, 2018-2023  an accurate level or benchmark. Annual data series which is more reliable are used as benchmark and applied to quarterly data fluctuations from the quarterly data series. dengan cakupan lebih lengkap dan dapat lebih dipercaya dalam menyediakan tingkat akurasi. Data tahunan yang tingkat kepercayaannya lebih tinggi, digunakan sebagai acuan atau benchmark pada fluktuasi data triwulanan. The primary aim of using some benchmarking techniques is to distribute the difference between two series of data in such a way so that the final data series is as close as possible to that of the original series. A well-known be",annotator,labeled
Q011,DOC03_CERDAS,Berapa nilai kecenderungan mismatch pendidikan untuk kelompok pemuda dengan lama,table_row_column,element_based,29,0,6,,23,23,"Lampiran  Lampiran 1 Hasil Model Regresi Logistik Determinan Mismatch Pemuda, 2024",annotator,labeled
Q011,DOC03_CERDAS,Berapa nilai kecenderungan mismatch pendidikan untuk kelompok pemuda dengan lama,table_row_column,element_based,23,0,2,,19,19,"Mengapa Bisa Begitu? Mengurai Akar Masalah  menunjukkan hal sebaliknya. Nilai referensi terdapat pada masing-masing baris pada kolom variabel dalam Lampiran 1.  Sesuai dengan permasalahan yang diangkat sebelumnya, di tengah persaingan pasar kerja yang semakin ketat, banyak tenaga kerja muda di Indonesia menghadapi sebuah dilema mengenai “mengapa gelar pendidikan tinggi tidak selalu menjadi tiket emas menuju pekerjaan yang sesuai?” Untuk memahami mengapa bonus demografi berisiko menjadi bom waktu, kita perlu mengurai beberapa akar masalah yang saling berkelindan. Pada analisis ini diharapkan dapat memberikan pencerahan, membingkai dilema ini melalui dua kacamata ekonomi, yakni Teori Modal Manusia dan Teori Sinyal.  Teori Modal Manusia berpendapat bahwa pendidikan meningkatkan produktivitas ",annotator,labeled
Q011,DOC03_CERDAS,Berapa nilai kecenderungan mismatch pendidikan untuk kelompok pemuda dengan lama,table_row_column,maxmin_semantic,117,1,11,,23,23,"Cerita Data Statistik Untuk Indonesia Volume 2, Nomor 10, 2025 22  Lampiran Lampiran 1 Hasil Model Regresi Logistik Determinan Mismatch Pemuda, 2024 |Variabel|β|Std. Error|Signifikansi|Kecenderungan<br>Mismatch| |---|---|---|---|---| |(1)|(2)|(3)|(4)|(5)| |Lama Bekerja<br>(0-14 Tahun)|0,1425|0,0047|0,0000|1,1531| |Penggunaan Teknologi Digital<br>(1=Ya;0=Tidak)|-0,0718|0,0127|0,0000|0,9307| |Sertifkasi<br>(1=Ya;0=Tidak)|-0,0345|0,0103|0,0008|0,9661| |Tingkat Pendidikan<br>(1=Dasar; 2=Menengah; 3=Tinggi)<br>|-0,2365<br>|0,0086<br>|0,0000<br>**id**|0,7894| |Sektor Pekerjaan<br>(1=Primer; 2=Sekunder; 3=Tersier)<br>|-0,0190<br>|0,0068<br>**go**|0,0051<br>**.",annotator,labeled
Q011,DOC03_CERDAS,Berapa nilai kecenderungan mismatch pendidikan untuk kelompok pemuda dengan lama,table_row_column,maxmin_semantic,66,0,2,,19,19,"Nilai referensi terdapat pada masing-masing baris pada kolom variabel dalam Lampiran 1. Sesuai dengan permasalahan yang diangkat sebelumnya, di tengah persaingan pasar kerja yang semakin ketat, banyak tenaga kerja muda di Indonesia menghadapi sebuah dilema mengenai “mengapa gelar pendidikan tinggi tidak selalu menjadi tiket emas menuju pekerjaan yang sesuai?”.",annotator,labeled
Q011,DOC03_CERDAS,Berapa nilai kecenderungan mismatch pendidikan untuk kelompok pemuda dengan lama,table_row_column,recursive,27,1,11,,22,23,"& Training 72 (4): 499–520. Naswa, Nabila. 2025. “Analisis Kesenjangan Gender Dalam Ketenagakerjaan di Indonesia”. Jurnal Multidisiplin Indonesia 4 (1), 1189-1200. Nuraeni, Yeni dan Ivan Lilin Suryono. 2021. “Analisis Kesetaraan Gender dalam Bidang Ketenagakerjaan di Indonesia”. Jurnal Ilmu Pemerintahan 20 (1), 68-79. org/10.35967/njip.v20i1.134. O’Reilly, Jacqueline, Janine Leschke, Renate Ortlieb, Martin Seeleib-Kaiser, and Paola Villa, eds. 2018. “Youth Labor in Transition: Inequalities, Mobility, and Policies in Europe”. New York: Oxford University Press, 2018. Pramesti, D., A. dan Aji Sofyan Effendi. 2025. “Peran Sektor Informal terhadap Penyerapan Tenaga Kerja”. Forum Ekonomi: Jurnal Ekonomi, Manajemen Dan Akuntansi, 27(2), 320- 328. Mismatch Pendidikan–Perkerjaan Pemuda Indonesia: I",annotator,labeled
Q011,DOC03_CERDAS,Berapa nilai kecenderungan mismatch pendidikan untuk kelompok pemuda dengan lama,table_row_column,recursive,28,1,11,,23,25,"22  Lampiran Lampiran 1 Hasil Model Regresi Logistik Determinan Mismatch Pemuda, 2024 |Variabel|β|Std. Error|Signifikansi|Kecenderungan<br>Mismatch| |---|---|---|---|---| |(1)|(2)|(3)|(4)|(5)| |Lama Bekerja<br>(0-14 Tahun)|0,1425|0,0047|0,0000|1,1531| |Penggunaan Teknologi Digital<br>(1=Ya;0=Tidak)|-0,0718|0,0127|0,0000|0,9307| |Sertifkasi<br>(1=Ya;0=Tidak)|-0,0345|0,0103|0,0008|0,9661| |Tingkat Pendidikan<br>(1=Dasar; 2=Menengah; 3=Tinggi)<br>|-0,2365<br>|0,0086<br>|0,0000<br>**id**|0,7894| |Sektor Pekerjaan<br>(1=Primer; 2=Sekunder; 3=Tersier)<br>|-0,0190<br>|0,0068<br>**go**|0,0051<br>**.**|0,9812| |Keikutsertaan Kartu Prakerja<br>(1=Ya; 0=Tidak)<br>|-0,0548<br>|0,0118<br>**bps.**|0,0000<br>|0,9466| |Umur<br>(16-30 Tahun)<br>|-0,0012<br>**www**|0,0005<br>|0,0215<br>|0,9988| |Jenis Kelam",Haikal Thoriq Athaya,labeled
Q011,DOC03_CERDAS,Berapa nilai kecenderungan mismatch pendidikan untuk kelompok pemuda dengan lama,table_row_column,recursive,22,0,2,,19,19,"Selain itu, sebanyak 19,25 persen pemuda undereducated berhenti bekerja karena pendapatan yang kurang memuaskan. Alasan ini mencerminkan adanya dorongan untuk mencari pekerjaan yang lebih layak dengan pendapatan yang lebih memuaskan. Sementara itu, 13,29 persen pemuda undereducated menyatakan ketidakcocokan Cerita Data Statistik Untuk Indonesia Volume 2, Nomor 10, 2025 18  Mengapa Bisa Begitu? Mengurai Akar Masalah menunjukkan hal sebaliknya. Nilai referensi terdapat pada masing-masing baris pada kolom variabel dalam Lampiran 1. Sesuai dengan permasalahan yang diangkat sebelumnya, di tengah persaingan pasar kerja yang semakin ketat, banyak tenaga kerja muda di Indonesia menghadapi sebuah dilema mengenai “mengapa gelar pendidikan tinggi tidak selalu menjadi tiket emas menuju pekerjaan yang ",annotator,labeled
Q013,DOC03_CERDAS,Berapa hazard ratio pemuda overeducated dibandingkan pemuda dengan pendidikan ya,table_row_column,element_based,31,1,6,,23,25,"Lampiran  Mismatch Pendidikan-Perkerjaan Pemuda Indonesia: Implikasi bagi Bonus Demografi  80-09SI ueyuesepung Useli2yad UEP UEYIPIPUSd EJEJUY Isuapuodsauoyi jage| 2 uedidwey  L1-3OSI  Sw0y2AN330 AvEjueWwerT 6 Siojeladg SUNYIENY PUB JUEId 8 SOPEII PENEJOH PUE YBID 2 A9SS1OJ TEINNOUDY PONNS 9 SIOMOM SGIES PUE SOOLOS 5 SI3WIOM NOJINS (2OUE19 P DIEIOOSSY PUE SUBNIUYODI £ EH SISEPUEW | sdnoid Jofew 80-0OSI  (ON) Yonyez1ue810 10ge1 jeuoneuJajuj Jagung  Lampiran 3 Hasil Cox Proportional Hazards Model Untuk Durasi Waktu Mencari Kerja Pemuda, 2024",Haikal Thoriq Athaya,labeled
Q013,DOC03_CERDAS,Berapa hazard ratio pemuda overeducated dibandingkan pemuda dengan pendidikan ya,table_row_column,element_based,32,0,6,,25,25,"Variabel B Std.Error — Signifikansi — Hazard Ratio ta) (2j (3) ta) (5) Mereduate 4 007110 003094 0021553 10737 Undereducated 4 -0,10826 0,05247 0,039067 0,8974 Ja ema TEA -009948 003004 0,000927 0,9053 Pulau same -0,57467 009613 0,000000 0,5629 Klasifikasi Maa desaan) -018092 002903 0,000000 0,8345 eri n, 0-Belum Kawin) WES 001038 Oyatasat 16174 ae benda, Terdidik) -0,28107 0,03339 0,000000 0,7550 Lpangan Ula 0,12782 0,02861 0,000000 11363 1-Utama, O-Lainnya)",Haikal Thoriq Athaya,labeled
Q013,DOC03_CERDAS,Berapa hazard ratio pemuda overeducated dibandingkan pemuda dengan pendidikan ya,table_row_column,element_based,18,0,3,,13,14,"Mimpi vs Realita: Apa Kata Data?  Fenomena ini sangat relevan dengan kondisi pemuda Indonesia saat ini. Di tengah bonus  Setelah mengamati pola waktu mencari kerja melalui kurva Kaplan-Meier, pertanyaan yang selanjutnya muncul adalah seberapa besar peluang tiap kelompok pemuda untuk lebih cepat mencapai garis finish? Oleh karena itu,  Mismatch Pendidikan-Perkerjaan Pemuda Indonesia: Implikasi bagi Bonus Demografi  1 3  analisis hazard ratio (HR) akan membantu untuk menjawabnya. Jika kurva Kaplan- Meier menggambarkan jalannya lomba, HR ibarat stopwatch yang menghitung kecepatan relatif antar pelari. HR adalah ukuran dalam survival analysis yang menunjukkan perbandingan kecepatan terjadinya suatu peristiwa antara dua kelompok yang dihitung dari hasil model Cox Proportional Hazard melalui tra",Haikal Thoriq Athaya,labeled
Q013,DOC03_CERDAS,Berapa hazard ratio pemuda overeducated dibandingkan pemuda dengan pendidikan ya,table_row_column,maxmin_semantic,119,1,8,,26,28,"Error|Signifikansi|Hazard Ratio| |---|---|---|---|---| |(1)|(2)|(3)|(4)|(5)| |_Overeducated_<br>(Referensi=_Matched_)|0,07110|0,03094|0,021553|1,0737| |_Undereducated_<br>(Referensi=_Matched_)|-0,10826|0,05247|0,039067|0,8974| |Jenis Kelamin<br>(1=Perempuan; 0=Laki-laki)|-0,09948|0,03004|0,000927|0,9053| |Pulau<br>(1=Jawa; 0=Luar Jawa)|-0,57467|0,09613|0,000000|0,5629| |Klasifkasi Wilayah<br>(1=Perkotaan; 0=Perdesaan)<br>|-0,18092<br>|0,02903<br>|0,000000<br>|0,8345| |Status Perkawinan<br>(1=Sudah/Pernah Kawin; 0=Belum Kawin)<br>|0,48081<br>|0,03066<br>**o.i**|0,000000<br>|1,6174| |Tingkat Pendidikan<br>(1=Terdidik; 0=Tidak Terdidik)<br>|-0,28107<br>|0,03339<br>**s.g**|0,000000<br>|0,7550| |Lapangan Usaha<br>(1=Utama; 0=Lainnya)<br>|0,12782<br>**ww.b**|0,02861<br>|0,000000<br>|1,1363|",Haikal Thoriq Athaya,labeled
Q013,DOC03_CERDAS,Berapa hazard ratio pemuda overeducated dibandingkan pemuda dengan pendidikan ya,table_row_column,maxmin_semantic,118,0,6,,24,25,"**|0,9812| |Keikutsertaan Kartu Prakerja<br>(1=Ya; 0=Tidak)<br>|-0,0548<br>|0,0118<br>**bps. **|0,0000<br>|0,9466| |Umur<br>(16-30 Tahun)<br>|-0,0012<br>**www**|0,0005<br>|0,0215<br>|0,9988| |Jenis Kelamin<br>(1=Laki-laki; 2=Perempuan)<br>**s**|-0,0402<br>**://**|0,0096<br>|0,0000<br>|0,9606| |Status Perkawinan<br>(1=Pernah Kawin; 0=Belum Pernah)<br>**http**|-0,1487<br>|0,0095<br>|0,0000<br>|0,8618| |Klasifkasi Wilayah<br>(1=Perkotaan; 2=Perdesaan)|-0,0210|0,0098|0,0321|0,9792| |_Constant_|0,4932|0,0397|0,0000|1,6376| Mismatch Pendidikan–Perkerjaan Pemuda Indonesia: Implikasi bagi Bonus Demografi 23  Lampiran 2 Tabel Korespondensi Antara Pendidikan dan Pekerjaan Berdasarkan ISCO-08 Sumber: International Labor Organization (ILO) Cerita Data Statistik Untuk Indonesia Volume 2, Nomor 10, 2025",Haikal Thoriq Athaya,labeled
Q013,DOC03_CERDAS,Berapa hazard ratio pemuda overeducated dibandingkan pemuda dengan pendidikan ya,table_row_column,maxmin_semantic,37,0,3,,14,14,"Oleh karena itu, Fenomena ini sangat relevan dengan kondisi pemuda Indonesia saat ini. Di tengah bonus Mismatch Pendidikan–Perkerjaan Pemuda Indonesia: Implikasi bagi Bonus Demografi 13  analisis hazard ratio (HR) akan membantu untuk menjawabnya. Jika kurva Kaplan- Meier menggambarkan jalannya lomba, HR ibarat stopwatch yang menghitung kecepatan relatif antar pelari.",Haikal Thoriq Athaya,labeled
Q013,DOC03_CERDAS,Berapa hazard ratio pemuda overeducated dibandingkan pemuda dengan pendidikan ya,table_row_column,recursive,28,1,14,,23,25,"22  Lampiran Lampiran 1 Hasil Model Regresi Logistik Determinan Mismatch Pemuda, 2024 |Variabel|β|Std. Error|Signifikansi|Kecenderungan<br>Mismatch| |---|---|---|---|---| |(1)|(2)|(3)|(4)|(5)| |Lama Bekerja<br>(0-14 Tahun)|0,1425|0,0047|0,0000|1,1531| |Penggunaan Teknologi Digital<br>(1=Ya;0=Tidak)|-0,0718|0,0127|0,0000|0,9307| |Sertifkasi<br>(1=Ya;0=Tidak)|-0,0345|0,0103|0,0008|0,9661| |Tingkat Pendidikan<br>(1=Dasar; 2=Menengah; 3=Tinggi)<br>|-0,2365<br>|0,0086<br>|0,0000<br>**id**|0,7894| |Sektor Pekerjaan<br>(1=Primer; 2=Sekunder; 3=Tersier)<br>|-0,0190<br>|0,0068<br>**go**|0,0051<br>**.**|0,9812| |Keikutsertaan Kartu Prakerja<br>(1=Ya; 0=Tidak)<br>|-0,0548<br>|0,0118<br>**bps.**|0,0000<br>|0,9466| |Umur<br>(16-30 Tahun)<br>|-0,0012<br>**www**|0,0005<br>|0,0215<br>|0,9988| |Jenis Kelam",Haikal Thoriq Athaya,labeled
Q013,DOC03_CERDAS,Berapa hazard ratio pemuda overeducated dibandingkan pemuda dengan pendidikan ya,table_row_column,recursive,29,1,8,,26,28,"2024 |Variabel|β|Std. Error|Signifikansi|Hazard Ratio| |---|---|---|---|---| |(1)|(2)|(3)|(4)|(5)| |_Overeducated_<br>(Referensi=_Matched_)|0,07110|0,03094|0,021553|1,0737| |_Undereducated_<br>(Referensi=_Matched_)|-0,10826|0,05247|0,039067|0,8974| |Jenis Kelamin<br>(1=Perempuan; 0=Laki-laki)|-0,09948|0,03004|0,000927|0,9053| |Pulau<br>(1=Jawa; 0=Luar Jawa)|-0,57467|0,09613|0,000000|0,5629| |Klasifkasi Wilayah<br>(1=Perkotaan; 0=Perdesaan)<br>|-0,18092<br>|0,02903<br>|0,000000<br>|0,8345| |Status Perkawinan<br>(1=Sudah/Pernah Kawin; 0=Belum Kawin)<br>|0,48081<br>|0,03066<br>**o.i**|0,000000<br>|1,6174| |Tingkat Pendidikan<br>(1=Terdidik; 0=Tidak Terdidik)<br>|-0,28107<br>|0,03339<br>**s.g**|0,000000<br>|0,7550| |Lapangan Usaha<br>(1=Utama; 0=Lainnya)<br>|0,12782<br>**ww.b**|0,02861<br>|0,0",Haikal Thoriq Athaya,labeled
Q013,DOC03_CERDAS,Berapa hazard ratio pemuda overeducated dibandingkan pemuda dengan pendidikan ya,table_row_column,recursive,14,0,3,,14,14,"Sementara itu, Huertas & Raymond (2024) menegaskan bahwa overeducated umumnya bersifat sementara karena pekerja berpendidikan tinggi cenderung lebih cepat menyesuaikan diri dengan memeroleh pekerjaan yang lebih sesuai. Namun demikian, balapan menuju pintu kerja ini tidak hanya dipengaruhi oleh kecocokan pendidikan dan pekerjaan sebelumnya. Latar belakang demografi, sosial, dan ekonomi juga ikut menentukan lintasan yang ditempuh setiap pencari kerja. Ada yang jalannya lebih mulus, ada yang harus menempuh putaran lebih panjang. Siapa yang sebenarnya lebih diuntungkan dalam lomba ini dan siapa yang masih tertinggal di garis start? Mimpi vs Realita: Apa Kata Data? Setelah mengamati pola waktu mencari kerja melalui kurva Kaplan-Meier, pertanyaan yang selanjutnya muncul adalah seberapa besar pel",Haikal Thoriq Athaya,labeled
Q015,DOC03_CERDAS,Berapa persentase angkatan kerja muda yang mengalami vertical mismatch di Indone,bullet,element_based,10,1,13,,7,8,"IKHTISAR  Indonesia menghadapi tantangan bonus demografi, ketika jumlah penduduk usia produktif melimpah tetapi Tingkat Pengangguran Terbuka (TPT) pemuda justru dua kali lipat lebih tinggi dibandingkan TPT nasional. Salah satu akar masalahnya adalah fenomena vertical mismatch dimana lebih dari sepertiga (36,36 persen) angkatan kerja muda bekerja pada posisi yang tidak sesuai dengan tingkat pendidikannya. Kondisi overeducated maupun undereducated nyatanya menyebabkan kerugian jangka panjang berupa “wage penalty”, yaitu upah pekerja cenderung stagnan dan akhirnya lebih rendah dibandingkan rekan mereka yang bekerja di bidang yang sesuai. Fenomena ini merupakan bentuk inefisiensi masif dalam perekonomian. Status mismatch berpengaruh besar terhadap lama waktu mencari pekerjaan atau transisi ker",Haikal Thoriq Athaya,labeled
Q015,DOC03_CERDAS,Berapa persentase angkatan kerja muda yang mengalami vertical mismatch di Indone,bullet,element_based,7,0,5,,5,5,"KATA PENGANTAR  |  Kepada para Sahabat Data yang budiman,  Puji syukur kehadirat Allah SWT yang telah memberikan rahmat dan hidayahNya atas selesainya buklet Cerita Data Statistik (CERDAS) Untuk Indonesia Edisi 2025.10. Buklet ini berisi artikel yang memanfaatkan sumber data inovatif dan statistik resmi untuk memberikan gagasan yang berkaitan dengan isu sosial ekonomi. Pada edisi kali ini, CERDAS Untuk Indonesia membahas tentang isu ketidaksesuaian antara pekerjaan dan pendidikan di kalangan pemuda.  Indonesia menghadapi tantangan bonus demografi ketika TPT pemuda dua kali tinggi dari nasional. Salah satu penyebabnya adalah vertical mismatch, dengan dari sepertiga pemuda bekerja pada posisi yang tidak sesuai dengan tingkat Kondisi overeducated dan undereducated menimbulkan wage penalty dan",Haikal Thoriq Athaya,labeled
Q015,DOC03_CERDAS,Berapa persentase angkatan kerja muda yang mengalami vertical mismatch di Indone,bullet,element_based,11,0,5,,8,8,"Ledakan Pemuda: Bonus Demografi atau Bom Waktu  Indonesia saat ini berada di tengah periode emas yang disebut sebagai “bonus demografi”, sebuah fase di mana jumlah penduduk usia produktif (15-64 tahun) jauh melampaui populasi non-produktif. Secara teori, ini adalah jendela peluang langka untuk melesatkan pertumbuhan ekonomi dan kesejahteraan bangsa. Namun, di balik narasi optimis ini, tersembunyi sebuah paradoks yang mengkhawatirkan. Ketika jumlah pemuda! melimpah, mengapa justru tingkat pengangguran di kalangan mereka menjadi yang paling tinggi dibandingkan kelompok usia lainnya?  Data Badan Pusat Statistik (BPS) menunjukkan dinamika yang menarik terkait Tingkat Pengangguran Terbuka (TPT) di Indonesia selama 2017-2024. Secara umum, TPT nasional untuk penduduk usia kerja (15 tahun ke atas)",Haikal Thoriq Athaya,labeled
Q015,DOC03_CERDAS,Berapa persentase angkatan kerja muda yang mengalami vertical mismatch di Indone,bullet,element_based,13,0,5,,10,10,"Ledakan Pemuda: Bonus Demografi atau Bom Waktu  wirausaha, serta akses kredit bagi pemuda— kecenderungan mereka untuk masuk ke sektorwhitecollarakantetapterbatas. Dengan demikian, rendahnya proporsi pemuda dalam wirausaha formal memperlihatkan adanya potensi bonus demografi yang belum terkelola optimal, dan jika dibiarkan, akan mengurangi daya saing ekonomi Indonesia dalam jangka panjang.  Kondisi ini tak pelak memunculkan pertanyaan fundamental: Apakah sistem pendidikan kita sudah selaras dengan kebutuhan pasar kerja yang dinamis?  undereducated. Kondisi ini berarti terdapat 35,36 persen pekerja muda yang tidak berada pada posisi kerja yang sesuai dengan tingkat pendidikan mereka, mencerminkan ketidaksesuaian antara pasokan keterampilan lulusan dengan permintaan riil dunia kerja. Fenomena",Haikal Thoriq Athaya,labeled
Q015,DOC03_CERDAS,Berapa persentase angkatan kerja muda yang mengalami vertical mismatch di Indone,bullet,element_based,14,0,5,,10,11,"Ledakan Pemuda: Bonus Demografi atau Bom Waktu  Fenomena mismatch pendidikan-pekerjaan di kalangan angkatan kerja muda Indonesia terus menjadi persoalan signifikan yang tidak hanya mempengaruhi kesejahteraan individu tetapi juga produktivitas nasional. Sebagai contoh, penelitian Khoiruddin (2024) menunjukkan bahwa pekerja muda dengan tingkat pendidikan yang lebih tinggi lebih rentan mengalami overeducated, terutama di wilayah dengan peluang kerja pada sektor industri dan jasa terbatas. Selain itu, ditemukan bahwa pekerja yang mengalami overeducated menerima upah yang lebih rendah hingga sekitar 7,57 persen dibanding pekerja yang pekerjaannya sesuai dengan pendidikan mereka. Selain itu, mismatch juga memengaruhi durasi pengangguran  10 Cerita Data Statistik Untuk Indonesia Volume 2, Nomor 1",Haikal Thoriq Athaya,labeled
Q015,DOC03_CERDAS,Berapa persentase angkatan kerja muda yang mengalami vertical mismatch di Indone,bullet,maxmin_semantic,7,1,11,,7,7,"Salah satu akar masalahnya adalah fenomena vertical mismatch dimana lebih dari sepertiga (36,36 persen) angkatan kerja muda bekerja pada posisi yang tidak sesuai dengan tingkat pendidikannya. Kondisi overeducated maupun undereducated nyatanya menyebabkan kerugian jangka panjang berupa “wage penalty”, yaitu upah pekerja cenderung stagnan dan akhirnya lebih rendah dibandingkan rekan mereka yang bekerja di bidang yang sesuai. Fenomena ini merupakan bentuk inefisiensi masif dalam perekonomian.",Haikal Thoriq Athaya,labeled
Q015,DOC03_CERDAS,Berapa persentase angkatan kerja muda yang mengalami vertical mismatch di Indone,bullet,maxmin_semantic,2,0,5,,5,5,"Pada edisi kali ini, CERDAS Untuk Indonesia membahas tentang isu ketidaksesuaian antara pekerjaan dan pendidikan di kalangan pemuda. Indonesia menghadapi tantangan bonus demografi ketika TPT pemuda dua kali lipat lebih tinggi dari nasional. Salah satu penyebabnya adalah vertical mismatch, dengan kondisi lebih dari sepertiga pemuda bekerja pada posisi yang tidak sesuai dengan tingkat pendidikan.",Haikal Thoriq Athaya,labeled
Q015,DOC03_CERDAS,Berapa persentase angkatan kerja muda yang mengalami vertical mismatch di Indone,bullet,maxmin_semantic,16,0,5,,9,10,"Secara umum, TPT nasional untuk penduduk usia kerja (15 tahun ke atas) terus mengalami Sumber: Badan Pusat Statistik, Survei Angkatan Kerja Nasional Agustus 2017–2024 Gambar 1 Tren Perkembangan TPT Penduduk Usia 15 Tahun ke Atas dan TPT Pemuda, 2017– 2024 yakni kesenjangan keterampilan, minimnya pengalaman kerja, hingga keterbatasan akses informasi pasar kerja. Dengan kata lain, meskipun perekonomian nasional berhasil 1 Merujuk pada Undang-Undang Republik Indonesia Nomor 40 Tahun 2009 tentang Kepemudaan, pemuda adalah warga negara Indonesia yang berusia 16 (enam belas) sampai dengan 30 (tiga puluh) tahun. Cerita Data Statistik Untuk Indonesia Volume 2, Nomor 10, 2025 8  menurun pada 2024. Angka ini menandakan bahwa jalur kewirausahaan formal kelas menengah belum menjadi pilihan dominan di ",Haikal Thoriq Athaya,labeled
Q015,DOC03_CERDAS,Berapa persentase angkatan kerja muda yang mengalami vertical mismatch di Indone,bullet,maxmin_semantic,18,0,5,,10,10,"Contoh jamak kasus klasik overeducated yang kita temui adalah seorang sarjana yang bekerja sebagai staf administrasi atau kasir. Sumber: Badan Pusat Statistik, Survei Angkatan Kerja Nasional Agustus 2024, diolah Gambar 3 Persentase Pekerja Pemuda Berdasarkan Status Mismatch, 2024 Fenomena mismatch pendidikan-pekerjaan di kalangan angkatan kerja muda Indonesia terus menjadi persoalan signifikan yang tidak hanya mempengaruhi kesejahteraan individu tetapi juga produktivitas nasional. Sebagai contoh, penelitian Khoiruddin (2024) menunjukkan bahwa pekerja muda dengan tingkat pendidikan yang lebih tinggi lebih rentan mengalami overeducated, terutama di wilayah dengan peluang kerja pada sektor industri dan jasa terbatas.",Haikal Thoriq Athaya,labeled
Q015,DOC03_CERDAS,Berapa persentase angkatan kerja muda yang mengalami vertical mismatch di Indone,bullet,maxmin_semantic,20,0,5,,11,11,"Data menunjukkan bahwa hanya sekitar 64,64 persen pekerja muda yang bekerja sesuai dengan kualifikasi pendidikannya, sementara 22,36 persen mengalami overeducated dan 13 persen Cerita Data Statistik Untuk Indonesia Volume 2, Nomor 10, 2025 10  terjadi ledakan jumlah lulusan perguruan tinggi seperti yang terjadi di Indonesia para sarjana ini akan mengisi posisi teratas dalam antrean, bahkan untuk pekerjaan yang sebenarnya tidak memerlukan gelar sarjana. Akibatnya, mereka “menggeser” para lulusan dengan tingkat pendidikan lebih rendah, menciptakan efek domino mismatch di seluruh spektrum pasar kerja.",Haikal Thoriq Athaya,labeled
Q015,DOC03_CERDAS,Berapa persentase angkatan kerja muda yang mengalami vertical mismatch di Indone,bullet,recursive,2,1,13,,6,7,"Buklet ini tidak sekadar sekumpulan angka, tetapi juga menggali esensi dari tiap-tiap nilai statistik. Ulasannya disampaikan dalam bentuk cerita data agar mudah dipahami dan menginspirasi kita untuk menciptakan perubahan yang lebih baik bagi masa depan Indonesia, khususnya dalam pencapaian Tujuan Pembangunan Berkelanjutan (SDGs). Selamat membaca, menyelami, dan menemukan inspirasi. Jakarta, Oktober 2025 Kepala Badan Pusat Statistik Amalia Adininggar Widyasanti 5  DAFTAR ISI CERITA DATA STATISTIK UNTUK INDONESIA Volume 2, Nomor 10, 2025 MISMATCH PENDIDIKAN–PEKERJAAN PEMUDA INDONESIA: IMPLIKASI BAGI BONUS DEMOGRAFI Ledakan Pemuda: Bonus Demografi atau Bom Waktu����������������������������8 Pendidikan Tinggi, Kerja Rendah? Fenomena Vertical Mismatch �����������������10 Menunggu di Pintu Kerja",Haikal Thoriq Athaya,labeled
Q015,DOC03_CERDAS,Berapa persentase angkatan kerja muda yang mengalami vertical mismatch di Indone,bullet,recursive,1,0,5,,5,5,"Pembaca dipersilakan mengutip artikel CERDAS dengan menyebut sumber aslinya asalkan tidak untuk kepentingan komersial. Pandangan tulisan merupakan cerminan pemikiran dari penulis. Redaksi CERDAS Direktorat Analisis dan Pengembangan Statistik Badan Pusat Statistik 4 Cerita Data Statistik Untuk Indonesia Volume 01, Nomor 05, 2024 4  KATA PENGANTAR Kepada para Sahabat Data yang budiman, Puji syukur kehadirat Allah SWT yang telah memberikan rahmat dan hidayahNya atas selesainya buklet Cerita Data Statistik (CERDAS) Untuk Indonesia Edisi 2025.10. Buklet ini berisi artikel yang memanfaatkan sumber data inovatif dan statistik resmi untuk memberikan gagasan yang berkaitan dengan isu sosial ekonomi. Pada edisi kali ini, CERDAS Untuk Indonesia membahas tentang isu ketidaksesuaian antara pekerjaan da",Haikal Thoriq Athaya,labeled
Q015,DOC03_CERDAS,Berapa persentase angkatan kerja muda yang mengalami vertical mismatch di Indone,bullet,recursive,3,0,5,,8,8,"angkatan kerja muda bekerja pada posisi yang tidak sesuai dengan tingkat pendidikannya. Kondisi overeducated maupun undereducated nyatanya menyebabkan kerugian jangka panjang berupa “wage penalty”, yaitu upah pekerja cenderung stagnan dan akhirnya lebih rendah dibandingkan rekan mereka yang bekerja di bidang yang sesuai. Fenomena ini merupakan bentuk inefisiensi masif dalam perekonomian. Status mismatch berpengaruh besar terhadap lama waktu mencari pekerjaan atau transisi kerja. Pemuda overeducated lebih cepat kembali bekerja, sedangkan pemuda undereducated cenderung lebih lambat. Faktor demografi, sosial, dan ekonomi ikut menentukan peluang mendapatkan pekerjaan. Pemuda perempuan, tinggal di Pulau Jawa atau perkotaan, serta yang berpendidikan lebih tinggi justru lebih lambat masuk ke pasa",Haikal Thoriq Athaya,labeled
Q015,DOC03_CERDAS,Berapa persentase angkatan kerja muda yang mengalami vertical mismatch di Indone,bullet,recursive,4,0,5,,8,8,"7  Ledakan Pemuda: Bonus Demografi atau Bom Waktu tren penurunan, dari 5,56 persen pada 2017 menjadi hanya 4,91 persen pada Februari 2024. Angka ini mencerminkan adanya perbaikan kondisi pasar tenaga kerja pasca pandemi, meskipun fluktuasi sempat terjadi pada 2020 akibat guncangan ekonomi global dan domestik. Indonesia saat ini berada di tengah periode emas yang disebut sebagai “bonus demografi”, sebuah fase di mana jumlah penduduk usia produktif (15–64 tahun) jauh melampaui populasi non-produktif. Secara teori, ini adalah jendela peluang langka untuk melesatkan pertumbuhan ekonomi dan kesejahteraan bangsa. Namun, di balik narasi optimis ini, tersembunyi sebuah paradoks yang mengkhawatirkan. Ketika jumlah pemuda1 melimpah, mengapa justru tingkat pengangguran di kalangan mereka menjadi yang",Haikal Thoriq Athaya,labeled
Q015,DOC03_CERDAS,Berapa persentase angkatan kerja muda yang mengalami vertical mismatch di Indone,bullet,recursive,8,0,5,,10,10,"(Quintini 2011). Kondisi ini tak pelak memunculkan pertanyaan fundamental: Apakah sistem pendidikan kita sudah selaras dengan kebutuhan pasar kerja yang dinamis? Pendidikan Tinggi, Kerja Rendah? Fenomena Vertical Mismatch Salah satu manifestasi paling nyata dari ketidakselarasan pada isu yang sebelumnya telah diangkat adalah fenomena vertical mismatch atau kesenjangan kualifikasi vertikal dari tenaga kerja. Kasus ini adalah sebuah kondisi struktural di pasar kerja di mana tingkat pendidikan formal yang dimiliki seorang pekerja tidak sesuai dengan tingkat pendidikan yang secara umum dibutuhkan untuk pekerjaannya (ILO 2022). Fenomena ini memiliki dua sisi: overeducated (pendidikan berlebih), di mana pekerja memiliki kualifikasi lebih tinggi dari yang disyaratkan, dan undereducated (pendidika",Haikal Thoriq Athaya,labeled
Q016,DOC04_IUV,Berapa Indeks Unit Value Impor untuk kelompok komoditas HS 01 pada Agustus 2025?,table_row_column,element_based,51,1,8,,49,49,"HS2 (1) 01 02 03 04 05 07 08 09 10 11 12 16 17 19 20 21 22 2024 2025 Agt Sep Okt Nov Des Jan Feb Mar Apr Mei Jun Jul Agt (2) (3) (4) (5) (6) (7) (8) (9) (10) (11) (12) (13) (14) 84,67 89,64 90,68 93,60 97,80 104,31 98,55 101,04 99,34 95,98 97,52 95,85 95,61 109,81 106,13 107,18 100,44 102,44 91,65 83,97 94,22 100,76 102,97 111,04 116,89 114,69 90,81 90,54 92,34 92,46 93,68 91,02 95,99 97,82 96,98 104,92 99,02 96,81 94,85 92,35 92,20 93,35 92,72 94,18 89,60 94,38 99,63 102,62 100,15 101,08 99,69 103,82 108,91 112,19 104,63 76,17 89,32 82,75 89,16 79,24 115,28 109,37 82,18 88,71 81,08 88,66 78,14 112,81 104,07 75,31 86,42 79,68 92,18 93,71 77,26 100,92 78,05 100,52 118,50 https://www.bps.go.id 119,20 114,48 111,41 109,43 117,67 104,50 101,60 98,91 96,02 101,68 98,74 103,95 91,22 130,41 117,5",Haikal Thoriq Athaya,labeled
Q016,DOC04_IUV,Berapa Indeks Unit Value Impor untuk kelompok komoditas HS 01 pada Agustus 2025?,table_row_column,element_based,52,0,6,,49,49,"Tabel 4 Indeks Unit Value Impor Menurut Kode HS 2 Digit (2023=100), Agustus 2024–Agustus 2025  23  81,96  79,76  77,89  76,86  76,56  75,25  73,94  71,64  72,29  69,97  68,85  68,22  68,51  24  116,18  114,24  122,94  102,04  106,06  108,40  103,86  107,34  110,12  110,31  117,24  121,00  122,59",Haikal Thoriq Athaya,labeled
Q016,DOC04_IUV,Berapa Indeks Unit Value Impor untuk kelompok komoditas HS 01 pada Agustus 2025?,table_row_column,element_based,10,0,3,,14,14,"DAFTAR GAMBAR  Gambar 10  Perkembangan Indeks Unit Value Ekspor Kain Kempa, Benang Khusus, dan Benang Pintal (HS 56); Karpet dan Tekstil Penutup Lantai Lainnya (HS 57); Kain Tenunan Khusus (HS 58); Kain Tekstil Dilapisi atau Dilaminasi (HS 59); serta Kain Rajutan (HS 60), Agustus 2024–Agustus 2025  Gambar 11 Perkembangan Indeks Unit Value Ekspor Pakaian dan Aksesorinya (Rajutan) (HS 61); Pakaian dan Aksesorinya (Bukan Rajutan) (HS 62); Alas Kaki (HS 64); Barang dari Bulu Unggas, Bunga Artifisial, dan Wig (HS 67); serta Barang dari Batu, Semen, Asbes, atau Mika (HS 68), Agustus 2024– Agustus 2025 Gambar 12 Perkembangan Indeks Unit Value Ekspor Produk Keramik (HS 69); Kaca dan Barang dari Kaca (HS 70); Logam Mulia dan Perhiasan/Permata (HS 71); Besi dan Baja (HS 72); serta Tembaga dan Barang",Haikal Thoriq Athaya,labeled
Q016,DOC04_IUV,Berapa Indeks Unit Value Impor untuk kelompok komoditas HS 01 pada Agustus 2025?,table_row_column,element_based,35,0,3,,37,38,"GAMBAR-GAMBAR  19  https://www.bps.go.id  Gambar 16 Perkembangan Indeks Unit Value Impor Binatang Hidup (HS 01); Daging Hewan (HS 02); Ikan, Krustasea, dan Moluska (HS 03); Susu, Mentega, dan Telur (HS 04); serta Produk Hewani (HS 05), Agustus 2024–Agustus 2025  Gambar 17 Perkembangan Indeks Unit Value Impor Sayuran (HS 07); Buah- buahan (HS 08); Kopi, Teh, dan Rempah-rempah (HS 09); Serealia (HS 10); serta Hasil Penggilingan (HS 11), Agustus 2024–Agustus 2025  2",Haikal Thoriq Athaya,labeled
Q016,DOC04_IUV,Berapa Indeks Unit Value Impor untuk kelompok komoditas HS 01 pada Agustus 2025?,table_row_column,element_based,55,0,2,,50,50,"Lanjutan Tabel 4  56  98,95  94,92  99,41  98,86  96,86  94,52  93,45  93,11  90,49  89,91  88,69  83,95",Haikal Thoriq Athaya,labeled
Q016,DOC04_IUV,Berapa Indeks Unit Value Impor untuk kelompok komoditas HS 01 pada Agustus 2025?,table_row_column,maxmin_semantic,51,1,14,,31,53,"|Col1|12| |---|---| PENDAHULUAN 12 INDEKS UNIT VALUE EKSPOR-IMPOR, AGUSTUS 2025  IV. GAMBAR–GAMBAR 110,00 105,00 100,00 95,00 90,00 85,00 80,00 Total Migas Nonmigas Gambar 2 Perkembangan Indeks Unit Value Ekspor Menurut Total, Migas, dan Nonmigas, Agustus 2024–Agustus 2025 350,00 300,00 250,00 200,00 150,00 100,00 50,00 HS 03 HS 04 HS 06 HS 09 HS 11 Gambar 3 Perkembangan Indeks Unit Value Ekspor Ikan, Krustasea, dan Moluska (HS 03); Susu, Mentega, dan Telur (HS 04); Pohon Hidup dan Bunga Potong (HS 06); Kopi, Teh, dan Rempah-Rempah (HS 09); serta Hasil Penggilingan (HS 11), Agustus 2024–Agustus 2025 13 GAMBAR-GAMBAR  150,00 140,00 130,00 120,00 110,00 100,00 90,00 80,00 70,00 60,00 50,00 HS 12 HS 13 HS 15 HS 16 HS 17 Gambar 4 Perkembangan Indeks Unit Value Ekspor Biji dan Buah Mengandung M",Haikal Thoriq Athaya,labeled
Q016,DOC04_IUV,Berapa Indeks Unit Value Impor untuk kelompok komoditas HS 01 pada Agustus 2025?,table_row_column,recursive,29,1,11,,48,49,"|96|90,98|137,57|93,09|100,94|102,23|100,10|101,57|97,49|98,21|101,71|97,97|94,57|99,62| |**Total**<br>**Ekspor**|**101,56**|**101,97**|**103,43**|**103,66**|**102,95**|**89,73**|**90,34**|**92,85**|**94,42**|**98,01**|**100,53**|**101,61**|**102,56**| 29 TABEL-TABEL INDEKS UNIT VALUE EKSPOR-IMPOR, Februari 2025  Tabel 3 Indeks Unit Value Impor Total, Migas, dan Nonmigas (2023=100), Januari 2024–Agustus 2025 |Bulan|Total Impor|Col3|Migas|Col5|Nonmigas|Col7| |---|---|---|---|---|---|---| |**Bulan**|**2024**|**2025**|**2024**|**2025**|**2024**|**2025**| |**(1)**|**(2)**|**(3)**|**(4)**|**(5)**|**(6)**|**(7)**| |Januari|94,47|93,38|95,22|90,45|94,29|94,14| |Februari|95,46|96,72|99,55|93,19|94,41|97,62| |Maret|98,28|96,40|100,82|89,92|97,52|98,10| |April|98,15|95,92|103,05|86,88|96,82|97,99| |",Haikal Thoriq Athaya,labeled
Q016,DOC04_IUV,Berapa Indeks Unit Value Impor untuk kelompok komoditas HS 01 pada Agustus 2025?,table_row_column,recursive,30,1,8,,49,49,"|---|---|---|---|---|---|---|---|---|---|---|---|---|---| |**HS2**|**Agt**|**Sep**|**Okt**|**Nov**|**Des**|**Jan**|**Feb**|**Mar**|**Apr**|**Mei**|**Jun**|**Jul**|**Agt**| |**(1)**|**(2)**|**(3)**|**(4)**|**(5)**|**(6)**|**(7)**|**(8)**|**(9)**|**(10)**|**(11)**|**(12)**|**(13)**|**(14)**| |01|84,67|89,64|90,68|93,60|97,80|104,31|98,55|101,04|99,34|95,98|97,52|95,85|95,61| |02|109,81|106,13|107,18|100,44|102,44|91,65|83,97|94,22|100,76|102,97|111,04|116,89|114,69| |03|90,81|90,54|92,34|92,46|93,68|91,02|95,99|97,82|96,98|104,92|99,02|96,81|94,85| |04|92,35|92,20|93,35|92,72|94,18|89,60|94,38|99,63|102,62|100,15|101,08|99,69|103,82| |05|108,91|79,24|78,14|93,71<br>|77,26<br>|78,05<br>|100,92<br>|100,52<br>|118,50<br>|103,35|116,38|101,54|92,85| |07|112,19|115,28|112,81|117,67<br>|119,20<br>",Haikal Thoriq Athaya,labeled
Q016,DOC04_IUV,Berapa Indeks Unit Value Impor untuk kelompok komoditas HS 01 pada Agustus 2025?,table_row_column,recursive,4,0,3,,14,14,"17 Gambar 11 Perkembangan Indeks Unit Value Ekspor Pakaian dan Aksesorinya (Rajutan) (HS 61); Pakaian dan Aksesorinya (Bukan Rajutan) (HS 62); Alas Kaki (HS 64); Barang dari Bulu Unggas, Bunga Artifisial, dan Wig (HS 67); serta Barang dari Batu, Semen, Asbes, atau Mika (HS 68), Agustus 2024– Agustus 2025 17 Gambar 12 Perkembangan Indeks Unit Value Ekspor Produk Keramik (HS 69); Kaca dan Barang dari Kaca (HS 70); Logam Mulia dan Perhiasan/Permata (HS 71); Besi dan Baja (HS 72); serta Tembaga dan Barang Daripadanya (HS 74), Agustus 2024– Agustus 2025 18 Gambar 13 Perkembangan Indeks Unit Value Ekspor Nikel dan Barang Daripadanya (HS 75); Seng dan Barang Daripadanya (HS 79); Berbagai Barang Logam Tidak Mulia (HS 83); Mesin dan Peralatan Mekanis serta Bagiannya (HS 84); serta Mesin dan Perleng",Haikal Thoriq Athaya,labeled
Q016,DOC04_IUV,Berapa Indeks Unit Value Impor untuk kelompok komoditas HS 01 pada Agustus 2025?,table_row_column,recursive,21,0,3,,38,40,"(HS 87); Instrumen Musik dan Bagiannya (HS 92); Perabotan, Lampu, dan Alat Penerangan (HS 94); Mainan, Permainan dan Keperluan Olahraga (HS 95); serta Berbagai Barang Buatan Pabrik (HS 96), Agustus 2024–Agustus 2025 105,00 100,00 95,00 90,00 85,00 80,00 Total Migas Nonmigas Gambar 15 Perkembangan Indeks Unit Value Impor Menurut Total, Migas, dan Nonmigas, Agustus 2024–Agustus 2025 19 GAMBAR-GAMBAR  130,00 120,00 110,00 100,00 90,00 80,00 70,00 HS 01 HS 02 HS 03 HS 04 HS 05 Gambar 16 Perkembangan Indeks Unit Value Impor Binatang Hidup (HS 01); Daging Hewan (HS 02); Ikan, Krustasea, dan Moluska (HS 03); Susu, Mentega, dan Telur (HS 04); serta Produk Hewani (HS 05), Agustus 2024–Agustus 2025 140,00 130,00 120,00 110,00 100,00 90,00 80,00 70,00 60,00 HS 07 HS 08 HS 09 HS 10 HS 11 Gambar 17 Per",Haikal Thoriq Athaya,labeled
Q016,DOC04_IUV,Berapa Indeks Unit Value Impor untuk kelompok komoditas HS 01 pada Agustus 2025?,table_row_column,recursive,31,0,2,,50,50,"|17|92,36|91,33|92,86|92,65|97,49|90,35|92,71|91,27|92,64|88,60|85,99|84,45|83,57| |19|94,77|91,40|97,44|92,75|88,79|93,60|86,44|83,56|87,23|88,73|87,74|90,85|87,80| |20|90,68|89,13|87,46|86,80|87,11|88,00|90,54|91,99|90,86|96,72|92,14|86,32|83,72| |21|100,79|99,17|98,02|98,64|93,88|97,35|99,17|99,44|99,43|100,67|92,95|97,12|99,55| |22|112,27|97,55|109,51|100,53|86,89|86,79|90,37|91,73|107,69|111,58|113,21|109,53|106,76| |23|81,96|79,76|77,89|76,86|76,56|75,25|73,94|71,64|72,29|69,97|68,85|68,22|68,51| |24|116,18|114,24|122,94|102,04|106,06|108,40|103,86|107,34|110,12|110,31|117,24|121,00|122,59| 31 TABEL-TABEL  Lanjutan Tabel 4 |HS2|2024|Col3|Col4|Col5|Col6|2025|Col8|Col9|Col10|Col11|Col12|Col13|Col14| |---|---|---|---|---|---|---|---|---|---|---|---|---|---| |**HS2**|**Agt**|**Sep**|**Ok",Haikal Thoriq Athaya,labeled
Q017,DOC04_IUV,Berapa Indeks Unit Value Impor untuk kelompok komoditas HS 27 pada Agustus 2025?,table_row_column,element_based,54,1,8,,50,50,"2024 HS2 Agt Sep Okt Nov Des Jan Feb Mar Apr (1) (2) (3) (4) (5) (6) (7) (8) (9) (10) 26 93,12 94,13 84,07 83,11 87,98 115,06 93,48 82,46 87,11 27 92,86 89,99 88,29 86,59 87,37 87,67 89,30 86,52 83,31 29 97,32 91,64 91,59 81,89 84,94 88,37 89,23 92,04 88,50 32 92,66 94,36 91,24 95,62 86,14 85,28 93,72 89,92 96,76 33 97,10 101,34 108,60 98,65 96,38 95,98 105,18 113,63 98,23 34 35 37 39 40 41 97,10 91,67 90,81 97,34 99,70 87,74 103,08 90,12 99,75 98,71 95,10 95,55 100,42 86,78 94,83 97,48 97,35 92,90 https://www.bps.go.id 100,72 98,26 95,10 94,75 96,93 96,65 84,25 83,51 84,02 83,19 87,58 86,24 94,14 91,35 113,01 106,20 115,79 56,06 95,40 110,16 94,49 96,14 97,53 96,06 101,58 96,55 95,13 91,80 92,68 95,05 95,85 100,54 97,88 85,89 89,85 94,08 47 103,66 103,91 102,74 100,09 102,16 101,66 97,74 ",Haikal Thoriq Athaya,labeled
Q017,DOC04_IUV,Berapa Indeks Unit Value Impor untuk kelompok komoditas HS 27 pada Agustus 2025?,table_row_column,element_based,55,1,5,,50,50,"Lanjutan Tabel 4  56  98,95  94,92  99,41  98,86  96,86  94,52  93,45  93,11  90,49  89,91  88,69  83,95",Haikal Thoriq Athaya,labeled
Q017,DOC04_IUV,Berapa Indeks Unit Value Impor untuk kelompok komoditas HS 27 pada Agustus 2025?,table_row_column,element_based,9,0,3,,13,13,"DAFTAR GAMBAR  Halaman  Gambar 1 Infografis Indeks Unit Value Ekspor-Impor (2023=100), Agustus 2025 xv Gambar 2 Perkembangan Indeks Unit Value Ekspor Menurut Total, Migas, dan Nonmigas, Agustus 2024–Agustus 2025  13  Gambar 3 Perkembangan Indeks Unit Value Ekspor Ikan, Krustasea, dan Moluska (HS 03); Susu, Mentega, dan Telur (HS 04); Pohon Hidup dan Bunga Potong (HS 06); Kopi, Teh, dan Rempah- Rempah (HS 09); serta Hasil Penggilingan (HS 11), Agustus 2024–Agustus 2025  13  Gambar 4 Perkembangan Indeks Unit Value Ekspor Biji dan Buah Mengandung Minyak (HS 12); Lak, Getah, dan Damar (HS 13); Lemak dan Minyak Hewani/Nabati (HS 15); Olahan dari Daging, Ikan, Krustasea, dan Moluska (HS 16); serta Gula dan Kembang Gula (HS 17), Agustus 2024–Agustus 2025  https://www.bps.go.id  Gambar 5 Perkemban",Haikal Thoriq Athaya,labeled
Q017,DOC04_IUV,Berapa Indeks Unit Value Impor untuk kelompok komoditas HS 27 pada Agustus 2025?,table_row_column,element_based,11,0,3,,14,15,"Halaman  17  17  18  18  19  19  20  20  21  Gambar 19 Perkembangan Indeks Unit Value Impor Berbagai Makanan Olahan (HS 21); Minuman, Alkohol, dan Cuka (HS 22); Ampas dan Sisa Industri Makanan (HS 23); Tembakau dan Rokok (HS 24); serta Bijih Logam, Terak, dan Abu (HS 26), Agustus 2024– Agustus 2025 Gambar 20 Perkembangan Indeks Unit Value Impor Bahan Bakar Mineral (HS 27); Bahan Kimia Organik (HS 29); Sari Bahan Samak dan Celup (HS 32); Minyak Atsiri, Wewangian, dan Kosmetik (HS 33); serta Sabun dan Preparat Pembersih (HS 34), Agustus 2024–Agustus 2025 Gambar 21 Perkembangan Indeks Unit Value Impor Perekat dan Enzim (HS 35); Barang Fotografi atau Sinematografi (HS 37); Plastik dan Barang dari Plastik (HS 39); Karet dan Barang dari Karet (HS 40); serta Jangat dan Kulit Mentah/Samak (HS 41),",Haikal Thoriq Athaya,labeled
Q017,DOC04_IUV,Berapa Indeks Unit Value Impor untuk kelompok komoditas HS 27 pada Agustus 2025?,table_row_column,element_based,31,0,3,,32,34,"INDEKS UNIT VALUE EKSPOR-IMPOR, AGUSTUS 2025  https://www.bps.go.id  Gambar 6 Perkembangan Indeks Unit Value Ekspor Tembakau dan Rokok (HS 24); Garam, Belerang, Batu, dan Semen (HS 25); Bijih Logam, Terak, dan Abu (HS 26); Bahan Bakar Mineral (HS 27); serta Pupuk (HS 31),  Agustus 2024–Agustus 2025  Gambar 7 Perkembangan Indeks Unit Value Ekspor Sari Bahan Samak dan Celup (HS 32); Minyak Atsiri, Wewangian, dan Kosmetik (HS 33); Sabun dan Preparat Pembersih (HS 34); Perekat dan Enzim (HS 35); serta Berbagai Produk Kimia (HS  38), Agustus 2024–Agustus 2025  GAMBAR-GAMBAR  15  https://www.bps.go.id  Gambar 9 Perkembangan Indeks Unit Value Ekspor Pulp dari Kayu (HS 47); Kertas, Karton, dan Barang Daripadanya (HS 48); Kapas (HS 52); Filamen Buatan (HS 54); serta Serat Stapel Buatan (HS 55), Agu",Haikal Thoriq Athaya,labeled
Q017,DOC04_IUV,Berapa Indeks Unit Value Impor untuk kelompok komoditas HS 27 pada Agustus 2025?,table_row_column,maxmin_semantic,51,1,13,,31,53,"|Col1|12| |---|---| PENDAHULUAN 12 INDEKS UNIT VALUE EKSPOR-IMPOR, AGUSTUS 2025  IV. GAMBAR–GAMBAR 110,00 105,00 100,00 95,00 90,00 85,00 80,00 Total Migas Nonmigas Gambar 2 Perkembangan Indeks Unit Value Ekspor Menurut Total, Migas, dan Nonmigas, Agustus 2024–Agustus 2025 350,00 300,00 250,00 200,00 150,00 100,00 50,00 HS 03 HS 04 HS 06 HS 09 HS 11 Gambar 3 Perkembangan Indeks Unit Value Ekspor Ikan, Krustasea, dan Moluska (HS 03); Susu, Mentega, dan Telur (HS 04); Pohon Hidup dan Bunga Potong (HS 06); Kopi, Teh, dan Rempah-Rempah (HS 09); serta Hasil Penggilingan (HS 11), Agustus 2024–Agustus 2025 13 GAMBAR-GAMBAR  150,00 140,00 130,00 120,00 110,00 100,00 90,00 80,00 70,00 60,00 50,00 HS 12 HS 13 HS 15 HS 16 HS 17 Gambar 4 Perkembangan Indeks Unit Value Ekspor Biji dan Buah Mengandung M",Haikal Thoriq Athaya,labeled
Q017,DOC04_IUV,Berapa Indeks Unit Value Impor untuk kelompok komoditas HS 27 pada Agustus 2025?,table_row_column,recursive,31,1,10,,50,50,"|17|92,36|91,33|92,86|92,65|97,49|90,35|92,71|91,27|92,64|88,60|85,99|84,45|83,57| |19|94,77|91,40|97,44|92,75|88,79|93,60|86,44|83,56|87,23|88,73|87,74|90,85|87,80| |20|90,68|89,13|87,46|86,80|87,11|88,00|90,54|91,99|90,86|96,72|92,14|86,32|83,72| |21|100,79|99,17|98,02|98,64|93,88|97,35|99,17|99,44|99,43|100,67|92,95|97,12|99,55| |22|112,27|97,55|109,51|100,53|86,89|86,79|90,37|91,73|107,69|111,58|113,21|109,53|106,76| |23|81,96|79,76|77,89|76,86|76,56|75,25|73,94|71,64|72,29|69,97|68,85|68,22|68,51| |24|116,18|114,24|122,94|102,04|106,06|108,40|103,86|107,34|110,12|110,31|117,24|121,00|122,59| 31 TABEL-TABEL  Lanjutan Tabel 4 |HS2|2024|Col3|Col4|Col5|Col6|2025|Col8|Col9|Col10|Col11|Col12|Col13|Col14| |---|---|---|---|---|---|---|---|---|---|---|---|---|---| |**HS2**|**Agt**|**Sep**|**Ok",Haikal Thoriq Athaya,labeled
Q017,DOC04_IUV,Berapa Indeks Unit Value Impor untuk kelompok komoditas HS 27 pada Agustus 2025?,table_row_column,recursive,3,1,3,,14,14,"Kembang Gula (HS 17), Agustus 2024–Agustus 2025 14 Gambar 5 Perkembangan Indeks Unit Value Ekspor Olahan dari Tepung (HS 19); Olahan dari Sayuran, Buah, dan Kacang (HS 20); Berbagai Makanan Olahan (HS 21); Minuman, Alkohol, dan Cuka (HS 22); serta Ampas dan Sisa Industri Makanan (HS 23), Agustus 2024–Agustus 2025 14 Gambar 6 Perkembangan Indeks Unit Value Ekspor Tembakau dan Rokok (HS 24); Garam, Belerang, Batu, dan Semen (HS 25); Bijih Logam, Terak, dan Abu (HS 26); Bahan Bakar Mineral (HS 27); serta Pupuk (HS 31), Agustus 2024–Agustus 2025 15 Gambar 7 Perkembangan Indeks Unit Value Ekspor Sari Bahan Samak dan Celup (HS 32); Minyak Atsiri, Wewangian, dan Kosmetik (HS 33); Sabun dan Preparat Pembersih (HS 34); Perekat dan Enzim (HS 35); serta Berbagai Produk Kimia (HS 38), Agustus 2024–Agu",Haikal Thoriq Athaya,labeled
Q017,DOC04_IUV,Berapa Indeks Unit Value Impor untuk kelompok komoditas HS 27 pada Agustus 2025?,table_row_column,recursive,5,1,3,,15,15,"09); Serealia (HS 10); serta Hasil Penggilingan (HS 11), Agustus 2024–Agustus 2025 20 Gambar 18 Perkembangan Indeks Unit Value Impor Biji dan Buah Mengandung Minyak (HS 12); Olahan dari Daging, Ikan, Krustasea, dan Moluska (HS 16); Gula dan Kembang Gula (HS 17); Olahan dari Tepung (HS 19); Olahan dari Sayuran, Buah, dan Kacang (HS 20), Agustus 2024–Agustus 2025 21 |Col1|xiivi| |---|---|  Halaman Gambar 19 Perkembangan Indeks Unit Value Impor Berbagai Makanan Olahan (HS 21); Minuman, Alkohol, dan Cuka (HS 22); Ampas dan Sisa Industri Makanan (HS 23); Tembakau dan Rokok (HS 24); serta Bijih Logam, Terak, dan Abu (HS 26), Agustus 2024– Agustus 2025 21 Gambar 20 Perkembangan Indeks Unit Value Impor Bahan Bakar Mineral (HS 27); Bahan Kimia Organik (HS 29); Sari Bahan Samak dan Celup (HS 32); Mi",Haikal Thoriq Athaya,labeled
Q017,DOC04_IUV,Berapa Indeks Unit Value Impor untuk kelompok komoditas HS 27 pada Agustus 2025?,table_row_column,recursive,18,0,3,,31,33,"2025. Jika dibandingkan dengan Agustus 2024 indeks unit value impor komoditas tersebut turun 18,73 poin. |Col1|12| |---|---| PENDAHULUAN 12 INDEKS UNIT VALUE EKSPOR-IMPOR, AGUSTUS 2025  IV. GAMBAR–GAMBAR 110,00 105,00 100,00 95,00 90,00 85,00 80,00 Total Migas Nonmigas Gambar 2 Perkembangan Indeks Unit Value Ekspor Menurut Total, Migas, dan Nonmigas, Agustus 2024–Agustus 2025 350,00 300,00 250,00 200,00 150,00 100,00 50,00 HS 03 HS 04 HS 06 HS 09 HS 11 Gambar 3 Perkembangan Indeks Unit Value Ekspor Ikan, Krustasea, dan Moluska (HS 03); Susu, Mentega, dan Telur (HS 04); Pohon Hidup dan Bunga Potong (HS 06); Kopi, Teh, dan Rempah-Rempah (HS 09); serta Hasil Penggilingan (HS 11), Agustus 2024–Agustus 2025 13 GAMBAR-GAMBAR  150,00 140,00 130,00 120,00 110,00 100,00 90,00 80,00 70,00 60,00 50,0",Haikal Thoriq Athaya,labeled
Q017,DOC04_IUV,Berapa Indeks Unit Value Impor untuk kelompok komoditas HS 27 pada Agustus 2025?,table_row_column,recursive,19,0,3,,33,35,"250,00 200,00 150,00 100,00 50,00 0,00 HS 24 HS 25 HS 26 HS 27 HS 31 Gambar 6 Perkembangan Indeks Unit Value Ekspor Tembakau dan Rokok (HS 24); Garam, Belerang, Batu, dan Semen (HS 25); Bijih Logam, Terak, dan Abu (HS 26); Bahan Bakar Mineral (HS 27); serta Pupuk (HS 31), Agustus 2024–Agustus 2025 140,00 130,00 120,00 110,00 100,00 90,00 80,00 70,00 HS 32 HS 33 HS 34 HS 35 HS 38 Gambar 7 Perkembangan Indeks Unit Value Ekspor Sari Bahan Samak dan Celup (HS 32); Minyak Atsiri, Wewangian, dan Kosmetik (HS 33); Sabun dan Preparat Pembersih (HS 34); Perekat dan Enzim (HS 35); serta Berbagai Produk Kimia (HS 38), Agustus 2024–Agustus 2025 15 GAMBAR-GAMBAR  140,00 130,00 120,00 110,00 100,00 90,00 80,00 70,00 60,00 50,00 40,00 HS 39 HS 40 HS 42 HS 44 HS 46 Gambar 8 Perkembangan Indeks Unit Value ",Haikal Thoriq Athaya,labeled
Q020,DOC04_IUV,Berapa jumlah komoditas HS 8-digit yang terpilih sebagai sampel dalam penghitung,paragraph,element_based,20,1,11,,24,25,"INDEKS UNIT VALUE EKSPOR-IMPOR, AGUSTUS 2025  PENDAHULUAN  In Pe.  Sementara itu, hasil dari tahapan pemilihan sampel komoditas impor:  a.  Jumlah komoditas menurut HS 8-digit yang terpilih sebagai sampel sebanyak 2.800 komoditas, dengan rincian sebanyak 25 komoditas merupakan anggota dari kelompok migas dan 2.775 dari kelompok nonmigas  b.  Pada kelompok HS 2-digit, diperoleh 54 komoditas terpilih. Selain itu ditambahkan kelompok HS 10, 84 dan 85 meskipun share nilai sampel yang mewakili kedua kelompok tersebut tidak mencapai 75 persen. Disajikannya kelompok tersebut karena ketiganya merupakan kelompok dengan share terbesar terhadap total impor pada tahun 2023. Sehingga secara keseluruhan terdapat 57 komoditas terpilih pada kelompok HS 2-digit.  https://www.bps.go.id",Haikal Thoriq Athaya,labeled
Q020,DOC04_IUV,Berapa jumlah komoditas HS 8-digit yang terpilih sebagai sampel dalam penghitung,paragraph,element_based,19,1,7,,23,24,"2. Pemilihan Sampel Komoditas  Pemilihan sampel komoditas HS 8-digit dilakukan untuk setiap kelompok/subkelompok komoditas untuk masing-masing data ekspor dan impor. Untuk melakukan pemilihan sampel komoditas, dibutuhkan data nilai dan berat ekspor-impor bulanan.  Syarat terpilihnya suatu komoditas masuk dalam sampel penghitungan indeks unit value ekspor-impor adalah sebagai berikut:  a. Banyaknya transaksi komoditas ekspor-impor minimal 8 bulan pada tahun dasar (2023). b. Banyaknya transaksi komoditas ekspor-impor minimal 16 bulan pada tahun 2022 dan 2024.  METODOLOGI  5  pr -  c. Nilai Closeness Percentage (CP) komoditas ekspor-impor minimal 60 persen. CP merupakan salah satu cara untuk mengetahui kehomogenan suatu data, dengan formula:  dengan,  𝐶𝑃𝑖 = CP komoditas HS 8-digit ke-i  𝑃  = ",Haikal Thoriq Athaya,labeled
Q020,DOC04_IUV,Berapa jumlah komoditas HS 8-digit yang terpilih sebagai sampel dalam penghitung,paragraph,element_based,13,0,5,,19,19,"I. PENDAHULUAN  Indeks unit value ekspor-impor merupakan indeks yang menggambarkan perkembangan harga komoditas ekspor-impor di Indonesia. Indeks unit value ekspor-impor antara lain digunakan dalam penghitungan: (a). Produk Domestik Bruto (PDB) atas dasar harga konstan, terutama untuk komponen ekspor- impor dalam struktur PDB pengeluaran, dan (b). nilai tukar perdagangan (terms of trade), yaitu dengan membandingkan perkembangan indeks harga ekspor dan impor.  Unit value merupakan rata-rata harga yang mengacu pada agregat suatu kelompok yang komoditas komoditas. Kelompok digunakan https://www.bps.go.id penghitungan indeks unit value ekspor-impor adalah pengelompokan barang yang disusun oleh World Customs Organisations (WCO) yaitu Harmonized System (HS). Secara khusus kode HS yang digunakan ",Haikal Thoriq Athaya,labeled
Q020,DOC04_IUV,Berapa jumlah komoditas HS 8-digit yang terpilih sebagai sampel dalam penghitung,paragraph,element_based,14,0,5,,20,20,"I. PENDAHULUAN  Sementara itu, pengumpulan data nilai dan berat komoditas impor berasal dari dokumen Pemberitahuan Impor Barang (PIB) kecuali dokumen BC 2.1 atau Pemberitahuan Impor Barang Khusus (PIBK). Dokumen PIB adalah dokumen yang diisi oleh importir dan telah diberikan ijin bongkar oleh KPPBC yang selanjutnya dikirim ke BPS.  Dalam melakukan kompilasi, BPS tidak melakukan agregasi volume komoditi dalam bentuk satuan yang sesuai dengan komoditinya. Hal ini disebabkan beragamnya jenis satuan yang tercantum dalam dokumen PEB dan PIB untuk satu kode HS tertentu. Agregasi volume komoditi yang disajikan BPS hingga saat ini adalah berat bersih dengan jenis satuan kilogram (Kg). Dengan demikian unit value yang digunakan dalam penghitungan indeks unit value ekspor-impor merupakan pendekatan y",Haikal Thoriq Athaya,labeled
Q020,DOC04_IUV,Berapa jumlah komoditas HS 8-digit yang terpilih sebagai sampel dalam penghitung,paragraph,element_based,22,0,5,,25,26,"Penghitungan Indeks HS 2-Digit  Formula yang digunakan dalam menghitung indeks unit value ekspor- impor kelompok HS 2-digit yaitu menggunakan formula Indeks Fisher ideal:  dengan  = Indeks Fisher kelompok j, periode t = Indeks Laspeyres kelompok j, periode t = Indeks Paasche kelompok j, periode t 𝑃𝑖𝑗0 = Unit value komoditas HS 8-digit ke i, kelompok j, pada tahun dasar 𝑄𝑖𝑗0 = Volume komoditas HS 8-digit ke i, kelompok j, pada tahun dasar = Unit value komoditas HS 8-digit ke i, kelompok j, periode t 𝑄𝑖𝑗𝑡 = Volume komoditas HS 8-digit ke i, kelompok j, periode t  METODOLOGI  7  ”.  Untuk memperoleh indeks bulanan dari keseluruhan kelompok barang maka digunakan rumus sebagai berikut:  dengan  𝐼𝑚𝑡  = Indeks bulan m, tahun t  𝐼𝐹𝑗𝑚𝑡 = Indeks Fisher kelompok j, bulan m, tahun t  𝑤𝑗𝑚𝑡 = Penimbang ",Haikal Thoriq Athaya,labeled
Q020,DOC04_IUV,Berapa jumlah komoditas HS 8-digit yang terpilih sebagai sampel dalam penghitung,paragraph,maxmin_semantic,28,1,11,,25,25,"Pada kelompok HS 2-digit, diperoleh 60 komoditas terpilih. Termasuk<br>didalamnya kelompok HS 47, 71, 75, dan 84 yang dimasukkan kedalam<br>sampel. Meskipun share nilai sampel yang mewakili keempat kelompok<br>tersebut tidak mencapai 75 persen namun keempat kelompok komoditas<br>tersebut mempunyai peranan yang cukup besar terhadap total nilai<br>ekspor nasional (diatas 1 persen).| |---|---|---| ||**6**|**6**|  Sementara itu, hasil dari tahapan pemilihan sampel komoditas impor: a. Jumlah komoditas menurut HS 8-digit yang terpilih sebagai sampel sebanyak 2.800 komoditas, dengan rincian sebanyak 25 komoditas merupakan anggota dari kelompok migas dan 2.775 dari kelompok nonmigas b. Pada kelompok HS 2-digit, diperoleh 54 komoditas terpilih. Selain itu ditambahkan kelompok HS 10, 84 dan 85 meski",Haikal Thoriq Athaya,labeled
Q020,DOC04_IUV,Berapa jumlah komoditas HS 8-digit yang terpilih sebagai sampel dalam penghitung,paragraph,maxmin_semantic,29,1,7,,26,26,"3. Penghitungan Unit Value Setelah sampel komoditas ditentukan, unit value untuk setiap produk (kode HS 8-digit) dihitung dengan membagi nilai dengan volume untuk setiap bulannya. 4. Penghitungan Indeks HS 2-Digit Formula yang digunakan dalam menghitung indeks unit value ekspor- impor kelompok HS 2-digit yaitu menggunakan formula Indeks Fisher ideal: σ𝑖𝑃𝑖𝑗𝑡𝑄𝑖𝑗0 σ𝑖𝑃𝑖𝑗0𝑄𝑖𝑗0 σ𝑖𝑃𝑖𝑗𝑡𝑄𝑖𝑗𝑡 σ𝑖𝑃𝑖𝑗0𝑄𝑖𝑗𝑡 𝐼𝐹𝑗𝑡= 𝐼𝐿𝑗𝑡 𝑥 𝐼𝑃𝑗𝑡 𝐼𝐿𝑗𝑡= 𝐼𝑃𝑗𝑡= dengan 𝐼𝐹𝑗𝑡 = Indeks Fisher kelompok j, periode t 𝐼𝐿𝑗𝑡 = Indeks Laspeyres kelompok j, periode t 𝐼𝑃𝑗𝑡 = Indeks Paasche kelompok j, periode t 𝑃𝑖𝑗0 = Unit value komoditas HS 8-digit ke i, kelompok j, pada tahun dasar 𝑄𝑖𝑗0 = Volume komoditas HS 8-digit ke i, kelompok j, pada tahun dasar 𝑃𝑖𝑗𝑡 = Unit value komoditas HS 8-digit ke i, kelompok j, periode t 𝑄𝑖𝑗𝑡 = Volume komodita",Haikal Thoriq Athaya,labeled
Q020,DOC04_IUV,Berapa jumlah komoditas HS 8-digit yang terpilih sebagai sampel dalam penghitung,paragraph,maxmin_semantic,27,0,5,,24,24,"Jumlah komoditas HS 8-digit dalam suatu kelompok/subkelompok w<br>w<br>komoditas minimal ada 4 komoditas. /<br>/<br>:<br>s<br>Sehubungan dengan adanya revisi data ekspor impor tahun 2021-2024, p<br>t<br>t<br>maka dilakukan penghitungan ulang pemilihan sampel komoditas yang mulai h<br>diterapkan sejak publikasi Juni 2025.<br>Adapun hasil pemilihan sampel komoditas ekspor yaitu:<br>a. Jumlah komoditas HS 8-digit yang terpilih menjadi sampel sebanyak<br>1.215 komoditas, dengan rincian 6 komoditas merupakan anggota<br>kelompok migas dan 1.209 merupakan anggota kelompok nonmigas.<br>b.",Haikal Thoriq Athaya,labeled
Q020,DOC04_IUV,Berapa jumlah komoditas HS 8-digit yang terpilih sebagai sampel dalam penghitung,paragraph,maxmin_semantic,2,0,4,,7,7,"Di samping memuat metodologi penghitungan indeks, publikasi ini juga menyajikan grafik dan tabel indeks unit value ekspor-impor bulanan menurut kode Harmonized System (HS) 2-digit serta indeks unit value menurut ekspor-impor total, kelompok migas, dan kelompok nonmigas untuk periode Agustus 2024 hingga Agustus 2025. Apresiasi kami sampaikan kepada semua pihak yang telah terlibat dalam penyusunan publikasi ini, utamanya penyedia data yang secara berkelanjutan memberikan kontribusi dalam pengumpulan data.",Haikal Thoriq Athaya,labeled
Q020,DOC04_IUV,Berapa jumlah komoditas HS 8-digit yang terpilih sebagai sampel dalam penghitung,paragraph,maxmin_semantic,21,0,4,,23,23,"METODOLOGI Berkaitan dengan masalah heterogenitas, secara umum dalam penghitungan indeks unit value dilakukan beberapa langkah sebagai berikut: (a). mengumpulkan data nilai dan berat komoditas ekspor dan impor; (b). mengelompokkan komoditas- komoditas tersebut kedalam kelompok kode HS 2-digit; serta (c). menghitung banyaknya observasi unit value setiap kelompok barang. Penjelasan lebih rinci dari langkah-langkah teknis yang dilakukan adalah sebagai berikut: 1. Penentuan Tahun Dasar Tahun dasar (base year) adalah waktu atau suatu periode ataupun tahun yang mempunyai angka indeks 100 yang digunakan sebagai dasar pembanding indeks di tahun berikutnya. Penentuan tahun dasar dapat disesuaikan dengan tahun dasar indeks lainnya atau tahun yang merupakan kondisi adanya perubahan struktur atau kegi",Haikal Thoriq Athaya,labeled
Q020,DOC04_IUV,Berapa jumlah komoditas HS 8-digit yang terpilih sebagai sampel dalam penghitung,paragraph,recursive,12,1,13,,25,26,"|---|---|---| ||**6**|**6**|  Sementara itu, hasil dari tahapan pemilihan sampel komoditas impor: a. Jumlah komoditas menurut HS 8-digit yang terpilih sebagai sampel sebanyak 2.800 komoditas, dengan rincian sebanyak 25 komoditas merupakan anggota dari kelompok migas dan 2.775 dari kelompok nonmigas b. Pada kelompok HS 2-digit, diperoleh 54 komoditas terpilih. Selain itu ditambahkan kelompok HS 10, 84 dan 85 meskipun share nilai sampel yang mewakili kedua kelompok tersebut tidak mencapai 75 persen. Disajikannya kelompok tersebut karena ketiganya merupakan kelompok dengan share terbesar terhadap total impor pada tahun 2023. Sehingga secara keseluruhan terdapat 57 komoditas terpilih pada kelompok HS 2-digit. 3. Penghitungan Unit Value Setelah sampel komoditas ditentukan, unit value untuk seti",Haikal Thoriq Athaya,labeled
Q020,DOC04_IUV,Berapa jumlah komoditas HS 8-digit yang terpilih sebagai sampel dalam penghitung,paragraph,recursive,11,1,8,,24,25,"a. Banyaknya transaksi komoditas ekspor-impor minimal 8 bulan pada tahun dasar (2023). b. Banyaknya transaksi komoditas ekspor-impor minimal 16 bulan pada tahun 2022 dan 2024. 5 METODOLOGI  |Col1|Col2|c. Nilai Closeness Percentage (CP) komoditas ekspor-impor minimal 60<br>persen. CP merupakan salah satu cara untuk mengetahui kehomogenan<br>suatu data, dengan formula:<br>𝑃 −𝑠𝑡𝑑𝑒𝑣(𝑃)<br>𝐶𝑃 = 𝑖 𝑖 𝑥 100%<br>𝑖<br>𝑃<br>𝑖<br>dengan,<br>𝐶𝑃 = CP komoditas HS 8-digit ke-i<br>𝑖<br>𝑃 = unit value<br>𝑃ത = rata-rata unit value<br>𝑠𝑡𝑑𝑒𝑣 = standar deviasi<br>𝑖 = komoditas HS 8-digit ke-i<br>Setelah sampel komoditas diperoleh, suatu kelompok/subkelompok<br>komoditas akan terpilih mewakili kelompok/subkelompok komoditas jika d<br>i<br>.<br>memenuhi persyaratan sebagai berikut: o<br>g<br>.<br>a. Peranan nila",Haikal Thoriq Athaya,labeled
Q020,DOC04_IUV,Berapa jumlah komoditas HS 8-digit yang terpilih sebagai sampel dalam penghitung,paragraph,recursive,9,0,7,,21,23,"sementara kelompok nonmigas adalah komoditas dengan kode HS selain itu; serta (c). indeks unit value ekspor dan impor kelompok barang HS 2-digit terpilih yang memenuhi kriteria. Dalam penyusunan indeks unit value ekspor-impor terdapat beberapa isu yang menjadi perhatian, yaitu: 1. Heterogenitas Walaupun barang-barang yang dilaporkan pada dokumen PEB dan PIB menggunakan kode HS 8 digit, spesifikasinya masih sangat beragam sehingga tidak mungkin untuk mengetahui apakah perubahan unit value pada suatu bulan tertentu disebabkan karena adanya perubahan harga atau karena pergeseran komposisi barang. |Col1|2| |---|---| 2 INDEKS UNIT VALUE EKSPOR-IMPOR, AGUSTUS 2025  2. Perubahan kualitas barang Adanya kemungkinan perubahan unit value bukan hanya merefleksikan perubahan harga tetapi merefleksikan ",Haikal Thoriq Athaya,labeled
Q020,DOC04_IUV,Berapa jumlah komoditas HS 8-digit yang terpilih sebagai sampel dalam penghitung,paragraph,recursive,10,0,7,,24,24,menghitung banyaknya observasi unit value setiap kelompok barang. Penjelasan lebih rinci dari langkah-langkah teknis yang dilakukan adalah sebagai berikut: 1. Penentuan Tahun Dasar Tahun dasar (base year) adalah waktu atau suatu periode ataupun tahun yang mempunyai angka indeks 100 yang digunakan sebagai dasar pembanding indeks di tahun berikutnya. Penentuan tahun dasar dapat disesuaikan dengan tahun dasar indeks lainnya atau tahun yang merupakan kondisi adanya perubahan struktur atau kegiatan ekonomi. Perubahan tahun dasar umunya dilakukan lima tahun sekali. Saat ini tahun dasar yang digunakan untuk penghitungan indeks unit value adalah tahun 2023. 2. Pemilihan Sampel Komoditas Pemilihan sampel komoditas HS 8-digit dilakukan untuk setiap kelompok/subkelompok komoditas untuk masing-masing ,Haikal Thoriq Athaya,labeled
Q020,DOC04_IUV,Berapa jumlah komoditas HS 8-digit yang terpilih sebagai sampel dalam penghitung,paragraph,recursive,7,0,5,,18,19,"Indeks Unit Value Tertinggi: Berbagai makanan olahan Wol, bulu hewan halus atau (HS 21) naik menjadi 144,97, kasar (HS 51) naik menjadi dengan lonjakan 34,35 poin 119,62, dengan lonjakan 14,81 m-to-m poin m-to-m Sumber: PEB, Non-PEB, PIB, Non-PIB, diolah Gambar 1 Infografis Indeks Unit Value Ekspor-Impor (2023=100), Agustus 2025 xv   I. PENDAHULUAN Indeks unit value ekspor-impor merupakan indeks yang menggambarkan perkembangan harga komoditas ekspor-impor di Indonesia. Indeks unit value ekspor-impor antara lain digunakan dalam penghitungan: (a). Produk Domestik Bruto (PDB) atas dasar harga konstan, terutama untuk komponen ekspor- impor dalam struktur PDB pengeluaran, dan (b). nilai tukar perdagangan (terms of trade), yaitu dengan membandingkan perkembangan indeks harga ekspor dan impor. Un",Haikal Thoriq Athaya,labeled
Q021,DOC05_LNPRT,Berapa proporsi Transfer Masuk untuk COPNI 8 dalam struktur sumber Neraca Peneri,table_row_column,element_based,303,1,11,,147,147,"Item COPNI LNPRT Items 6 7 8 9 NPISHs (1) (7) (8) (9) (10) (11) Surplus usaha Operating surplus 0,14 0,14 0,52 0,19 0,16 Pendapatan kepemilikan diterima Property income, receivable 4,81 8,01 5,13 6,39 4,26 Transfer masuk Current transfers to NPISHs 95,05 91,85 94,35 93,43 95,58 Total 100,00 100,00 100,00 100,00 100,00",Haikal Thoriq Athaya,labeled
Q021,DOC05_LNPRT,Berapa proporsi Transfer Masuk untuk COPNI 8 dalam struktur sumber Neraca Peneri,table_row_column,element_based,82,0,3,,51,52,"Neraca Penerimaan dan Pengeluaran  Income and expenditure account describes consumption activities (income and expenditure) of NPISHs. The right side of account includes various source of income that received by NPISHs, ie operating surplus, property income receivable, and current transfer to NPISHs (both from domestic and foreign). While the left side of account includes expenditure component consists of final consumption expenditure, property income payable, current transfers, and saving created from NPISHs.  Neraca penerimaan dan pengeluaran  menggambarkan aktivitas konsumsi (penerimaan dan pengeluaran) LNPRT. Sisi kanan memuat sumber pendapatan yang diterima oleh LNPRT, yaitu surplus usaha, pendapatan kepemilikan diterima, dan transfer masuk (baik dari dalam maupun luar negeri). Sedang",Haikal Thoriq Athaya,labeled
Q021,DOC05_LNPRT,Berapa proporsi Transfer Masuk untuk COPNI 8 dalam struktur sumber Neraca Peneri,table_row_column,element_based,85,0,3,,53,53,"Penggunaan Sumber Uses Resourses 1. Pengeluaran Konsumsi Akhir 5. Surplus Usaha Final Consumption Expenditure Operating Surplus 2. Pendapatan Kepemilikan Dibayar 6. Pendapatan Kepemilikan Diterima Property Income, payable Property Income, receivable 3. Transfer Keluar 7. Transfer Masuk Current transfer Current transfer to NPISHs 4. Tabungan Saving Total Total",Haikal Thoriq Athaya,labeled
Q021,DOC05_LNPRT,Berapa proporsi Transfer Masuk untuk COPNI 8 dalam struktur sumber Neraca Peneri,table_row_column,element_based,99,0,3,,65,66,"Persentase Transfer Masuk LNPRT Menurut Sumbernya, 2024 Percentage of Transfer to NPISHs by Source, 2024  Selain transfer, LNPRT memperoleh pendapatan dalam bentuk surplus usaha dan pendapatan kepemilikan. Tetapi, besaran surplus usaha dan pendapatan kepemilikan sangat kecil, karena LNPRT merupakan lembaga yang tidak bertujuan untuk mencari keuntungan.  Besides coming from current transfer to NPISHs, NPISHs also earned income in the form of operating surplus and property income. But the value of operating surplus and property income was very small. It was corresponding because NPISHs were institutions that did not aim for profit.  Selama 2022-2024, surplus usaha memiliki proporsi terkecil dari total penerimaan LNPRT dibandingkan sumber  During 2022-2024, the proportion of operating surplus",Haikal Thoriq Athaya,labeled
Q021,DOC05_LNPRT,Berapa proporsi Transfer Masuk untuk COPNI 8 dalam struktur sumber Neraca Peneri,table_row_column,element_based,100,0,3,,66,68,"Persentase Transfer Masuk LNPRT Menurut Sumbernya, 2024 Percentage of Transfer to NPISHs by Source, 2024  Dilihat berdasarkan proporsinya, 82,63 persen penerimaan LNPRT digunakan untuk pengeluaran konsumsi akhir pada tahun 2022. Sedangkan, tahun 2023 sebesar 88,64 persen dan tahun 2024 sebesar 86,08 persen. Pengeluaran konsumsi akhir terdiri dari biaya fotokopi, listrik, telepon, rapat, jasa bank, transport, sewa, perbaikan kecil, kompensasi tenaga  Moreover, while analyzed based on the proportion, 82,63 percent of NPISHs income were used for final consumption expenditures in 2022. While in 2023, it was 88,64 percent, and in 2024 it was 86,08 percent. Final consumption expenditure consists of photocopy cost, electricity bill, phone bill, meetings cost, bank services, transport, rental, min",Haikal Thoriq Athaya,labeled
Q021,DOC05_LNPRT,Berapa proporsi Transfer Masuk untuk COPNI 8 dalam struktur sumber Neraca Peneri,table_row_column,maxmin_semantic,366,1,8,,147,147,"Rekreasi dan Kebudayaan Recreation and Culture 6. Keagamaan Religion 9. Jasa lainnya Services n.e.c 124 Neraca Lembaga Nonprofit yang Melayani Rumah Tangga (LNPRT) 2022–2024 Nonprofit Institutions Serving Households (NPISHs) Accounts 2022–2024  Lanjutan Tabel/Continued Table 7.4 |Col1|Item|Col3|Col4|COPNI|Col6|Col7|Col8|Col9|Col10|Col11|Col12|Col13|Col14|Col15|Col16|LNPRT|Col18| |---|---|---|---|---|---|---|---|---|---|---|---|---|---|---|---|---|---| ||**_Items_**|||**6 **|||**7 **|||**8 **|||**9 **|||**_NPISHs_**|**_NPISHs_**| ||(1)|||(7)|||(8)|||(9)|||(10)|||(11)|| |Surplus usaha<br>_Operating surplus_|Surplus usaha<br>_Operating surplus_|Surplus usaha<br>_Operating surplus_|0,14|0,14|0,14|0,14|0,14|0,14|0,52|0,52|0,52|0,19|0,19|0,19|0,16|0,16|0,16| |Pendapatan kepemilikan diterima<br>_",Haikal Thoriq Athaya,labeled
Q021,DOC05_LNPRT,Berapa proporsi Transfer Masuk untuk COPNI 8 dalam struktur sumber Neraca Peneri,table_row_column,maxmin_semantic,145,0,3,,51,51,"Sisi expenditure) of NPISHs. The right side of kanan memuat sumber pendapatan yang account includes various source of income diterima oleh LNPRT, yaitu surplus usaha, that received by NPISHs, ie operating surplus, pendapatan kepemilikan diterima, dan property income receivable, and current transfer masuk (baik dari dalam maupun transfer to NPISHs (both from domestic and luar negeri). Sedangkan, sisi kiri memuat foreign).",Haikal Thoriq Athaya,labeled
Q021,DOC05_LNPRT,Berapa proporsi Transfer Masuk untuk COPNI 8 dalam struktur sumber Neraca Peneri,table_row_column,maxmin_semantic,149,0,3,,52,52,"Konsep & Definisi Concept & Definition 29  Transfer adalah penerimaan atau Transfer is free receipt or spending in pemberian secara cuma-cuma baik dalam the form of money or goods made by bentuk uang maupun barang yang institutions with other parties. Transfer dilakukan oleh lembaga dengan pihak lain. received by institutions from other parties Transfer yang diterima lembaga disebut called current transfer to NPISHs, while transfer masuk, sedangkan transfer yang transfer spent by institutions to another parties called current transfers. Transfer dikeluarkan lembaga disebut transfer keluar. Transfer dibedakan menjadi dua, can be divided into two types, ie current transfers and capital transfers.",Haikal Thoriq Athaya,labeled
Q021,DOC05_LNPRT,Berapa proporsi Transfer Masuk untuk COPNI 8 dalam struktur sumber Neraca Peneri,table_row_column,maxmin_semantic,163,0,3,,54,54,"(19). Tabel 2.2 Neraca Penerimaan dan Pengeluaran Table Income and Expenditure Account |Col1|Penggunaan|Col3|Col4|Sumber|Col6| |---|---|---|---|---|---| |<br>|**_Uses_**|**_Uses_**|**_Uses_**|**_Resourses_**|**_Resourses_**| |1.<br>Pengeluaran Konsumsi Akhir<br>_Final Consumption Expenditure_<br>2.<br>Pendapatan Kepemilikan Dibayar<br>_Property Income, payable_<br>3.<br>Transfer Keluar<br>_Current transfer_<br>4.<br>Tabungan<br>_Saving_|1.<br>Pengeluaran Konsumsi Akhir<br>_Final Consumption Expenditure_<br>2.<br>Pendapatan Kepemilikan Dibayar<br>_Property Income, payable_<br>3.<br>Transfer Keluar<br>_Current transfer_<br>4.<br>Tabungan<br>_Saving_|1.<br>Pengeluaran Konsumsi Akhir<br>_Final Consumption Expenditure_<br>2.<br>Pendapatan Kepemilikan Dibayar<br>_Property Income, payable_<br>3.<",Haikal Thoriq Athaya,labeled
Q021,DOC05_LNPRT,Berapa proporsi Transfer Masuk untuk COPNI 8 dalam struktur sumber Neraca Peneri,table_row_column,maxmin_semantic,201,0,3,,64,64,"|Col1|Col2|Col3|Col4|Col5|Col6|Col7| |---|---|---|---|---|---|---| |||||||| |||||||| |||||||| |||||||Pendapatan kepemilikan<br>diterima<br>_Property income, receivable_<br>Surplus usaha<br>_Operating surplus_<br>Transfer masuk<br>_Current transfer to NPISHs_<br>**.go.id**| |||||||| |||||||| |||||||| |||||||| |||||||| |||||||| |||||||| |||||||| |||||||| |||||||| |||||||| |||||||| |||||||| |||||**.**|**.**|**. **| |||||||| Persen/Percent 2022 2023 2024 Tahun/Year Distribusi Jenis Penerimaan LNPRT (persen), 2022−2024 Gambar 3.3 Figure Distribution of NPISHs Income Type (percent), 2022−2024 Transfer yang diterima LNPRT Current transfer to NPISHs dibedakan atas transfer dari dalam dan luar distinguished on transfer that came from negeri.",Haikal Thoriq Athaya,labeled
Q021,DOC05_LNPRT,Berapa proporsi Transfer Masuk untuk COPNI 8 dalam struktur sumber Neraca Peneri,table_row_column,recursive,337,1,5,,148,148,"|_Transfer masuk_<br>_Current transfers to NPISHs_|_Transfer masuk_<br>_Current transfers to NPISHs_|_Transfer masuk_<br>_Current transfers to NPISHs_|95,05|95,05||91,85|91,85|94,35|94,35|94,35|93,43|93,43|93,43|95,58|95,58|95,58|95,58| |**Total**|**Total**|**Total**|**100,00**|**100,00**|**100,00**|**100,00**|**100,00**|**100,00**|**100,00**|**100,00**|**100,00**|**100,00**|**100,00**|**100,00**|**100,00**|**100,00**|**100,00**| Catatan/Note: COPNI (Classification of Purposes of Nonprofit Institutions Serving Households): 1. Perumahan Housing 4. Pendidikan Education 7. Partai Politik, Organisasi Buruh, dan Organisasi Profesi Political Parties, Labour and Professional Organizations 2. Kesehatan Health 5. Jaminan Sosial Social Protection 8. Lingkungan Hidup Environmental Protection 3. Rekre",annotator,labeled
Q021,DOC05_LNPRT,Berapa proporsi Transfer Masuk untuk COPNI 8 dalam struktur sumber Neraca Peneri,table_row_column,recursive,56,0,3,,52,52,"|**Total**<br>|**Total**<br>|**Total**<br>|**Total**<br>**id**|**Total**<br>**id**|**Total**<br>**id**| Neraca Penerimaan dan Pengeluaran Neraca penerimaan dan pengeluaran menggambarkan aktivitas konsumsi (penerimaan dan pengeluaran) LNPRT. Sisi kanan memuat sumber pendapatan yang diterima oleh LNPRT, yaitu surplus usaha, pendapatan kepemilikan diterima, dan transfer masuk (baik dari dalam maupun luar negeri). Sedangkan, sisi kiri memuat komponen pengeluaran yang terdiri dari pengeluaran konsumsi akhir, pendapatan kepemilikan dibayar, transfer keluar, dan tabungan yang tercipta di LNPRT. Pengeluaran konsumsi akhir adalah biaya yang dikeluarkan oleh lembaga untuk melakukan kegiatan pelayanan. Nilai ini setara dengan output nonpasar yang terdapat di sisi kanan neraca produksi.  Transfer adal",annotator,labeled
Q021,DOC05_LNPRT,Berapa proporsi Transfer Masuk untuk COPNI 8 dalam struktur sumber Neraca Peneri,table_row_column,recursive,57,0,3,,52,52,"Transfer adalah penerimaan atau pemberian secara cuma-cuma baik dalam bentuk uang maupun barang yang dilakukan oleh lembaga dengan pihak lain. Transfer yang diterima lembaga disebut transfer masuk, sedangkan transfer yang dikeluarkan lembaga disebut transfer keluar. Transfer dibedakan menjadi dua, yaitu transfer berjalan dan transfer modal. Untuk dapat membedakan kedua transfer tersebut, aktivitasnya didasarkan atas tiga pertimbangan, yaitu: dasar, tujuan, dan frekuensi terjadinya transaksi. Transfer berjalan dari atau ke lembaga adalah seluruh penerimaan/ pengeluaran transfer lembaga dengan tujuan digunakan untuk konsumsi dan transaksinya dilakukan secara berkala atau rutin. Transfer modal dari atau ke lembaga adalah seluruh penerimaan/ pengeluaran transfer lembaga dengan tujuan digunakan",annotator,labeled
Q021,DOC05_LNPRT,Berapa proporsi Transfer Masuk untuk COPNI 8 dalam struktur sumber Neraca Peneri,table_row_column,recursive,60,0,3,,53,53,"|1.<br>Pengeluaran Konsumsi Akhir<br>_Final Consumption Expenditure_<br>2.<br>Pendapatan Kepemilikan Dibayar<br>_Property Income, payable_<br>3.<br>Transfer Keluar<br>_Current transfer_<br>4.<br>Tabungan<br>_Saving_|1.<br>Pengeluaran Konsumsi Akhir<br>_Final Consumption Expenditure_<br>2.<br>Pendapatan Kepemilikan Dibayar<br>_Property Income, payable_<br>3.<br>Transfer Keluar<br>_Current transfer_<br>4.<br>Tabungan<br>_Saving_|1.<br>Pengeluaran Konsumsi Akhir<br>_Final Consumption Expenditure_<br>2.<br>Pendapatan Kepemilikan Dibayar<br>_Property Income, payable_<br>3.<br>Transfer Keluar<br>_Current transfer_<br>4.<br>Tabungan<br>_Saving_|5.<br>Surplus Usaha<br>_Operating Surplus_<br>6.<br>Pendapatan Kepemilikan Diterima<br>_Property Income, receivable_<br>7.<br>Transfer Masuk<br>_Current t",annotator,labeled
Q021,DOC05_LNPRT,Berapa proporsi Transfer Masuk untuk COPNI 8 dalam struktur sumber Neraca Peneri,table_row_column,recursive,61,0,3,,53,53,"transfer to NPISHs_|5.<br>Surplus Usaha<br>_Operating Surplus_<br>6.<br>Pendapatan Kepemilikan Diterima<br>_Property Income, receivable_<br>7.<br>Transfer Masuk<br>_Current transfer to NPISHs_|5.<br>Surplus Usaha<br>_Operating Surplus_<br>6.<br>Pendapatan Kepemilikan Diterima<br>_Property Income, receivable_<br>7.<br>Transfer Masuk<br>_Current transfer to NPISHs_|",annotator,labeled
Q023,DOC05_LNPRT,Berapa persentase capaian pemasukan dokumen SKLNPT 2024 untuk Provinsi Jambi?,table_row_column,element_based,322,1,8,,152,152,"Capaian Pemasukan Dokumen SKLNPT 2024  75  GORONTALO  60  58  76  SULAWESI BARAT  60  60  81  MALUKU  70  70  Neraca Lembaga Nonprofit yang Melayani Rumah Tangga (LNPRT) 2022–2024 Nonprofit Institutions Serving Households (NPISHs) Accounts 2022–2024  105,56  100,00  100,00  100,00  117,50  98,89  100,00  100,00  100,00  100,00  100,00  100,67  110,00  91,11  100,00  96,67  101,25  100,00  100,00  105,00  100,00  100,00  92,22  100,00  100,00  101,25  118,00  100,00  96,67  100,00  100,00",Haikal Thoriq Athaya,labeled
Q023,DOC05_LNPRT,Berapa persentase capaian pemasukan dokumen SKLNPT 2024 untuk Provinsi Jambi?,table_row_column,element_based,321,1,6,,152,152,Kode Wilayah Target 11 ACEH 90 12 SUMATERA UTARA 100 13 SUMATERA BARAT 90 14 RIAU 90 15 JAMBI 80 16 SUMATERA SELATAN 90 17 BENGKULU 80 18 LAMPUNG 90 19 21 31 32 33 34 35 36 51 52 53 61 KEPULAUAN BANGKA BELITUNG 60 https://www.bps.go.id KEPULAUAN RIAU 60 DKI JAKARTA 150 JAWA BARAT 150 JAWA TENGAH 150 DI YOGYAKARTA 90 150 JAWA TIMUR BANTEN 90 80 BALI NUSA TENGGARA BARAT 80 NUSA TENGGARA TIMUR 85 KALIMANTAN BARAT 80 62 KALIMANTAN TENGAH 80 63 KALIMANTAN SELATAN 90 64 KALIMANTAN TIMUR 90 65 KALIMANTAN UTARA 70 71 SULAWESI UTARA 80 72 SULAWESI TENGAH 80 73 SULAWESI SELATAN 100 74 SULAWESI TENGGARA 80 Dokumen 95 100 90 90 94 89 80 90 60 60 150 151 165 82 150 87 81 80 85 84 80 90 83 70 80 81 118 80 %,Haikal Thoriq Athaya,labeled
Q023,DOC05_LNPRT,Berapa persentase capaian pemasukan dokumen SKLNPT 2024 untuk Provinsi Jambi?,table_row_column,element_based,319,1,5,,151,152,"Catatan/Note:  COPNI (Classification of Purposes of Nonprofit Institutions Serving Households):  7. Partai Politik, Organisasi Buruh, dan Organisasi Profesi Political Parties, Labour and Professional Organizations  4.  Pendidikan  1. Perumahan  Housing  Education  Lingkungan Hidup Environmental Protection  5.  8.  Jaminan Sosial  2. Kesehatan  Health  Social Protection  Jasa lainnya 9. Services n.e.c  3. Rekreasi dan  Keagamaan  6.  Kebudayaan  Religion  Recreation  and Culture  Lampiran  Appendix  129  130  Lampiran  Lampiran  8.1",Haikal Thoriq Athaya,labeled
Q023,DOC05_LNPRT,Berapa persentase capaian pemasukan dokumen SKLNPT 2024 untuk Provinsi Jambi?,table_row_column,maxmin_semantic,382,1,11,,152,152,"Rekreasi dan Kebudayaan Recreation and Culture 6. Keagamaan Religion 9. Jasa lainnya Services n.e.c Lampiran Appendix 129  Lampiran Capaian Pemasukan Dokumen SKLNPT 2024 8.1 Appendix Achievement of 2024 SKLNPT Document Submission |Col1|Kode|Col3|Col4|Wilayah|Col6|Col7|Targ|et|Col10|Dokum|en|Col13|Col14|%|Col16| |---|---|---|---|---|---|---|---|---|---|---|---|---|---|---|---| ||11|||ACEH|||90|||95|||105,56|105,56|| |12<br>SUMATERA UTARA<br>100<br>100<br> 100,00|12<br>SUMATERA UTARA<br>100<br>100<br> 100,00|12<br>SUMATERA UTARA<br>100<br>100<br> 100,00|12<br>SUMATERA UTARA<br>100<br>100<br> 100,00|12<br>SUMATERA UTARA<br>100<br>100<br> 100,00|12<br>SUMATERA UTARA<br>100<br>100<br> 100,00|12<br>SUMATERA UTARA<br>100<br>100<br> 100,00|12<br>SUMATERA UTARA<br>100<br>100<br> 100,00|12<br>SUMATE",Haikal Thoriq Athaya,labeled
Q023,DOC05_LNPRT,Berapa persentase capaian pemasukan dokumen SKLNPT 2024 untuk Provinsi Jambi?,table_row_column,maxmin_semantic,383,1,3,,153,156,"**|||100,00|100,00|| |32<br>JAWA BARAT<br>150<br>151<br> 100,67<br>**g**|32<br>JAWA BARAT<br>150<br>151<br> 100,67<br>**g**|32<br>JAWA BARAT<br>150<br>151<br> 100,67<br>**g**|32<br>JAWA BARAT<br>150<br>151<br> 100,67<br>**g**|32<br>JAWA BARAT<br>150<br>151<br> 100,67<br>**g**|32<br>JAWA BARAT<br>150<br>151<br> 100,67<br>**g**|32<br>JAWA BARAT<br>150<br>151<br> 100,67<br>**g**|32<br>JAWA BARAT<br>150<br>151<br> 100,67<br>**g**|32<br>JAWA BARAT<br>150<br>151<br> 100,67<br>**g**|32<br>JAWA BARAT<br>150<br>151<br> 100,67<br>**g**|32<br>JAWA BARAT<br>150<br>151<br> 100,67<br>**g**|32<br>JAWA BARAT<br>150<br>151<br> 100,67<br>**g**|32<br>JAWA BARAT<br>150<br>151<br> 100,67<br>**g**|32<br>JAWA BARAT<br>150<br>151<br> 100,67<br>**g**|32<br>JAWA BARAT<br>150<br>151<br> 100,67<br>**g**|32<br>JAWA BA",Haikal Thoriq Athaya,labeled
Q023,DOC05_LNPRT,Berapa persentase capaian pemasukan dokumen SKLNPT 2024 untuk Provinsi Jambi?,table_row_column,recursive,353,1,11,,152,152,"||13|||SUMATERA BARAT|||90|||90|||100,00|100,00|| |14<br>RIAU<br>90<br>90<br> 100,00|14<br>RIAU<br>90<br>90<br> 100,00|14<br>RIAU<br>90<br>90<br> 100,00|14<br>RIAU<br>90<br>90<br> 100,00|14<br>RIAU<br>90<br>90<br> 100,00|14<br>RIAU<br>90<br>90<br> 100,00|14<br>RIAU<br>90<br>90<br> 100,00|14<br>RIAU<br>90<br>90<br> 100,00|14<br>RIAU<br>90<br>90<br> 100,00|14<br>RIAU<br>90<br>90<br> 100,00|14<br>RIAU<br>90<br>90<br> 100,00|14<br>RIAU<br>90<br>90<br> 100,00|14<br>RIAU<br>90<br>90<br> 100,00|14<br>RIAU<br>90<br>90<br> 100,00|14<br>RIAU<br>90<br>90<br> 100,00|14<br>RIAU<br>90<br>90<br> 100,00| ||15|||JAMBI|||80|||94|||117,50|117,50||",annotator,labeled
Q023,DOC05_LNPRT,Berapa persentase capaian pemasukan dokumen SKLNPT 2024 untuk Provinsi Jambi?,table_row_column,recursive,354,1,11,,152,152,"||15|||JAMBI|||80|||94|||117,50|117,50|| |16<br>SUMATERA SELATAN<br>90<br>89<br> 98,89|16<br>SUMATERA SELATAN<br>90<br>89<br> 98,89|16<br>SUMATERA SELATAN<br>90<br>89<br> 98,89|16<br>SUMATERA SELATAN<br>90<br>89<br> 98,89|16<br>SUMATERA SELATAN<br>90<br>89<br> 98,89|16<br>SUMATERA SELATAN<br>90<br>89<br> 98,89|16<br>SUMATERA SELATAN<br>90<br>89<br> 98,89|16<br>SUMATERA SELATAN<br>90<br>89<br> 98,89|16<br>SUMATERA SELATAN<br>90<br>89<br> 98,89|16<br>SUMATERA SELATAN<br>90<br>89<br> 98,89|16<br>SUMATERA SELATAN<br>90<br>89<br> 98,89|16<br>SUMATERA SELATAN<br>90<br>89<br> 98,89|16<br>SUMATERA SELATAN<br>90<br>89<br> 98,89|16<br>SUMATERA SELATAN<br>90<br>89<br> 98,89|16<br>SUMATERA SELATAN<br>90<br>89<br> 98,89|16<br>SUMATERA SELATAN<br>90<br>89<br> 98,89| ||17|||BENGKULU|||80|||80|||100,00|10",annotator,labeled
Q023,DOC05_LNPRT,Berapa persentase capaian pemasukan dokumen SKLNPT 2024 untuk Provinsi Jambi?,table_row_column,recursive,367,1,3,,153,153,"130 Neraca Lembaga Nonprofit yang Melayani Rumah Tangga (LNPRT) 2022–2024 Nonprofit Institutions Serving Households (NPISHs) Accounts 2022–2024  Lampiran 8.1 Capaian Pemasukan Dokumen SKLNPT 2024 Appendix Achievement of 2024 SKLNPT Document Submission |Kode|Col2|Col3|Wilayah|Col5|Col6|Target|Col8|Col9|Dokume|Col11|Col12|n %|Col14|Col15| |---|---|---|---|---|---|---|---|---|---|---|---|---|---|---| ||82|||MALUKU UTARA|||60|||56|||93,33|| |91|91|91|PAPUA BARAT|PAPUA BARAT|PAPUA BARAT|30|30|30|32|32|32|106,67|106,67|106,67| |92|92|92|PAPUA BARAT DAYA|PAPUA BARAT DAYA|PAPUA BARAT DAYA|30|30|30|30|30|30|100,00|100,00|100,00| |94|94|94|PAPUA|PAPUA|PAPUA|32|32|32|34|34|34|106,25|106,25|106,25| |95|95|95|PAPUA SELATAN|PAPUA SELATAN|PAPUA SELATAN|16|16|16|16|16|16|100,00|100,00|100,00| |96|96|96|PA",annotator,labeled
Q023,DOC05_LNPRT,Berapa persentase capaian pemasukan dokumen SKLNPT 2024 untuk Provinsi Jambi?,table_row_column,recursive,366,1,2,,153,153,"||75|||GORONTALO|||60|||58|||96,67|96,67|| |76<br>SULAWESI BARAT<br>60<br>60<br> 100,00|76<br>SULAWESI BARAT<br>60<br>60<br> 100,00|76<br>SULAWESI BARAT<br>60<br>60<br> 100,00|76<br>SULAWESI BARAT<br>60<br>60<br> 100,00|76<br>SULAWESI BARAT<br>60<br>60<br> 100,00|76<br>SULAWESI BARAT<br>60<br>60<br> 100,00|76<br>SULAWESI BARAT<br>60<br>60<br> 100,00|76<br>SULAWESI BARAT<br>60<br>60<br> 100,00|76<br>SULAWESI BARAT<br>60<br>60<br> 100,00|76<br>SULAWESI BARAT<br>60<br>60<br> 100,00|76<br>SULAWESI BARAT<br>60<br>60<br> 100,00|76<br>SULAWESI BARAT<br>60<br>60<br> 100,00|76<br>SULAWESI BARAT<br>60<br>60<br> 100,00|76<br>SULAWESI BARAT<br>60<br>60<br> 100,00|76<br>SULAWESI BARAT<br>60<br>60<br> 100,00|76<br>SULAWESI BARAT<br>60<br>60<br> 100,00| ||81|||MALUKU|||70|||70|||100,00|100,00|| 130 Nerac",annotator,labeled
Q025,DOC05_LNPRT,Berapa jumlah kelompok tujuan kegiatan utama yang digunakan untuk mengklasifikas,paragraph,element_based,50,1,11,,36,36,"2.2 KLASIFIKASI LNPRT MENURUT COPNI  COPNI (Classification of Purposes of Nonprofit Institutions Serving Households), mengklasifikasikan LNPRT berdasarkan tujuan kegiatan utama lembaga. Klasifikasi ini membagi LNPRT menjadi sembilan, yaitu perumahan; kesehatan; rekreasi dan kebudayaan; pendidikan; perlindungan/ jaminan sosial; keagamaan; partai politik, organisasi buruh, dan organisasi profesi; lingkungan hidup; serta jasa lainnya.  COPNI (Classification of Purposes of Nonprofit Institutions Serving Households) classifies NPISHs based on purposes of institution’s main activity. This classification divided NPISHs into nine divisions: housing; health; recreation and culture; education; social protection; religion; political parties, labour and professional organizations; environmental protec",Haikal Thoriq Athaya,labeled
Q025,DOC05_LNPRT,Berapa jumlah kelompok tujuan kegiatan utama yang digunakan untuk mengklasifikas,paragraph,element_based,31,0,2,,26,26,"1.1 BACKGROUND  4  bisnis maupun politik seperti organisasi kemasyarakatan, partai politik, asosiasi bisnis, dan serikat pekerja.  associations in business and politics such as society organizations, political parties, business associations, and labor unions.  business associations, and labor unions. Law No. 17 of 2013 states that society organization is an organization established and formed by society voluntarily based on common aspirations, wishes, needs, interests, activities, and goals to participate in development to achieve the purpose of the Unitary Republic Indonesia (NKRI) based on Pancasila. NPI is a formal and informal institution established by individuals, society, government, or business to community provide services for members or social society with nonprofit motivation. O",Haikal Thoriq Athaya,labeled
Q025,DOC05_LNPRT,Berapa jumlah kelompok tujuan kegiatan utama yang digunakan untuk mengklasifikas,paragraph,element_based,69,0,2,,42,42,"20  yang didasarkan pada prinsip ekonomi. Sistem Neraca Nasional menyediakan catatan menyeluruh dan rinci tentang aktivitas ekonomi yang kompleks dan berlangsung di dalam suatu perekonomian serta interaksi antar pelaku ekonomi atau kelompok pelaku ekonomi yang berbeda.  economic principles. They provide a comprehensive and detailed record of the complex economic activities taking place within an economy and of the interaction between the different economic agents or groups of agents that takes place on markets or elsewhere.  Neraca Nasional merupakan bentuk tampilan data ekonomi makro, yang menggambarkan aktivitas ekonomi yang dilakukan oleh seluruh pelaku ekonomi dalam perekonomian pada suatu periode tertentu. Pelaku ekonomi terdiri dari unit residen (rumah tangga, LNPRT, korporasi, dan p",Haikal Thoriq Athaya,labeled
Q025,DOC05_LNPRT,Berapa jumlah kelompok tujuan kegiatan utama yang digunakan untuk mengklasifikas,paragraph,element_based,77,0,2,,48,48,"26  anggota atau kelompok masyarakat. Layanan tersebut disediakan secara gratis (cuma-cuma) atau dengan harga di bawah harga pasar, sehingga disebut sebagai output nonpasar.  society. These social services are provided free (no charge) or at prices that are not economically significant, so it is also known as nonmarket output.  •  Output pasar merupakan output dari aktivitas LNPRT dalam menghasilkan barang/jasa yang dijual dengan harga pasar. • Market output is ouput from activity carried out by NPISHs to produce goods and services sold at market price. Output for own final use is ouput from activity carried out by NPISHs to produce goods and services used by themselves.  •  •  Output untuk penggunaan akhir sendiri merupakan output dari aktivitas LNPRT dalam menghasilkan barang/jasa yang d",Haikal Thoriq Athaya,labeled
Q025,DOC05_LNPRT,Berapa jumlah kelompok tujuan kegiatan utama yang digunakan untuk mengklasifikas,paragraph,element_based,82,0,2,,51,52,"Neraca Penerimaan dan Pengeluaran  Income and expenditure account describes consumption activities (income and expenditure) of NPISHs. The right side of account includes various source of income that received by NPISHs, ie operating surplus, property income receivable, and current transfer to NPISHs (both from domestic and foreign). While the left side of account includes expenditure component consists of final consumption expenditure, property income payable, current transfers, and saving created from NPISHs.  Neraca penerimaan dan pengeluaran  menggambarkan aktivitas konsumsi (penerimaan dan pengeluaran) LNPRT. Sisi kanan memuat sumber pendapatan yang diterima oleh LNPRT, yaitu surplus usaha, pendapatan kepemilikan diterima, dan transfer masuk (baik dari dalam maupun luar negeri). Sedang",Haikal Thoriq Athaya,labeled
Q025,DOC05_LNPRT,Berapa jumlah kelompok tujuan kegiatan utama yang digunakan untuk mengklasifikas,paragraph,maxmin_semantic,57,1,4,,36,36,"Klasifikasi purposes of institution’s main activity. ini membagi LNPRT menjadi sembilan, This classification divided NPISHs into yaitu perumahan; kesehatan; rekreasi dan nine divisions: housing; health; recreation kebudayaan; pendidikan; perlindungan/ and culture; education; social protection; jaminan sosial; keagamaan; partai politik, religion; political parties, labour and organisasi buruh, dan organisasi profesi; professional organizations; environmental lingkungan hidup; serta jasa lainnya.",Haikal Thoriq Athaya,labeled
Q025,DOC05_LNPRT,Berapa jumlah kelompok tujuan kegiatan utama yang digunakan untuk mengklasifikas,paragraph,recursive,31,1,13,,36,36,"LNP yang terlibat dalam produksi nonpasar dan tidak dikendalikan oleh pemerintah, digolongkan sebagai sektor  institusi tersendiri, yaitu Lembaga Nonprofit yang Melayani Rumah Tangga (LNPRT). Jadi, LNPRT adalah entitas legal maupun sosial yang tidak dikendalikan pemerintah dan dibentuk untuk menyediakan barang/jasa secara gratis atau dengan harga yang tidak signifikan secara ekonomi pada anggotanya/ rumah tangga/kelompok masyarakat. Contoh: partai politik, Ikatan Dokter Indonesia (IDI), dan Wahana Lingkungan Hidup Indonesia (Walhi). 2.2 KLASIFIKASI LNPRT MENURUT COPNI COPNI (Classification of Purposes of Nonprofit Institutions Serving Households), mengklasifikasikan LNPRT berdasarkan tujuan kegiatan utama lembaga. Klasifikasi ini membagi LNPRT menjadi sembilan, yaitu perumahan; kesehatan; ",annotator,labeled
Q025,DOC05_LNPRT,Berapa jumlah kelompok tujuan kegiatan utama yang digunakan untuk mengklasifikas,paragraph,recursive,32,0,3,,37,37,"jaminan sosial; keagamaan; partai politik, organisasi buruh, dan organisasi profesi; lingkungan hidup; serta jasa lainnya. 1. Perumahan LNPRT yang melakukan pembangunan, pengembangan, manajemen, sewa/ kontrak, pembiayaan, renovasi atau rehabilitasi perumahan. 14 Neraca Lembaga Nonprofit yang Melayani Rumah Tangga (LNPRT) 2022—2024 Nonprofit Institutions Serving Households (NPISHs) Accounts 2022—2024  2. Kesehatan LNPRT yang menghasilkan produk, peralatan, dan perlengkapan kesehatan, jasa rumah sakit, jasa perawatan dan penyembuhan, jasa kesehatan masyarakat, penelitian dan pengembangan mengenai kesehatan, dan jasa kesehatan lainnya. 3. Rekreasi dan Kebudayaan LNPRT yang menghasilkan jasa rekreasi, olah raga, dan kebudayaan. 4. Pendidikan LNPRT yang melakukan pendidikan pra sekolah dan dasa",annotator,labeled
Q025,DOC05_LNPRT,Berapa jumlah kelompok tujuan kegiatan utama yang digunakan untuk mengklasifikas,paragraph,recursive,20,0,2,,26,26,"kepentingan, kegiatan, dan tujuan untuk berpartisipasi dalam pembangunan demi tercapainya tujuan NKRI yang berdasarkan Pancasila. LNP merupakan lembaga formal maupun informal yang dibentuk oleh perorangan, masyarakat, pemerintah, atau kalangan usaha dalam rangka menyediakan jasa sosial kemasyarakatan bagi anggota atau masyarakat tanpa ada motivasi meraih keuntungan. Salah satu jenis LNP adalah Lembaga Nonprofit yang Melayani Rumah Tangga (LNPRT) yaitu LNP yang tidak dikendalikan pemerintah, dibentuk dalam rangka menyediakan barang/jasa secara gratis atau dengan harga tidak signifikan secara ekonomi pada anggotanya/rumah tangga/kelompok masyarakat. Menurut System of National Accounts (SNA) 2008, aktivitas LNPRT dalam menyediakan jasa pelayanan kepada masyarakat dikategorikan sebagai aktivit",annotator,labeled
Q025,DOC05_LNPRT,Berapa jumlah kelompok tujuan kegiatan utama yang digunakan untuk mengklasifikas,paragraph,recursive,26,0,2,,33,33,"Namun, surplus yang dihasilkan tidak boleh dibagikan ke pihak lain, melainkan ditahan 10 Neraca Lembaga Nonprofit yang Melayani Rumah Tangga (LNPRT) 2022—2024 Nonprofit Institutions Serving Households (NPISHs) Accounts 2022—2024  oleh lembaga. Surplus yang diperoleh biasanya digunakan kembali pada kegiatan sejenis. Selain dari surplus yang dihasilkan, untuk menjalankan kegiatannya lembaga tersebut memperoleh sumber dana dari sumbangan. LNP ini dibagi menjadi dua kelompok, yaitu: 1.1 Melayani rumah tangga LNP ini menyediakan barang dan jasa ke rumah tangga dengan harga yang signifikan secara ekonomi. Tujuan LNP ini bukan untuk amal, melainkan untuk menyediakan pendidikan, kesehatan, atau jasa lainnya dengan kualitas yang tinggi. Contoh: sekolah, universitas, klinik, rumah sakit. 1.2 Melayan",annotator,labeled
Q026,DOC06_NPU,Berapa nilai Pajak Pendapatan pemerintah daerah pada tahun 2024?,table_row_column,element_based,134,1,14,,117,117,"Keterangan 2019 2020 2021 2022 2023 2024 Items (1) (2) (3) (4) (5) (6) (7) Pendapatan Primer/Balance 241.015 213.746 189.246 211.962 235.638 208.130 of Primary Income Pajak Pendapatan 45.738 51.662 50.545 53.468 54.483 58.974 Current Taxes on Income, Wealth, etc – – – – – – Pajak Pendapatan/Taxes a. on Income https://www.bps.go.id 45.738 51.662 50.545 53.468 54.483 58.974 Pajak Pendapatan b. lainnya Other Current Taxes 823.989 811.284 767.257 739.659 782.448 775.712 Transfer Berjalan Lainnya Other Current Transfer 752.093 736.765 695.399 673.986 716.317 735.859 Transfer Berjalan Antar a. Pemerintah/Current Transfer Within General Government – – – – – – Kerjasama Internasional b. Current International Cooperation Lain-lain/Miscellaneous c. 71.897 74.519 71.858 65.673 66.131 39.853 Current T",Haikal Thoriq Athaya,labeled
Q026,DOC06_NPU,Berapa nilai Pajak Pendapatan pemerintah daerah pada tahun 2024?,table_row_column,element_based,124,1,11,,113,113,"Keterangan 2019 2020 2021 2022 2023 2024 Items (1) (2) (3) (4) (5) (6) (7) Pendapatan Primer/Balance 851.867 654.608 772.266 1.029.424 1.110.656 1.063.587 of Primary Income Pajak Pendapatan 817.932 645.695 747.221 1.051.682 1.115.717 1.120.915 Current Taxes on Income, Wealth, etc 772.194 594.033 696.677 998.214 1.061.234 1.061.941 Pajak Pendapatan/Taxes a. on Income https://www.bps.go.id 45.738 51.662 50.545 53.468 54.483 58.974 Pajak Pendapatan b. lainnya Other Current Taxes 865.142 854.199 827.556 796.221 825.266 817.981 Transfer Berjalan Lainnya Other Current Transfer 752.093 736.765 695.399 673.986 716.317 735.859 Transfer Berjalan Antar a. Pemerintah/Current Transfer Within General Government 4.963 4.829 10.305 8.417 6.830 – Kerjasama Internasional b. Current International Cooperation",Haikal Thoriq Athaya,labeled
Q026,DOC06_NPU,Berapa nilai Pajak Pendapatan pemerintah daerah pada tahun 2024?,table_row_column,element_based,133,1,9,,116,117,"Local Government Allocation of Primary Income Account (billion rupiah), 2019–2024  Penggunaan  Uses  2. Transfer Berjalan Lainnya  100  Appendix  Lampiran  Lampiran  4.3  Neraca Distribusi Pendapatan Sekunder Pemerintah Daerah (miliar rupiah),  2019–2024  Appendix  Appendix  Local Government’s Secondary Distribution of Income Account (billion  rupiah), 2019–2024",Haikal Thoriq Athaya,labeled
Q026,DOC06_NPU,Berapa nilai Pajak Pendapatan pemerintah daerah pada tahun 2024?,table_row_column,element_based,83,0,6,,80,81,"3.4 Disposable Income  the  income of the general  pendapatan disposabel pemerintahan  umum mengalami peningkatan selama  tahun 2021–2023 setelah mengalami  64  penurunan signifikan pada tahun 2020. Penurunan nilai pendapatan disposabel pemerintah umum pada tahun 2020 disebabkan oleh peningkatan manfaat sosial yang diberikan pemerintah pada sisi uses, sementara pajak pendapatan tahun 2020 pada sisi resources berkurang. Hal tersebut merupakan dampak penerapan berbagai kebijakan pemerintah dalam rangka pemulihan ekonomi nasional dan penanganan  in 2020. In 2020, the decrease in general government disposable income was caused by increased social benefits provided by the government on the uses side, while income tax in 2020 was reduced on the resources side. It is the impact of implementing va",Haikal Thoriq Athaya,labeled
Q026,DOC06_NPU,Berapa nilai Pajak Pendapatan pemerintah daerah pada tahun 2024?,table_row_column,element_based,86,0,6,,84,84,"3.4.2 Pajak Pendapatan, Kekayaan, dan Pajak Lainnya  Other Taxes  One  source of government  Salah satu sumber pendapatan  disposabel pemerintah adalah pajak pendapatan, kekayaan, dan pajak lainnya. Pajak pendapatan, kekayaan, dan pajak lainnya adalah pungutan pemerintahan umum dengan yang berkaitan pendapatan dari rumah tangga atau keuntungan perusahaan yang disetor ke setiap secara teratur kas negara periodenya, seperti Pajak Penghasilan (PPh) migas, PPh nonmigas, PPh final, dan PPh DTP.  disposable income is current taxes on income, wealth, etc. The current taxes on income, wealth, etc, are general government levies related to income from households or company profits that are deposited into the state treasury regularly every period, such as oil and gas Income Tax (PPh), non-oil and gas",Haikal Thoriq Athaya,labeled
Q026,DOC06_NPU,Berapa nilai Pajak Pendapatan pemerintah daerah pada tahun 2024?,table_row_column,maxmin_semantic,184,1,17,,113,118,**|– <br>**. **|– <br>**. **|–|–|–|–|–|–| ||||c.|c.|<br> <br> <br> <br>|Transfer Berjalan<br>||752.093<br>|752.093<br>|752.093<br>|736.765<br>**www.b**|736.765<br>**www.b**|736.765<br>**www.b**|695.399<br>**p**|695.399<br>**p**|695.399<br>**p**|673.986<br>|673.986<br>|673.986<br>|716.317|716.317|716.317|735.859|735.859|735.859| ||||c.|c.|<br> <br> <br> <br>|Antar Pemerintah<br>|Antar Pemerintah<br>|Antar Pemerintah<br>|Antar Pemerintah<br>|Antar Pemerintah<br>|Antar Pemerintah<br>|Antar Pemerintah<br>|Antar Pemerintah<br>|Antar Pemerintah<br>|Antar Pemerintah<br>|Antar Pemerintah<br>|Antar Pemerintah<br>|Antar Pemerintah<br>|Antar Pemerintah<br>|Antar Pemerintah<br>|Antar Pemerintah<br>|Antar Pemerintah<br>|Antar Pemerintah<br>|Antar Pemerintah<br>|Antar Pemerintah<br>| ||||c.|c.|<br> <br>,annotator,labeled
Q026,DOC06_NPU,Berapa nilai Pajak Pendapatan pemerintah daerah pada tahun 2024?,table_row_column,maxmin_semantic,118,0,6,,81,81,"1.674 1.391 1.066 2019 2020 2021 2022 2023 2024 Gambar 7 Pendapatan Disposabel Pemerintahan Umum (triliun rupiah), 2019–2024 Figure 7 Disposable Income General Government (trillion rupiah), 2019–2024 Berdasarkan Gambar 7, pendapatan disposabel pemerintahan umum mengalami peningkatan selama tahun 2021–2023 setelah mengalami 64  penurunan signifikan pada tahun 2020. Penurunan nilai pendapatan disposabel pemerintah umum pada tahun 2020 disebabkan oleh peningkatan manfaat sosial yang diberikan pemerintah pada sisi uses, sementara pajak pendapatan tahun 2020 pada sisi resources berkurang.",annotator,labeled
Q026,DOC06_NPU,Berapa nilai Pajak Pendapatan pemerintah daerah pada tahun 2024?,table_row_column,maxmin_semantic,124,0,6,,84,84,"Pajak pendapatan, kekayaan, dan pajak lainnya adalah pungutan pemerintahan umum yang berkaitan dengan pendapatan dari rumah tangga atau keuntungan perusahaan yang disetor ke kas negara secara teratur setiap periodenya, seperti Pajak Penghasilan (PPh) migas, PPh nonmigas, PPh final, dan PPh DTP. Kinerja komponen penerimaan pajak pendapatan, kekayaan, dan pajak lainnya masih cukup kuat. Penerimaan pajak pendapatan, kekayaan, dan pajak lainnya pada tahun 2024 mencapai nilai tertinggi sejak tahun 2019 dengan penerimaan sebesar Rp1.121 triliun.",annotator,labeled
Q026,DOC06_NPU,Berapa nilai Pajak Pendapatan pemerintah daerah pada tahun 2024?,table_row_column,maxmin_semantic,126,0,6,,85,85,"(APBN Kita Desember 2024). 1.200 |Col1|Col2|Col3|Col4|Col5|Col6|Col7|40,75|Col9|6| |---|---|---|---|---|---|---|---|---|---| |||||||<br>**.go**|||| |||||||<br>**.go**||**.id**|**.id**| ||||**1**<br>|**1**|**5,72**|**5,72**|**5,72**|**5,72**|**5,72**| |**-**<br>|**-**<br>|**-**<br>|**-**<br>|**-**<br>|||||| |**-**<br>|**-**<br>|**21,06**<br>|**21,06**<br>|**21,06**<br>|**21,06**<br>|**21,06**<br>|**21,06**<br>|**21,06**<br>|**21,06**<br>| |**-**<br>|**-**<br>||||||||| 1.000 |6|,09| |---|---| |2|,81| |---|---| |0|,47| |---|---| 2019 2020 2021 2022 2023 2024 Pertumbuhan/growth (%) Gambar 9 Pajak Pendapatan, Kekayaan, Pajak Lainnya Pemerintahan Umum (triliun rupiah), 2019–2024 Figure 9 Current Taxes on Income, Wealth, etc of General Government (trillion rupiah), 2019–2024 3.5 Pengeluaran Konsu",annotator,labeled
Q026,DOC06_NPU,Berapa nilai Pajak Pendapatan pemerintah daerah pada tahun 2024?,table_row_column,maxmin_semantic,0,0,3,,1,7,"|Col1|Katalog/Catalogue: 9501002<br>ISSN 0854-6983|Col3| |---|---|---| ||**2019** **2024**<br>**NERACA**<br>**PEMERINTAHANAN**<br>**UMUM INDONESIA**<br>**_General Government Accounts of_**<br>**_Indonesia_**<br>**Volume 42, 2025**<br>**|**2019** **2024**<br>**NERACA**<br>**PEMERINTAHANAN**<br>**UMUM INDONESIA**<br>**_General Government Accounts of_**<br>**_Indonesia_**<br>**Volume 42, 2025**<br>**| BADAN PUSAT STATISTIK BPS-STATISTICS INDONESIA    Neraca Pemerintahan Umum Indonesia 2019–2024 General Government Accounts of Indonesia, 2019–2024 Volume 42, 2025 Katalog/Catalogue: 9501002 ISSN: 0854-6983 Nomor Publikasi/Publication Number: 07200.25007 Ukuran Buku/Book Size: 21 cm x 29,7 cm Jumlah Halaman/Number of Pages: xiv+107 halaman/pages Penyusun Naskah/Manuscript Drafter: Direktorat Nera",Haikal Thoriq Athaya,labeled
Q026,DOC06_NPU,Berapa nilai Pajak Pendapatan pemerintah daerah pada tahun 2024?,table_row_column,recursive,241,1,11,,117,117,|1.|1.|Pendapatan Primer/**_Balance_**<br>**_of Primary Income_**|**_of Primary Income_**|**_of Primary Income_**|**_of Primary Income_**|**_of Primary Income_**|**_of Primary Income_**|**_of Primary Income_**|**_of Primary Income_**|**_of Primary Income_**|**_of Primary Income_**|**_of Primary Income_**|**_of Primary Income_**|**_of Primary Income_**|**_of Primary Income_**|**_of Primary Income_**|**_of Primary Income_**|**_of Primary Income_**|**_of Primary Income_**|**_of Primary Income_**|**_of Primary Income_**|**_of Primary Income_**|**_of Primary Income_**|**_of Primary Income_**|**_of Primary Income_**| |2.|2.|<br> <br>|Pajak Pendapatan|Pajak Pendapatan|Pajak Pendapatan|Pajak Pendapatan||45.738|45.738|45.738|51.662|51.662|51.662|50.545|50.545|50.545|53.468|53.468|53.468|54.483|54.4,annotator,labeled
Q026,DOC06_NPU,Berapa nilai Pajak Pendapatan pemerintah daerah pada tahun 2024?,table_row_column,recursive,244,1,11,,117,117,|||b.|b.|b.|<br><br>|Pajak Pendapatan<br>||45.738<br>|45.738<br>|45.738<br>|51.662<br>|51.662<br>|51.662<br>|50.545<br>**o.id**|50.545<br>**o.id**|50.545<br>**o.id**|53.468<br>|53.468<br>|53.468<br>|54.483|54.483|54.483|58.974|58.974|58.974| |||b.|b.|b.|<br><br>|lainnya<br>|lainnya<br>|lainnya<br>|lainnya<br>|lainnya<br>|lainnya<br>|lainnya<br>|lainnya<br>|lainnya<br>|lainnya<br>|lainnya<br>|lainnya<br>|lainnya<br>|lainnya<br>|lainnya<br>|lainnya<br>|lainnya<br>|lainnya<br>|lainnya<br>|lainnya<br>|,annotator,labeled
Q026,DOC06_NPU,Berapa nilai Pajak Pendapatan pemerintah daerah pada tahun 2024?,table_row_column,recursive,239,1,9,,117,117,"|3.|3.|3.|Pendapatan Disposabel<br>**_Disposable Income_**|Pendapatan Disposabel<br>**_Disposable Income_**|Pendapatan Disposabel<br>**_Disposable Income_**|Pendapatan Disposabel<br>**_Disposable Income_**|Pendapatan Disposabel<br>**_Disposable Income_**|886.515|886.515|886.515|815.500|815.500|815.500|754.601|754.601|754.601|772.187|772.187|772.187|856.209|856.209|856.209|825.480|825.480|825.480| 100  Lampiran 4.3 Neraca Distribusi Pendapatan Sekunder Pemerintah Daerah (miliar rupiah), 2019–2024 Appendix Local Government’s Secondary Distribution of Income Account (billion rupiah), 2019–2024 |Keterangan<br>Items|Col2|Col3|Col4|Col5|Col6|Col7|Col8|2019|Col10|Col11|2020|Col13|Col14|2021|Col16|Col17|2022|Col19|Col20|2023|Col22|Col23|2024|Col25|Col26| |---|---|---|---|---|---|---|---|---|---|--",annotator,labeled
Q026,DOC06_NPU,Berapa nilai Pajak Pendapatan pemerintah daerah pada tahun 2024?,table_row_column,recursive,189,1,8,,113,113,|||a.|a.|a.|<br>|**_on Income_**<br>|**_on Income_**<br>|**_on Income_**<br>|**_on Income_**<br>|**_on Income_**<br>|**_on Income_**<br>|**_on Income_**<br>|**_on Income_**<br>|**_on Income_**<br>|**_on Income_**<br>|**_on Income_**<br>|**_on Income_**<br>|**_on Income_**<br>|**_on Income_**<br>|**_on Income_**<br>|**_on Income_**<br>|**_on Income_**<br>|**_on Income_**<br>|**_on Income_**<br>|**_on Income_**<br>| |||b.|b.|b.|<br><br>|Pajak Pendapatan<br>||45.738<br>|45.738<br>|45.738<br>|51.662<br>|51.662<br>|51.662<br>|50.545<br>**o.id**|50.545<br>**o.id**|50.545<br>**o.id**|53.468<br>|53.468<br>|53.468<br>|54.483|54.483|54.483|58.974|58.974|58.974| |||b.|b.|b.|<br><br>|lainnya<br>|lainnya<br>|lainnya<br>|lainnya<br>|lainnya<br>|lainnya<br>|lainnya<br>|lainnya<br>|lainnya<br>|lainnya<br>,annotator,labeled
Q026,DOC06_NPU,Berapa nilai Pajak Pendapatan pemerintah daerah pada tahun 2024?,table_row_column,recursive,79,0,6,,81,81,"1.674 1.391 1.066 2019 2020 2021 2022 2023 2024 Gambar 7 Pendapatan Disposabel Pemerintahan Umum (triliun rupiah), 2019–2024 Figure 7 Disposable Income General Government (trillion rupiah), 2019–2024 Berdasarkan Gambar 7, pendapatan disposabel pemerintahan umum mengalami peningkatan selama tahun 2021–2023 setelah mengalami 64  penurunan signifikan pada tahun 2020. Penurunan nilai pendapatan disposabel pemerintah umum pada tahun 2020 disebabkan oleh peningkatan manfaat sosial yang diberikan pemerintah pada sisi uses, sementara pajak pendapatan tahun 2020 pada sisi resources berkurang. Hal tersebut merupakan dampak penerapan berbagai kebijakan pemerintah dalam rangka pemulihan ekonomi nasional dan penanganan pandemi COVID-19. Pada tahun 2023, perekonomian nasional semakin membaik, yang diiku",annotator,labeled
Q027,DOC06_NPU,Berapa nilai Pembentukan Modal Tetap Bruto Pemerintahan Pusat pada tahun 2024?,table_row_column,element_based,144,1,11,,122,122,Keterangan 2019 2020 2021 2022 2023 2024 Items (2) (3) (4) (5) (6) (7) (1) Perubahan Aktiva Changes in Assets 1. Pembentukan Modal tetap 173.979 168.539 213.371 221.555 281.768 337.257 Bruto/ Gross Fixed Capital Formation 2. 74.960 74.856 139.717 90.752 99.592 136.366 Perubahan Stok Changes in Inventory 3. Penambahan dan 3.521 13.848 25.795 18.439 20.729 17.772 Pengurangan Sumber Daya Alam https://www.bps.go.id Acquisition Less Disposals of Natural Resources Tanah/Land 3.521 13.848 25.795 18.439 20.729 17.772 4. Konsumsi Barang Modal (44.421) (38.856) (53.309) (52.716) (60.004) (65.667) Tetap/ Consumption of Fixed Capital 5. Pinjamin Neto (+)/(-)/ (426.960) (1.015.651) (773.129) (460.884) (337.393) (500.798) Net Lending/Net Borrowing Perubahan Kewajiban Changes in Liabilities and Net Worth,Haikal Thoriq Athaya,labeled
Q027,DOC06_NPU,Berapa nilai Pembentukan Modal Tetap Bruto Pemerintahan Pusat pada tahun 2024?,table_row_column,element_based,143,1,9,,121,122,"Local Government Allocation of Primary Income Account (billion rupiah), 2019–2024  TOTAL CHANGES IN ASSETS  160.300  (513.512)  (271.282)  15.535  207.844  27.007  CHANGES IN LIABILITIES  LAMPIRAN APPENDICES  105  Lampiran  6.2  Neraca Modal Pemerintahan Pusat (miliar rupiah), 2019–2024  Appendix  Central Government’s Capital Account (billion rupiah), 2019–2024",Haikal Thoriq Athaya,labeled
Q027,DOC06_NPU,Berapa nilai Pembentukan Modal Tetap Bruto Pemerintahan Pusat pada tahun 2024?,table_row_column,element_based,65,0,6,,67,67,"ANALISIS DESKRIPTIF DESCRIPTIVE ANALYSIS  komponen dengan komponen lainnya atau ditinjau pertumbuhan masing- masing komponen dari tahun ke tahun.  comparison between one component and another or the growth of each component from year to year.  General government account transactions in this publication are valued at current prices. The general government account is presented and analyzed for 2019-2024. There are eight components of the general government balance sheet that will be discussed in this chapter, such as non- market output, compensation of employees, gross national income, disposable income, government final consumption expenditure, gross saving, gross fixed capital formation (GFCF), and net lending/net borrowing.  Transaksi neraca pemerintahan  umum pada publikasi ini dinilai a",Haikal Thoriq Athaya,labeled
Q027,DOC06_NPU,Berapa nilai Pembentukan Modal Tetap Bruto Pemerintahan Pusat pada tahun 2024?,table_row_column,element_based,71,0,6,,71,72,"3.1 Government Output  ANALISIS DESKRIPTIF DESCRIPTIVE ANALYSIS  55  persen. Proporsi konsumsi antara tahun tahun 2024 meningkat dibanding sebelumnya utamanya dipengaruhi oleh persiapan dan pelaksanaan Pemilu 2024.  43.95 percent, while the proportion of value added stood at 56.05 percent. in The intermediate increase consumption compared to the previous year was driven by primarily and preparations for the implementation of the 2024 General Election.  Setelah pembahasan sebelumnya  After the previous explanation about government output and its constituent components, this time we will analyze the components of the general government accounts to the value of Gross Domestic Product (GDP). The components of the general are government that accounts analyzed are Government Final (GFCE), Consum",Haikal Thoriq Athaya,labeled
Q027,DOC06_NPU,Berapa nilai Pembentukan Modal Tetap Bruto Pemerintahan Pusat pada tahun 2024?,table_row_column,element_based,92,0,6,,90,91,"3.7 Pembentukan Modal Tetap Bruto 3.7 Gross Fixed Capital Formation (PMTB) (GFCF)  PMTB dicatat pada sisi uses neraca modal. Neraca modal mencatat transaksi aset non-finansial yang diperoleh atau dilepas oleh unit institusi residen yang terlibat dalam transaksi, serta  GFCF is recorded on the uses side of the capital account. The capital account records transactions in non- financial assets that are acquired or disposed by the resident institutional units by engaging in the transactions  74  menunjukkan perubahan kekayaan neto karena tabungan dan transfer modal.  and to show the change in net worth due to savings and capital transfers.  PMTB merupakan total nilai perolehan kurang pelepasan aset tetap milik produsen selama periode neraca, ditambah pengeluaran atas jasa tertentu  GFCF is the",Haikal Thoriq Athaya,labeled
Q027,DOC06_NPU,Berapa nilai Pembentukan Modal Tetap Bruto Pemerintahan Pusat pada tahun 2024?,table_row_column,maxmin_semantic,186,1,14,,119,126,**|||||||||| |**_Resources_**|**_Resources_**|**_Resources_**|||||||**.b**|**.b**|**.b**|||||||||| |||||||||||||||||||||| ||Pendapatan Disposabel||1.674.061<br>|1.674.061<br>|1.674.061<br>|1.066.091<br>**/ww**|1.066.091<br>**w**|1.066.091<br>**w**|1.391.370<br>|1.391.370<br>|1.391.370<br>|1.632.588<br>|1.632.588<br>|1.632.588<br>|1.926.914|1.926.914|1.926.914|1.888.810|1.888.810|1.888.810| ||**_Disposable Income_**|**_Disposable Income_**|**_Disposable Income_**|**_Disposable Income_**|**_Disposable Income_**|**_Disposable Income_**|**_Disposable Income_**|**_Disposable Income_**|**_Disposable Income_**|**_Disposable Income_**|**_Disposable Income_**|**_Disposable Income_**|**_Disposable Income_**|**_Disposable Income_**|**_Disposable Income_**|**_Disposable Income_**|**_Disposable Income_,annotator,labeled
Q027,DOC06_NPU,Berapa nilai Pembentukan Modal Tetap Bruto Pemerintahan Pusat pada tahun 2024?,table_row_column,maxmin_semantic,90,0,6,,67,67,"Neraca pemerintahan umum disajikan dan dianalisis tahun 2019-2024. Terdapat delapan komponen neraca pemerintahan umum yang akan dibahas pada bab ini, yaitu output non- pasar, kompensasi pegawai, pendapatan nasional bruto, pendapatan disposabel, pengeluaran konsumsi akhir pemerintah, tabungan bruto, Pembentukan Modal Tetap Bruto (PMTB), dan net lending/net borrowing.",annotator,labeled
Q027,DOC06_NPU,Berapa nilai Pembentukan Modal Tetap Bruto Pemerintahan Pusat pada tahun 2024?,table_row_column,maxmin_semantic,101,0,6,,72,72,"Proporsi konsumsi antara tahun 2024 meningkat dibanding tahun sebelumnya utamanya dipengaruhi oleh persiapan dan pelaksanaan Pemilu 2024. Setelah pembahasan sebelumnya dijelaskan mengenai output pemerintah dan komponen penyusunnya, kali ini akan dianalisis mengenai komponen- komponen neraca pemerintahan umum terhadap nilai Produk Domestik Bruto (PDB). Adapun komponen-komponen neraca pemerintahan umum yang dianalisis adalah pengeluaran konsumsi pemerintah, kompensasi pegawai, subsidi, tabungan, dan Pembentukan Modal Tetap Bruto (PMTB).",annotator,labeled
Q027,DOC06_NPU,Berapa nilai Pembentukan Modal Tetap Bruto Pemerintahan Pusat pada tahun 2024?,table_row_column,maxmin_semantic,103,0,6,,73,73,"Pada tahun 2024, PDB atas dasar harga berlaku kembali meningkat dengan nilai sebesar Rp22.139 triliun. Tabel 1 Persentase Komponen-Komponen Neraca Pemerintahan Umum terhadap Produk Domestik Bruto (PDB) (persen), 2019–2024 Table 1 Percentage of General Government Accounts Components to Gross Domestic Product (GDP) (percent), 2019–2024 No Keterangan/Items 2019 2020 2021 2022 2023 2024 (1) (2) (3) (4) (5) (6) (7) (8) (9) 1 8,81 9,66 9,25 7,68 7,45 7,73 8,51 Pengeluaran Konsumsi Final Consumption Expenditure Kompensasi Pegawai Compensation of Employees Subsidi/Subsidies 2 5,15 5,68 5,16 4,51 4,22 4,36 4,89 3 1,19 0,96 1,05 1,08 1,04 1,08 1,09 4 1,76 2,75 1,05 0,65 1,77 0,80 0,44 Tabungan Bruto Gross Savings Pembentukan Modal Tetap Bruto/ Gross Fixed Capital Formation |(1) (2) (3) (4) (5) (6) (",annotator,labeled
Q027,DOC06_NPU,Berapa nilai Pembentukan Modal Tetap Bruto Pemerintahan Pusat pada tahun 2024?,table_row_column,maxmin_semantic,0,0,3,,1,7,"|Col1|Katalog/Catalogue: 9501002<br>ISSN 0854-6983|Col3| |---|---|---| ||**2019** **2024**<br>**NERACA**<br>**PEMERINTAHANAN**<br>**UMUM INDONESIA**<br>**_General Government Accounts of_**<br>**_Indonesia_**<br>**Volume 42, 2025**<br>**|**2019** **2024**<br>**NERACA**<br>**PEMERINTAHANAN**<br>**UMUM INDONESIA**<br>**_General Government Accounts of_**<br>**_Indonesia_**<br>**Volume 42, 2025**<br>**| BADAN PUSAT STATISTIK BPS-STATISTICS INDONESIA    Neraca Pemerintahan Umum Indonesia 2019–2024 General Government Accounts of Indonesia, 2019–2024 Volume 42, 2025 Katalog/Catalogue: 9501002 ISSN: 0854-6983 Nomor Publikasi/Publication Number: 07200.25007 Ukuran Buku/Book Size: 21 cm x 29,7 cm Jumlah Halaman/Number of Pages: xiv+107 halaman/pages Penyusun Naskah/Manuscript Drafter: Direktorat Nera",Haikal Thoriq Athaya,labeled
Q027,DOC06_NPU,Berapa nilai Pembentukan Modal Tetap Bruto Pemerintahan Pusat pada tahun 2024?,table_row_column,recursive,289,1,9,,122,122,"Lampiran 6.2 Neraca Modal Pemerintahan Pusat (miliar rupiah), 2019–2024 Appendix Central Government’s Capital Account (billion rupiah), 2019–2024 |Keterangan<br>Items|Col2|Col3|Col4|Col5|Col6|Col7|Col8|2019|Col10|Col11|2020|Col13|Col14|2021|Col16|Col17|2022|Col19|Col20|2023|Col22|Col23|2024|Col25|Col26| |---|---|---|---|---|---|---|---|---|---|---|---|---|---|---|---|---|---|---|---|---|---|---|---|---|---| ||(1)|(1)|(1)|(1)|(1)|(1)|||(2)|||(3)|||(4)|||(5)|||(6)|||(7)|| ||||||||||||||||||||||||||| |Perubahan Aktiva|Perubahan Aktiva|Perubahan Aktiva|Perubahan Aktiva|Perubahan Aktiva|Perubahan Aktiva|Perubahan Aktiva|Perubahan Aktiva||||||||||||||||||| |**_Changes in Assets_**|**_Changes in Assets_**|**_Changes in Assets_**|**_Changes in Assets_**|**_Changes in Assets_**|**_Changes in Assets",annotator,labeled
Q027,DOC06_NPU,Berapa nilai Pembentukan Modal Tetap Bruto Pemerintahan Pusat pada tahun 2024?,table_row_column,recursive,290,1,8,,122,122,||||||||||||||||||||||||||| |1.|1.|1.|<br> <br>|Pembentukan Modal tetap|Pembentukan Modal tetap|Pembentukan Modal tetap||173.979|173.979|173.979|168.539|168.539|168.539|213.371|213.371|213.371|221.555|221.555|221.555|281.768|281.768|281.768|337.257|337.257|337.257| |1.|1.|1.|<br> <br>|Bruto/**_Gross Fixed Capital_**|Bruto/**_Gross Fixed Capital_**|Bruto/**_Gross Fixed Capital_**|Bruto/**_Gross Fixed Capital_**|Bruto/**_Gross Fixed Capital_**|Bruto/**_Gross Fixed Capital_**|Bruto/**_Gross Fixed Capital_**|Bruto/**_Gross Fixed Capital_**|Bruto/**_Gross Fixed Capital_**|Bruto/**_Gross Fixed Capital_**|Bruto/**_Gross Fixed Capital_**|Bruto/**_Gross Fixed Capital_**|Bruto/**_Gross Fixed Capital_**|Bruto/**_Gross Fixed Capital_**|Bruto/**_Gross Fixed Capital_**|Bruto/**_Gross Fixed Capital_**|Br,annotator,labeled
Q027,DOC06_NPU,Berapa nilai Pembentukan Modal Tetap Bruto Pemerintahan Pusat pada tahun 2024?,table_row_column,recursive,61,0,6,,67,67,"serta kelanjutan dari tingkat operasi pemerintah yang diinginkan (SNA 2008: 22.7). Pada bab ini akan dianalisis berbagai item penyeimbang pada setiap neraca pemerintahan umum tahun 2019- 2024. Bab ini juga menyajikan berbagai rasio baik dalam bentuk tabel maupun grafik yang diharapkan berguna sebagai indikator keuangan pemerintah. Data akan dianalisis secara vertikal, seperti analisis perbandingan relatif antara satu 50  komponen dengan komponen lainnya atau ditinjau pertumbuhan masing- masing komponen dari tahun ke tahun. Transaksi neraca pemerintahan umum pada publikasi ini dinilai atas dasar harga berlaku. Neraca pemerintahan umum disajikan dan dianalisis tahun 2019-2024. Terdapat delapan komponen neraca pemerintahan umum yang akan dibahas pada bab ini, yaitu output non- pasar, kompensa",annotator,labeled
Q027,DOC06_NPU,Berapa nilai Pembentukan Modal Tetap Bruto Pemerintahan Pusat pada tahun 2024?,table_row_column,recursive,68,0,6,,73,73,"(PDB). Adapun komponen-komponen neraca pemerintahan umum yang dianalisis adalah pengeluaran konsumsi pemerintah, kompensasi pegawai, subsidi, tabungan, dan Pembentukan Modal Tetap Bruto (PMTB). Ditinjau dari nilai total PDB, secara umum nilai PDB mengalami kenaikan setiap tahunnya, kecuali tahun 2020 yang mengalami penurunan. Nilai PDB atas dasar harga berlaku pada tahun 2020 sebesar Rp15.443 triliun, lebih rendah dibandingkan tahun 2019 sebesar Rp15.833 triliun (Tabel 1). Penurunan ini 56  dikarenakan adanya pandemi Covid-19 yang berdampak bagi seluruh sektor tidak terkecuali dengan perekonomian Indonesia. Pada tahun 2024, PDB atas dasar harga berlaku kembali meningkat dengan nilai sebesar Rp22.139 triliun. Tabel 1 Persentase Komponen-Komponen Neraca Pemerintahan Umum terhadap Produk Dome",annotator,labeled
Q027,DOC06_NPU,Berapa nilai Pembentukan Modal Tetap Bruto Pemerintahan Pusat pada tahun 2024?,table_row_column,recursive,69,0,6,,73,73,"Bruto (PDB) (persen), 2019–2024 Table 1 Percentage of General Government Accounts Components to Gross Domestic Product (GDP) (percent), 2019–2024 No Keterangan/Items 2019 2020 2021 2022 2023 2024 (1) (2) (3) (4) (5) (6) (7) (8) (9) 1 8,81 9,66 9,25 7,68 7,45 7,73 8,51 Pengeluaran Konsumsi Final Consumption Expenditure Kompensasi Pegawai Compensation of Employees Subsidi/Subsidies 2 5,15 5,68 5,16 4,51 4,22 4,36 4,89 3 1,19 0,96 1,05 1,08 1,04 1,08 1,09 4 1,76 2,75 1,05 0,65 1,77 0,80 0,44 Tabungan Bruto Gross Savings Pembentukan Modal Tetap Bruto/ Gross Fixed Capital Formation",annotator,labeled
Q029,DOC06_NPU,Apa yang dimaksud dengan tabungan dalam Neraca Penggunaan Pendapatan Disposabel ,paragraph,element_based,56,1,13,,55,55,"2.2.3.5 Property Income Paid  For regional governments, revenue from the sale of goods and services is derived from local levies.  Sementara untuk pemerintah daerah, pendapatan dari penjualan barang dan jasa berasal dari retribusi daerah.  Rincian tabungan merupakan faktor penyeimbang di dalam neraca penggunaan pendapatan disposabel pemerintahan umum, yaitu selisih antara pendapatan disposabel dan pengeluaran konsumsi akhir pemerintah.  This item is defined as a balancing item in the use of disposable income account, i.e., the discrepancy between disposable income and final consumption expenditure.  https://www.bps.go.id  Neraca modal pemerintahan  The capital account of general government is an account showing general government transactions concerning capital formation and financing with",Haikal Thoriq Athaya,labeled
Q029,DOC06_NPU,Apa yang dimaksud dengan tabungan dalam Neraca Penggunaan Pendapatan Disposabel ,paragraph,element_based,48,0,7,,46,47,"2.2.3.5 Property Income Paid  Dibayar  Property income paid includes interest payments on government debt, discounts payment of Conventional Based Government Securities (SUN), and discounts payment of Sharia Government Securities (SBN).  Pendapatan kepemilikan yang dibayar mencakup pembayaran bunga utang pemerintah, pembayaran diskon Surat Utang Negara (SUN), dan pembayaran diskon Surat Berharga Negara (SBN) syariah, baik dalam negeri maupun luar negeri.  https://www.bps.go.id  Primary income or also known as gross national income is used as a balancing item in the allocation of primary income account, i.e. the difference between the resources and uses that later transferred into the secondary distribution of income account as resources.  Pendapatan primer atau disebut juga pendapatan nasi",Haikal Thoriq Athaya,labeled
Q029,DOC06_NPU,Apa yang dimaksud dengan tabungan dalam Neraca Penggunaan Pendapatan Disposabel ,paragraph,element_based,52,0,7,,51,51,"2.2.3.5 Property Income Paid  1. 80 persen Dana Alokasi Umum (DAU)  1. 80 percent of General Allocation Funds (DAU) for provinces and districts, yang terdiri dari DAU untuk provinsi dan DAU untuk kabupaten/kota,  2. 20 persen Dana Bagi Hasil (DBH) yang  2. 20 percent of revenue sharing  terdiri dari DBH pajak, DBH Sumber daya alam, dan DBH cukai that divided into taxes, revenue of natural resources, and excise.  3. 10 persen Dana Otonomi Khusus  3. 10 percent of Special Autonomy Fund.  (DOK)  4. 100 persen Dana Alokasi Khusus (DAK) nonfisik 4. 10 percent of specific Allocation Fund  5. Dana desa  5. Village Fund  https://www.bps.go.id  2.2.4.5 Pendapatan Disposabel  Pendapatan disposabel adalah pendapatan yang digunakan untuk pengeluaran konsumsi akhir pemerintah. Pendapatan disposabel mer",Haikal Thoriq Athaya,labeled
Q029,DOC06_NPU,Apa yang dimaksud dengan tabungan dalam Neraca Penggunaan Pendapatan Disposabel ,paragraph,element_based,53,0,7,,52,52,"2.2.3.5 Property Income Paid  disposable income. On the left side of the account containing the use of disposable income i.e. the general government final consumption expenditure. Saving is the balancing item in the use of disposable income account. Its value is derived as disposable income less government final consumption expenditure. The details in the use of disposable income account are as follows:  neraca disajikan pendapatan disposabel atau pendapatan yang siap dibelanjakan. Pada sisi kiri neraca berisikan penggunaan pendapatan disposabel yaitu pengeluaran konsumsi akhir pemerintahan umum. Tabungan sebagai penyeimbang, merupakan pengurangan dari pendapatan disposabel dan pengeluaran konsumsi akhir pemerintah. Rincian dalam neraca penggunaan pendapatan disposabel adalah sebagai  http",Haikal Thoriq Athaya,labeled
Q029,DOC06_NPU,Apa yang dimaksud dengan tabungan dalam Neraca Penggunaan Pendapatan Disposabel ,paragraph,element_based,4,0,5,,5,7,"TIM PENYUSUN/COMPILERS  NERACA PEMERINTAHAN UMUM INDONESIA 2019–2024  GENERAL GOVERNMENT ACCOUNTS OF INDONESIA 2019–2024  Volume 42, 2025  Pengarah/Director  Moh. Edy Mahmud  Penanggung Jawab Person in Charge  Pipit Helly Sorayan  Vina Eka Andriyani Zaitun Rohmah  Penyunting/Editor  https://www.bps.go.id  Deja Firda Lupitasari Fakhriza Akbar Yoga Dwi Nugroho  Penulis Naskah/Writer  Rifky Afrizal Mukti Deja Firda Lupitasari  Pengolah Data/Data Processor  Deja Firda Lupitasari Canva.com, Freepik.com  Pembuat Kover/Cover Designer  Penata Letak/Layouter  Deja Firda Lupitasari  ISSN 0854-6983  Publikasi Neraca  Pemerintahan  General Government Accounts of  Indonesia 2019–2024 provides detailed general government accounts at both the central and regional administrative levels for the period 2019",Haikal Thoriq Athaya,labeled
Q029,DOC06_NPU,Apa yang dimaksud dengan tabungan dalam Neraca Penggunaan Pendapatan Disposabel ,paragraph,maxmin_semantic,69,1,11,,55,55,"2.2.5.3 Tabungan Rincian tabungan merupakan faktor penyeimbang di dalam neraca penggunaan pendapatan disposabel pemerintahan umum, yaitu selisih antara pendapatan disposabel dan pengeluaran konsumsi akhir pemerintah. 2.2.6 Neraca Modal Neraca modal pemerintahan umum adalah neraca yang memperlihatkan transaksi modal dan pembiayaan, antara pemerintah dan badan-badan lain (termasuk luar negeri).",annotator,labeled
Q029,DOC06_NPU,Apa yang dimaksud dengan tabungan dalam Neraca Penggunaan Pendapatan Disposabel ,paragraph,maxmin_semantic,0,0,5,,1,7,"|Col1|Katalog/Catalogue: 9501002<br>ISSN 0854-6983|Col3| |---|---|---| ||**2019** **2024**<br>**NERACA**<br>**PEMERINTAHANAN**<br>**UMUM INDONESIA**<br>**_General Government Accounts of_**<br>**_Indonesia_**<br>**Volume 42, 2025**<br>**|**2019** **2024**<br>**NERACA**<br>**PEMERINTAHANAN**<br>**UMUM INDONESIA**<br>**_General Government Accounts of_**<br>**_Indonesia_**<br>**Volume 42, 2025**<br>**| BADAN PUSAT STATISTIK BPS-STATISTICS INDONESIA    Neraca Pemerintahan Umum Indonesia 2019–2024 General Government Accounts of Indonesia, 2019–2024 Volume 42, 2025 Katalog/Catalogue: 9501002 ISSN: 0854-6983 Nomor Publikasi/Publication Number: 07200.25007 Ukuran Buku/Book Size: 21 cm x 29,7 cm Jumlah Halaman/Number of Pages: xiv+107 halaman/pages Penyusun Naskah/Manuscript Drafter: Direktorat Nera",annotator,labeled
Q029,DOC06_NPU,Apa yang dimaksud dengan tabungan dalam Neraca Penggunaan Pendapatan Disposabel ,paragraph,maxmin_semantic,54,0,5,,47,47,"2.2.3.5 Pendapatan Kepemilikan yang Dibayar Pendapatan kepemilikan yang dibayar mencakup pembayaran bunga utang pemerintah, pembayaran diskon Surat Utang Negara (SUN), dan pembayaran diskon Surat Berharga Negara (SBN) syariah, baik dalam negeri maupun luar negeri. 2.2.3.6 Pendapatan primer Pendapatan primer atau disebut juga pendapatan nasional bruto digunakan sebagai penyeimbang di dalam neraca alokasi pendapatan primer pemerintahan umum, yaitu selisih antara jumlah sumber dan penggunaan yang kemudian dipindahkan ke neraca distribusi pendapatan sekunder sebagai sumber pendapatan pemerintahan umum. 30  2.2.4 Neraca Distribusi Pendapatan Sekunder Neraca distribusi pendapatan sekunder memperlihatkan bagaimana proses kegiatan pemerintah dalam menciptakan pendapatan yang siap dibelanjakan (pen",annotator,labeled
Q029,DOC06_NPU,Apa yang dimaksud dengan tabungan dalam Neraca Penggunaan Pendapatan Disposabel ,paragraph,maxmin_semantic,62,0,5,,52,52,"Pendapatan disposabel merupakan item penyeimbang di dalam neraca distribusi pendapatan sekunder, yaitu selisih antara jumlah sumber dan penggunaan yang kemudian dipindahkan ke neraca penggunaan pendapatan disposabel sebagai sumber pendapatan pemerintahan umum. 2.2.5 Neraca Penggunaan Pendapatan ……..Disposabel Dalam neraca penggunaan pendapatan disposabel, pada sisi kanan 35  neraca disajikan pendapatan disposabel atau pendapatan yang siap dibelanjakan. Pada sisi kiri neraca berisikan penggunaan pendapatan disposabel yaitu pengeluaran konsumsi akhir pemerintahan umum.",annotator,labeled
Q029,DOC06_NPU,Apa yang dimaksud dengan tabungan dalam Neraca Penggunaan Pendapatan Disposabel ,paragraph,maxmin_semantic,63,1,5,,52,52,"Tabungan sebagai penyeimbang, merupakan pengurangan dari pendapatan disposabel dan pengeluaran konsumsi akhir pemerintah. Rincian dalam neraca penggunaan pendapatan disposabel adalah sebagai berikut: 2.2.5.1 Pengeluaran Konsumsi Akhir Pengeluaran konsumsi akhir pemerintahan umum adalah nilai seluruh jenis output nonpasar pemerintah dikurangi nilai pendapatan dari penjualan barang/jasa (baik yang harganya signifikan dan tidak signifikan secara ekonomi) ditambah nilai barang/jasa yang dibeli dari produsen pasar untuk diberikan pada rumah tangga secara gratis atau dengan harga yang tidak signifikan secara ekonomi (social transfer in kind-purchased market production) ditambah output nonpasar Bank Indonesia.",annotator,labeled
Q029,DOC06_NPU,Apa yang dimaksud dengan tabungan dalam Neraca Penggunaan Pendapatan Disposabel ,paragraph,recursive,52,1,11,,55,55,"Perlindungan Sosial, dan Keagamaan 4. Pendapatan Pendidikan, Budaya, Riset, dan Teknologi 5. Pendapatan Jasa Transportasi, Komunikasi, and Informatika 6. Pendapatan Jasa Lainnya 38  Sementara untuk pemerintah daerah, pendapatan dari penjualan barang dan jasa berasal dari retribusi daerah. 2.2.5.3 Tabungan Rincian tabungan merupakan faktor penyeimbang di dalam neraca penggunaan pendapatan disposabel pemerintahan umum, yaitu selisih antara pendapatan disposabel dan pengeluaran konsumsi akhir pemerintah. 2.2.6 Neraca Modal Neraca modal pemerintahan umum adalah neraca yang memperlihatkan transaksi modal dan pembiayaan, antara pemerintah dan badan-badan lain (termasuk luar negeri). Neraca modal pemerintahan umum mencatat perolehan dan penggunaan atas harta nonfinansial, dan merupakan neraca yan",annotator,labeled
Q029,DOC06_NPU,Apa yang dimaksud dengan tabungan dalam Neraca Penggunaan Pendapatan Disposabel ,paragraph,recursive,2,0,5,,6,7,"Volume 42, 2025 Pengarah/Director Penanggung Jawab Person in Charge Penyunting/Editor Penulis Naskah/Writer Pengolah Data/Data Processor Pembuat Kover/Cover Designer Penata Letak/Layouter Deja Firda Lupitasari   Publikasi Neraca Pemerintahan Umum Indonesia 2019–2024 merupakan publikasi yang menyajikan neraca-neraca Pemerintahan Umum menurut tingkat Pusat dan Daerah dari tahun 2019 sampai dengan tahun 2024. Ada enam neraca Pemerintahan Umum yang disajikan dalam publikasi ini, yaitu Neraca Produksi, Neraca Pendapatan yang Dihasilkan, Neraca Alokasi Pendapatan Primer, Neraca Distribusi Pendapatan Sekunder, Neraca Penggunaan Pendapatan Disposabel, dan Neraca Modal. Neraca- neraca tersebut disajikan dalam bentuk tabel dan grafik, baik berupa persentase maupun nilai rupiah. Sejak publikasi tahun",annotator,labeled
Q029,DOC06_NPU,Apa yang dimaksud dengan tabungan dalam Neraca Penggunaan Pendapatan Disposabel ,paragraph,recursive,43,0,5,,47,47,"Surat Utang Negara (SUN), dan pembayaran diskon Surat Berharga Negara (SBN) syariah, baik dalam negeri maupun luar negeri. 2.2.3.6 Pendapatan primer Pendapatan primer atau disebut juga pendapatan nasional bruto digunakan sebagai penyeimbang di dalam neraca alokasi pendapatan primer pemerintahan umum, yaitu selisih antara jumlah sumber dan penggunaan yang kemudian dipindahkan ke neraca distribusi pendapatan sekunder sebagai sumber pendapatan pemerintahan umum. 30  2.2.4 Neraca Distribusi Pendapatan Sekunder Neraca distribusi pendapatan sekunder memperlihatkan bagaimana proses kegiatan pemerintah dalam menciptakan pendapatan yang siap dibelanjakan (pendapatan disposabel), melalui transfer tunai (cash) dan berbagai transfer berjalan lainnya, tidak termasuk transfer sosial dalam bentuk barang/",annotator,labeled
Q029,DOC06_NPU,Apa yang dimaksud dengan tabungan dalam Neraca Penggunaan Pendapatan Disposabel ,paragraph,recursive,48,0,5,,52,52,"3. 10 persen Dana Otonomi Khusus (DOK) 4. 100 persen Dana Alokasi Khusus (DAK) nonfisik 5. Dana desa 2.2.4.5 Pendapatan Disposabel Pendapatan disposabel adalah pendapatan yang digunakan untuk pengeluaran konsumsi akhir pemerintah. Pendapatan disposabel merupakan item penyeimbang di dalam neraca distribusi pendapatan sekunder, yaitu selisih antara jumlah sumber dan penggunaan yang kemudian dipindahkan ke neraca penggunaan pendapatan disposabel sebagai sumber pendapatan pemerintahan umum. 2.2.5 Neraca Penggunaan Pendapatan ……..Disposabel Dalam neraca penggunaan pendapatan disposabel, pada sisi kanan 35  neraca disajikan pendapatan disposabel atau pendapatan yang siap dibelanjakan. Pada sisi kiri neraca berisikan penggunaan pendapatan disposabel yaitu pengeluaran konsumsi akhir pemerintahan u",annotator,labeled
Q029,DOC06_NPU,Apa yang dimaksud dengan tabungan dalam Neraca Penggunaan Pendapatan Disposabel ,paragraph,recursive,49,0,5,,53,53,Rincian dalam neraca penggunaan pendapatan disposabel adalah sebagai berikut: 2.2.5.1 Pengeluaran Konsumsi Akhir Pengeluaran konsumsi akhir pemerintahan umum adalah nilai seluruh jenis output nonpasar pemerintah dikurangi nilai pendapatan dari penjualan barang/jasa (baik yang harganya signifikan dan tidak signifikan secara ekonomi) ditambah nilai barang/jasa yang dibeli dari produsen pasar untuk diberikan pada rumah tangga secara gratis atau dengan harga yang tidak signifikan secara ekonomi (social transfer in kind-purchased market production) ditambah output nonpasar Bank Indonesia. 36  Nilai pendapatan dari penjualan barang dan jasa meliputi bagian dari,annotator,labeled
Q031,DOC07_NRT,Berapa proporsi Transfer Berjalan dalam struktur penggunaan Neraca Distribusi Pe,table_row_column,element_based,171,1,14,,103,103,"Lampiran Appendix 2.7 Penggunaan (persen), 2022–2024 Household Secondary Distribution of Income Account Structure by Uses (percent), 2022–2024 Item Items 2022 2023 2024 (1) (2) (3) (4) Transfer berjalan Current transfers 8,46 7,77 8,04 Pajak pendapatan, kekayaan, dll Current taxes on income, wealth, etc 2,27 2,12 2,21 Kontribusi sosial neto Net social contributions 1,68 1,54 1,47 Transfer lainnya Other current transfers 4,52 4,11 4,36 Premi asuransi non-jiwa neto 0,08 0,03 0,08 Net non-life insurance premiums Transfer lainnya, yang belum diklasifikasikan 4,48 4,29 4,04 Miscellaneous current transfers Pendapatan disposabel bruto 92,23 91,96 91,54 Disposable income, gross 100,00 100,00 100,00 Total",annotator,labeled
Q031,DOC07_NRT,Berapa proporsi Transfer Berjalan dalam struktur penggunaan Neraca Distribusi Pe,table_row_column,element_based,173,1,9,,103,103,"Item 2024 2022 2023 Items (1) (2) (3) (4) Pendapatan nasional bruto (PNB) National income, gross 91,01 92,20 92,02 Transfer berjalan Current transfers 8,99 7,80 7,98 Manfaat sosial selain transfer sosial dalam bentuk barang Social benefits other than social transfers in kind 2,89 2,96 2,73 Transfer lainnya Other current transfers 6,10 4,83 5,25 Klaim asuransi non-jiwa Non-life insurance claims 0,08 0,08 0,08 Transfer lainnya, yang belum diklasifikasikan Miscellaneous current transfers 6,01 4,76 5,17 Total 100,00 100,00 100,00",annotator,labeled
Q031,DOC07_NRT,Berapa proporsi Transfer Berjalan dalam struktur penggunaan Neraca Distribusi Pe,table_row_column,element_based,37,0,6,,30,31,"2.1 Household Accounts in System of National Accounts  Neraca Distribusi Pendapatan Sekunder pendapatan bagaimana menggambarkan didistribusikan kembali (redistribution) di antara unit institusi, melalui pembayaran dan penerimaan transfer berjalan. Pendapatan disposabel merupakan item penyeimbang di dalam neraca ini. Pendapatan disposabel adalah jumlah maksimum kemampuan rumah tangga dalam membiayai konsumsi barang dan jasa selama periode neraca, tanpa mengurangi uang tunai, menjual aset finansial/ non-finansial atau meningkatkan kewajiban.  The Secondary Distribution of Income Account describes how income is redistributed among institutional units, through payments and receipts of current transfers. Disposable income is a balancing item in this account. Disposable Income is the maximum amo",annotator,labeled
Q031,DOC07_NRT,Berapa proporsi Transfer Berjalan dalam struktur penggunaan Neraca Distribusi Pe,table_row_column,element_based,51,0,6,,36,37,"Secondary Distribution of Income Account  Neraca Distribusi Pendapatan Sekunder menggambarkan bagaimana pendapatan didistribusikan kembali (redistribution) di antara unit institusi, melalui pembayaran dan penerimaan transfer berjalan. Transfer yang dibayar unit institusi dicatat di sisi penggunaan. Yang termasuk sebagai transfer yang dibayar antara lain pajak penghasilan, kekayaan, dan lain- lain, kontribusi sosial, dan transfer lainnya. Sedangkan transfer yang diterima dicatat di sisi sumber diantaranya adalah kontribusi sosial,  The Secondary Distribution of Income Account describes how income is redistributed among institutional units, through payments and receipts of current transfers. Transfers paid for by institutional units are recorded on the uses side. Included as transfers that a",annotator,labeled
Q031,DOC07_NRT,Berapa proporsi Transfer Berjalan dalam struktur penggunaan Neraca Distribusi Pe,table_row_column,element_based,90,0,6,,54,55,"Secondary Distribution of Income Account  Dalam Neraca Distribusi Pendapatan Sekunder, pendapatan nasional yang sebelumnya merupakan item penyeimbang dalam Neraca Alokasi Pendapatan Primer, dicatat kembali pada sisi sumber.  In the Secondary Distribution of Income Account, national income previously as balancing item in the generation of Allocation of Primary Income Account, re-recorded on resources side.  Neraca Rumah Tangga Indonesia 2022–2024  Indonesia Household Accounts 2022–2024  Kontribusi sosial neto sisi penerimaan  dan pengeluaran didapatkan dari OJK. Transfer sosial lain dalam bentuk barang merupakan penjumlahan dari manfaat asuransi sosial lainnya yang didapatkan dari OJK dan manfaat bantuan sosial tunai yang didapatkan dari data pemerintah dan LNPRT.  Net social contribution r",annotator,labeled
Q031,DOC07_NRT,Berapa proporsi Transfer Berjalan dalam struktur penggunaan Neraca Distribusi Pe,table_row_column,maxmin_semantic,189,1,14,,98,108,"**|**2023**<br>|**2023**<br>|**2023**<br>|**2024**|**2024**|**2024**| ||**_Items_**<br>|**_Items_**<br>|**_Items_**<br>|**_Items_**<br>|**_Items_**<br>|**_Items_**<br>|**_Items_**<br>|**_Items_**<br>|**_Items_**<br>|**_Items_**<br>|**_Items_**<br>| ||(1)<br>|||(2)<br>**b**|||(3)<br>|||(4)|| |<br>|Pendapatan disposabel bruto<br>||11.143,57<br>**w.**|11.143,57<br>**w.**|11.143,57<br>**w.**|11.948,58<br>|11.948,58<br>|11.948,58<br>|12.924,89|12.924,89|12.924,89| |<br>|_Disposable income_, gross<br>|_Disposable income_, gross<br>|_Disposable income_, gross<br>|_Disposable income_, gross<br>|_Disposable income_, gross<br>|_Disposable income_, gross<br>|_Disposable income_, gross<br>|_Disposable income_, gross<br>|_Disposable income_, gross<br>|_Disposable income_, gross<br>|_Disposable income_,",annotator,labeled
Q031,DOC07_NRT,Berapa proporsi Transfer Berjalan dalam struktur penggunaan Neraca Distribusi Pe,table_row_column,maxmin_semantic,128,0,6,,71,71,"3.4 Neraca Distribusi Pendapatan Sekunder Rumah Tangga 2022–2024 Neraca Distribusi Pendapatan Sekunder menggambarkan bagaimana Pendapatan Nasional Bruto (PNB) sebagai item penyeimbang pada Neraca Alokasi Pendapatan Primer diubah menjadi pendapatan disposabel dengan menerima dan membayar transfer berjalan, namun tidak termasuk transfer sosial dalam bentuk barang atau jasa. PNB dicatat kembali pada Neraca Distribusi Pendapatan Sekunder sebagai sumber bersama dengan penerimaan transfer berjalan dalam bentuk kontribusi sosial neto, manfaat sosial selain transfer sosial dalam bentuk barang, klaim asuransi non-jiwa, dan transfer lainnya yang diterima.",annotator,labeled
Q031,DOC07_NRT,Berapa proporsi Transfer Berjalan dalam struktur penggunaan Neraca Distribusi Pe,table_row_column,maxmin_semantic,129,0,6,,72,72,"Sementara itu, pada sisi penggunaan akan dicatat berupa pembayaran pajak pendapatan, kekayaan, dll,  kontribusi sosial neto, premi asuransi non- jiwa, dan transfer lainnya. Tabel 3.4 Table Household Secondary Distribution of Income Account (trillion rupiah), 2022–2024 |Item<br>Items|Col2|Col3|Col4|2022|Col6|Col7|Col8|Col9|Col10|2023|Col12|Col13|Col14|Col15|Col16|2024|Col18|Col19|Col20|Col21| |---|---|---|---|---|---|---|---|---|---|---|---|---|---|---|---|---|---|---|---|---| |**Item**<br>**_Items_**|**Item**<br>**_Items_**|**Item**<br>**_Items_**||**Penggunaan**|||**Sumber**|||**Penggunaan**|||**Sumber**|||**Penggunaan**|||**Sumber**|| |**Item**<br>**_Items_**|**Item**<br>**_Items_**|**Item**<br>**_Items_**||**_Uses_**|**_Uses_**|**_Uses_**|**_Resources_**|**_Resources_**|**_Resources_**|",Haikal Thoriq Athaya,labeled
Q031,DOC07_NRT,Berapa proporsi Transfer Berjalan dalam struktur penggunaan Neraca Distribusi Pe,table_row_column,maxmin_semantic,134,0,6,,74,75,"Dari seluruh pendapatan yang diterima rumah tangga, kemudian digunakan untuk transfer berjalan, maka tercipta pendapatan disposabel, yaitu pendapatan yang siap dibelanjakan. Pendapatan disposabel secara sempit dapat diartikan sebagai jumlah maksimum kemampuan rumah tangga untuk membiayai konsumsi barang dan jasa selama periode neraca. Pendapatan disposabel rumah tangga selama periode 2022–2024 memiliki tren yang meningkat. Pada tahun 2023, nilainya meningkat sebesar 7,22 persen dari tahun 2022. Pada tahun 2024, pendapatan disposabel rumah tangga terus meningkat sebesar 8,17 persen mencapai 12.924,89 triliun rupiah. |Col1|Col2|Col3|w|w w .| |---|---|---|---|---| |||**ps:**|**//**|| |||||| ||**h**|**tt**||| |||||| |||||| Persen/Percent 2022 2023 2024 Tahun/Year Gambar 3.4 Figure Household Cu",annotator,labeled
Q031,DOC07_NRT,Berapa proporsi Transfer Berjalan dalam struktur penggunaan Neraca Distribusi Pe,table_row_column,maxmin_semantic,162,0,6,,86,86,"**|||||| ||31,57<br>|31,57<br>|31,57<br>|31,57<br>|31,57<br>||33,23<br>**ps. **|||||||||| ||31,57<br>|||||||||||||||| ||||||||||**w.b**|**w.b**|**w.b**|||||| ||||8,72<br>|8,72<br>|8,72<br>|||**w**|7,60<br>|7,60<br>|7,60<br>|||||| ||||4,39||0,21<br>|**//**|||4,22<br>||0,20<br>||||3,78|| Persen/Percent 2022 2023 2024 Tahun/Year Kompensasi tenaga kerja/Compensation of employees Surplus usaha dan pendpatan campuran bruto/Operating surplus and mixed income, gross Pendapatan kepemilikan yang diterima/Property income, received Transfer berjalan yang diterima/Current transfer, received Penyesuaian atas perubahan pada hak pensiun/Adjustment for the change in pension entitlements Gambar Struktur Penerimaan Rumah Tangga (persen), 2022–2024 3.9 Figure Household Incomes Structure (percent), 2022–2024 T",annotator,labeled
Q031,DOC07_NRT,Berapa proporsi Transfer Berjalan dalam struktur penggunaan Neraca Distribusi Pe,table_row_column,recursive,221,1,14,,103,103,"|**Total**|**Total**|**Total**|**100,00**|**100,00**|**100,00**|**100,00**|**100,00**|**100,00**|**100,00**|**100,00**|**100,00**| Neraca Rumah Tangga Indonesia 2022–2024 Indonesia Household Accounts 2022–2024 84  Lampiran Appendix 2.7 |Col1|Item|Col3|Col4|Col5|Col6|2022|Col8|Col9|2023|Col11|Col12|2024|Col14|Col15|Col16| |---|---|---|---|---|---|---|---|---|---|---|---|---|---|---|---| ||**_Items_**|**_Items_**|**_Items_**|**_Items_**|**_Items_**|**_Items_**|**_Items_**|**_Items_**|**_Items_**|**_Items_**|**_Items_**|**_Items_**|**_Items_**|**_Items_**|**_Items_**| ||(1)|(1)|(1)|(1)|||(2)|||(3)|||(4)|(4)|| |<br>|Transfer berjalan|Transfer berjalan|Transfer berjalan|Transfer berjalan||8,46|8,46|8,46|7,77|7,77|7,77|8,04|8,04|8,04|8,04|",annotator,labeled
Q031,DOC07_NRT,Berapa proporsi Transfer Berjalan dalam struktur penggunaan Neraca Distribusi Pe,table_row_column,recursive,222,1,11,,103,103,"||(1)|(1)|(1)|(1)|||(2)|||(3)|||(4)|(4)|| |<br>|Transfer berjalan|Transfer berjalan|Transfer berjalan|Transfer berjalan||8,46|8,46|8,46|7,77|7,77|7,77|8,04|8,04|8,04|8,04| |<br>|_Current transfers_|_Current transfers_|_Current transfers_|_Current transfers_|_Current transfers_|_Current transfers_|_Current transfers_|_Current transfers_|_Current transfers_|_Current transfers_|_Current transfers_|_Current transfers_|_Current transfers_|_Current transfers_|_Current transfers_| |<br>|Pajak pendapatan, kekayaan, dll|Pajak pendapatan, kekayaan, dll|Pajak pendapatan, kekayaan, dll|Pajak pendapatan, kekayaan, dll||2,27|2,27|2,27|2,12|2,12|2,12|2,21|2,21|2,21|2,21|",annotator,labeled
Q031,DOC07_NRT,Berapa proporsi Transfer Berjalan dalam struktur penggunaan Neraca Distribusi Pe,table_row_column,recursive,39,0,6,,37,37,"|<br>|_National income, gross_<br>**w**|_National income, gross_<br>**w**|_National income, gross_<br>**w**|_National income, gross_<br>**w**|_National income, gross_<br>**w**| |**Jumlah/****_Total_**<br>**s://**|**Jumlah/****_Total_**<br>**s://**|**Jumlah/****_Total_**<br>**s://**|**Jumlah/****_Total_**<br>|**Jumlah/****_Total_**<br>|**Jumlah/****_Total_**<br>| Neraca Distribusi Pendapatan Sekunder Neraca Distribusi Pendapatan Sekunder menggambarkan bagaimana pendapatan didistribusikan kembali (redistribution) di antara unit institusi, melalui pembayaran dan penerimaan transfer berjalan. Transfer yang dibayar unit institusi dicatat di sisi penggunaan. Yang termasuk sebagai transfer yang dibayar antara lain pajak penghasilan, kekayaan, dan lain- lain, kontribusi sosial, dan transfer lainny",annotator,labeled
Q031,DOC07_NRT,Berapa proporsi Transfer Berjalan dalam struktur penggunaan Neraca Distribusi Pe,table_row_column,recursive,65,0,6,,49,49,"Pendapatan Kepemilikan Pendapatan kepemilikan merupakan bagian pendapatan primer yang diperoleh dengan meminjamkan atau menyewakan sumber daya finansial atau sumber daya alam seperti lahan, pada unit lain untuk digunakan di dalam proses produksi. Pendapatan kepemilikan terbagi atas dua sisi, yaitu pendapatan kepemilikan yang diterima pada sisi sumber dan pendapatan kepemilikan yang dibayarkan pada sisi penggunaan. Neraca Rumah Tangga Indonesia 2022–2024 Indonesia Household Accounts 2022–2024 30  Pendapatan kepemilikan yang diterima dapat bersumber dari pendapatan usaha bukan dari usaha rumah tangga (withdrawal), menyewakan lahan (misalnya untuk pertanian atau pertambangan) kepada pihak lain, pendapatan dividen, bunga simpanan, imbal atas kepemilikan surat berharga lainnya, dan bagi hasil u",annotator,labeled
Q031,DOC07_NRT,Berapa proporsi Transfer Berjalan dalam struktur penggunaan Neraca Distribusi Pe,table_row_column,recursive,75,0,6,,55,55,"Dalam Neraca Distribusi Pendapatan Sekunder, pendapatan nasional yang sebelumnya merupakan item penyeimbang dalam Neraca Alokasi Pendapatan Primer, dicatat kembali pada sisi sumber. Neraca Rumah Tangga Indonesia 2022–2024 Indonesia Household Accounts 2022–2024 36  Kontribusi sosial neto sisi penerimaan dan pengeluaran didapatkan dari OJK. Transfer sosial lain dalam bentuk barang merupakan penjumlahan dari manfaat asuransi sosial lainnya yang didapatkan dari OJK dan manfaat bantuan sosial tunai yang didapatkan dari data pemerintah dan LNPRT. Transfer berjalan lainnya sisi penerimaan didapatkan dari penjumlahan klaim asuransi non-jiwa, transfer berjalan rumah tangga residen dan non-residen, dan macam-macam transfer berjalan lainnya, dengan sumber data dari BI, OJK, SKTIR dan Susenas. Transfe",annotator,labeled
Q032,DOC07_NRT,Berapa proporsi Pengeluaran Konsumsi Akhir Rumah Tangga dalam struktur penggunaa,table_row_column,element_based,175,1,14,,104,104,"Item Items 2022 2023 2024 (1) (2) (3) (4) Pengeluaran konsumsi akhir Final consumption expenditure 90,98 92,77 92,38 7Tabungan bruto Savings, gross 9,02 7,23 7,62 100,00 100,00 100,00",annotator,labeled
Q032,DOC07_NRT,Berapa proporsi Pengeluaran Konsumsi Akhir Rumah Tangga dalam struktur penggunaa,table_row_column,element_based,37,0,6,,30,31,"2.1 Household Accounts in System of National Accounts  Neraca Distribusi Pendapatan Sekunder pendapatan bagaimana menggambarkan didistribusikan kembali (redistribution) di antara unit institusi, melalui pembayaran dan penerimaan transfer berjalan. Pendapatan disposabel merupakan item penyeimbang di dalam neraca ini. Pendapatan disposabel adalah jumlah maksimum kemampuan rumah tangga dalam membiayai konsumsi barang dan jasa selama periode neraca, tanpa mengurangi uang tunai, menjual aset finansial/ non-finansial atau meningkatkan kewajiban.  The Secondary Distribution of Income Account describes how income is redistributed among institutional units, through payments and receipts of current transfers. Disposable income is a balancing item in this account. Disposable Income is the maximum amo",annotator,labeled
Q032,DOC07_NRT,Berapa proporsi Pengeluaran Konsumsi Akhir Rumah Tangga dalam struktur penggunaa,table_row_column,element_based,56,0,6,,38,39,"Redistribution of Income in Kind Account  Neraca Redistribusi Pendapatan dalam Bentuk Barang fokus pada sumber konsumsi barang dan jasa yang diperoleh dan digunakan rumah tangga dari transfer sosial dalam bentuk barang. Nilai barang dan jasa yang  The Redistribution of Income in Kind Account focuses on the resources of consumption of goods and services that households obtain and use from social transfers in-kind. The value of goods and  Neraca Rumah Tangga Indonesia 2022–2024  Indonesia Household Accounts 2022–2024  masuk sebagai transfer sosial dalam bentuk barang dicatat dengan dua cara yang berbeda di dalam SNA, pada sisi penggunaan akan dicatat sebagai pengeluaran konsumsi akhir yang dibayar oleh unit pemerintah dan LNPRT dan dari sisi rumah tangga sebagai sumber dalam bentuk transfer ",annotator,labeled
Q032,DOC07_NRT,Berapa proporsi Pengeluaran Konsumsi Akhir Rumah Tangga dalam struktur penggunaa,table_row_column,element_based,119,0,6,,76,77,"3.5 Neraca Penggunaan Pendapatan Disposabel Rumah Tangga 2022–2024  Pendapatan disposabel atau pendapatan yang siap dibelanjakan oleh rumah tangga akan menjadi sumber pada Neraca Penggunaan Disposabel. Pendapatan Pendapatan disposabel tersebut akan digunakan untuk membiayai konsumsi akhir rumah tangga selama periode neraca. Tabungan pada neraca ini menjadi item penyeimbang.  Disposable income or income that is ready to be spent by households will be a resource on the Use of Disposable Income Account. The disposable income will be final household used finance to consumption during the account period. Savings on this account become a balancing item.  Pengeluaran konsumsi akhir rumah tangga pada tahun 2022 adalah sebesar 10.161,71 triliun rupiah. Pada tahun 2023 nilainya meningkat sebesar 9,3",annotator,labeled
Q032,DOC07_NRT,Berapa proporsi Pengeluaran Konsumsi Akhir Rumah Tangga dalam struktur penggunaa,table_row_column,element_based,120,0,6,,77,77,"2022 2023 2024 Item Items Penggunaan Uses Sumber Resources Penggunaan Uses Sumber Resources Penggunaan Uses Sumber Resources (1) (2) (3) (4) (5) (6) (7) Pendapatan disposabel bruto Disposable income, gross – 11.143,57 – 11.948,58 – 12.924,89 Pengeluaran konsumsi akhir Final consumption expenditure 10.161,71 – 11.109,57 – 11.964,95 – Penyesuaian atas perubahan pada hak pensiun Adjustment for the change in – 25,84 – 26,40 – 27,39 pension entitlements Tabungan bruto Savings, gross 1.007,70 – 865,42 – 987,33 – 11.169,41 Total 11.169,41 12.952,28 12.952,28 11.974,98 11.974,98",annotator,labeled
Q032,DOC07_NRT,Berapa proporsi Pengeluaran Konsumsi Akhir Rumah Tangga dalam struktur penggunaa,table_row_column,maxmin_semantic,189,1,14,,98,108,"**|**2023**<br>|**2023**<br>|**2023**<br>|**2024**|**2024**|**2024**| ||**_Items_**<br>|**_Items_**<br>|**_Items_**<br>|**_Items_**<br>|**_Items_**<br>|**_Items_**<br>|**_Items_**<br>|**_Items_**<br>|**_Items_**<br>|**_Items_**<br>|**_Items_**<br>| ||(1)<br>|||(2)<br>**b**|||(3)<br>|||(4)|| |<br>|Pendapatan disposabel bruto<br>||11.143,57<br>**w.**|11.143,57<br>**w.**|11.143,57<br>**w.**|11.948,58<br>|11.948,58<br>|11.948,58<br>|12.924,89|12.924,89|12.924,89| |<br>|_Disposable income_, gross<br>|_Disposable income_, gross<br>|_Disposable income_, gross<br>|_Disposable income_, gross<br>|_Disposable income_, gross<br>|_Disposable income_, gross<br>|_Disposable income_, gross<br>|_Disposable income_, gross<br>|_Disposable income_, gross<br>|_Disposable income_, gross<br>|_Disposable income_,",annotator,labeled
Q032,DOC07_NRT,Berapa proporsi Pengeluaran Konsumsi Akhir Rumah Tangga dalam struktur penggunaa,table_row_column,maxmin_semantic,29,0,6,,31,31,"Neraca Penggunaan Pendapatan Disposabel fokus pada pendapatan disposabel dan konsumsi barang dan jasa Neraca Rumah Tangga Indonesia 2022–2024 Indonesia Household Accounts 2022–2024 12  yang dapat dipenuhi dari pendapatan tersebut. Neraca ini hanya relevan untuk unit institusi yang punya pengeluaran konsumsi akhir, yakni institusi pemerintah umum, LNPRT, dan rumah tangga.",annotator,labeled
Q032,DOC07_NRT,Berapa proporsi Pengeluaran Konsumsi Akhir Rumah Tangga dalam struktur penggunaa,table_row_column,maxmin_semantic,53,0,6,,39,39,"Nilai barang dan jasa yang Neraca Rumah Tangga Indonesia 2022–2024 Indonesia Household Accounts 2022–2024 20  masuk sebagai transfer sosial dalam bentuk barang dicatat dengan dua cara yang berbeda di dalam SNA, pada sisi penggunaan akan dicatat sebagai pengeluaran konsumsi akhir yang dibayar oleh unit pemerintah dan LNPRT dan dari sisi rumah tangga sebagai sumber dalam bentuk transfer sosial yang diterima dari institusi pemerintah dan LNPRT. Tabel Neraca Redistribusi Pendapatan dalam Bentuk Barang 2.6 Table Redistribution of Income in Kind Account |Col1|Penggunaan|Col3|Col4|Sumber|Col6| |---|---|---|---|---|---| ||**_Uses_**<br>|**_Uses_**<br>|**_Uses_**<br>|**_Resourses_**<br>**id**|**_Resourses_**<br>**id**| ||||Pendapatan disposabel bruto<br>_Disposable income, gross_<br>**go.",annotator,labeled
Q032,DOC07_NRT,Berapa proporsi Pengeluaran Konsumsi Akhir Rumah Tangga dalam struktur penggunaa,table_row_column,maxmin_semantic,138,0,6,,76,76,"Tabungan pada neraca ini menjadi item penyeimbang. Pengeluaran konsumsi akhir rumah tangga pada tahun 2022 adalah sebesar 10.161,71 triliun rupiah. Pada tahun 2023 nilainya meningkat sebesar 9,33 persen atau sebesar 11.109,57 triliun rupiah. Pada tahun 2024, nilai pengeluaran konsumsi akhir rumah tangga terus meningkat sebesar 7,70 persen mencapai 11.964,95 triliun rupiah.",annotator,labeled
Q032,DOC07_NRT,Berapa proporsi Pengeluaran Konsumsi Akhir Rumah Tangga dalam struktur penggunaa,table_row_column,maxmin_semantic,139,0,6,,77,77,"Neraca Rumah Tangga Indonesia 2022–2024 Indonesia Household Accounts 2022–2024 58  Tabel 3.5 Table Household Use of Disposable Income Account (trillion rupiah), 2022–2024 |Item<br>Items|Col2|Col3|Col4|2022|Col6|Col7|Col8|Col9|Col10|2023|Col12|Col13|Col14|Col15|Col16|2024|Col18|Col19|Col20|Col21| |---|---|---|---|---|---|---|---|---|---|---|---|---|---|---|---|---|---|---|---|---| |**Item**<br>**_Items_**|**Item**<br>**_Items_**|**Item**<br>**_Items_**||**Penggunaan**|||**Sumber**|||**Penggunaan**|||**Sumber**|||**Penggunaan**|||**Sumber**|| |**Item**<br>**_Items_**|**Item**<br>**_Items_**|**Item**<br>**_Items_**||**_Uses_**|**_Uses_**|**_Uses_**|**_Resources_**|**_Resources_**|**_Resources_**|**_Uses_**|**_Uses_**|**_Uses_**|**_Resources_**|**_Resources_**|**_Resources_**|**_Uses_**|**_Use",annotator,labeled
Q032,DOC07_NRT,Berapa proporsi Pengeluaran Konsumsi Akhir Rumah Tangga dalam struktur penggunaa,table_row_column,recursive,236,1,14,,104,104,"Klaim asuransi non-jiwa Non-life insurance claims 0,08 0,08 0,08 |Col1|Transfer lainnya, yang belum diklasifikasikan|Col3|6,01|4,76|5,17| |---|---|---|---|---|---| |<br>|_Miscellaneous current transfers_|_Miscellaneous current transfers_|_Miscellaneous current transfers_|_Miscellaneous current transfers_|_Miscellaneous current transfers_| |**Total**|**Total**|**Total**|**100,00**|**100,00**|**100,00**|  Struktur Neraca Penggunaan Pendapatan Disposabel Rumah Tangga Menurut Penggunaan (persen), 2022–2024 Household Use of Disposable Income Account Structure by Uses (percent), 2022–2024 Lampiran Appendix 2.9 |Col1|Item|Col3|2022|Col5|Col6|2023|Col8|Col9|2024|Col11|Col12| |---|---|---|---|---|---|---|---|---|---|---|---| ||**_Items_**|**_Items_**|**_Items_**|**_Items_**|**_Items_**|**_Items_**|",annotator,labeled
Q032,DOC07_NRT,Berapa proporsi Pengeluaran Konsumsi Akhir Rumah Tangga dalam struktur penggunaa,table_row_column,recursive,237,1,14,,104,104,"||(1)|||(2)|||(3)|||(4)|| |<br>|Pengeluaran konsumsi akhir||90,98|90,98|90,98|92,77|92,77|92,77|92,38|92,38|92,38| |<br>|_Final consumption expenditure_|_Final consumption expenditure_|_Final consumption expenditure_|_Final consumption expenditure_|_Final consumption expenditure_|_Final consumption expenditure_|_Final consumption expenditure_|_Final consumption expenditure_|_Final consumption expenditure_|_Final consumption expenditure_|_Final consumption expenditure_| |<br>|7Tabungan bruto||9,02|9,02|9,02|7,23|7,23|7,23|7,62|7,62|7,62| |<br>|_Savings, gross_|_Savings, gross_|_Savings, gross_|_Savings, gross_|_Savings, gross_|_Savings, gross_|_Savings, gross_|_Savings, gross_|_Savings, gross_|_Savings, gross_|_Savings, gross_| |**Total**|**Total**|**Total**|**100,00**|**100,00**|**100,00**",annotator,labeled
Q032,DOC07_NRT,Berapa proporsi Pengeluaran Konsumsi Akhir Rumah Tangga dalam struktur penggunaa,table_row_column,recursive,26,0,6,,31,31,"Pendapatan disposabel adalah jumlah maksimum kemampuan rumah tangga dalam membiayai konsumsi barang dan jasa selama periode neraca, tanpa mengurangi uang tunai, menjual aset finansial/ non-finansial atau meningkatkan kewajiban. Neraca Penggunaan Pendapatan Disposabel fokus pada pendapatan disposabel dan konsumsi barang dan jasa Neraca Rumah Tangga Indonesia 2022–2024 Indonesia Household Accounts 2022–2024 12  yang dapat dipenuhi dari pendapatan tersebut. Neraca ini hanya relevan untuk unit institusi yang punya pengeluaran konsumsi akhir, yakni institusi pemerintah umum, LNPRT, dan rumah tangga. Item penyeimbang neraca ini adalah tabungan. Neraca Kapital adalah neraca yang terkait dengan perubahan nilai aset non-",annotator,labeled
Q032,DOC07_NRT,Berapa proporsi Pengeluaran Konsumsi Akhir Rumah Tangga dalam struktur penggunaa,table_row_column,recursive,47,0,6,,39,39,"Neraca Rumah Tangga Indonesia 2022–2024 Indonesia Household Accounts 2022–2024 20  masuk sebagai transfer sosial dalam bentuk barang dicatat dengan dua cara yang berbeda di dalam SNA, pada sisi penggunaan akan dicatat sebagai pengeluaran konsumsi akhir yang dibayar oleh unit pemerintah dan LNPRT dan dari sisi rumah tangga sebagai sumber dalam bentuk transfer sosial yang diterima dari institusi pemerintah dan LNPRT. Tabel Neraca Redistribusi Pendapatan dalam Bentuk Barang 2.6 Table Redistribution of Income in Kind Account |Col1|Penggunaan|Col3|Col4|Sumber|Col6| |---|---|---|---|---|---| ||**_Uses_**<br>|**_Uses_**<br>|**_Uses_**<br>|**_Resourses_**<br>**id**|**_Resourses_**<br>**id**| ||||Pendapatan disposabel bruto<br>_Disposable income, gross_<br>**go.**|Pendapatan disposabel bruto<br>_Di",annotator,labeled
Q032,DOC07_NRT,Berapa proporsi Pengeluaran Konsumsi Akhir Rumah Tangga dalam struktur penggunaa,table_row_column,recursive,68,0,6,,51,51,Tabungan adalah item penyeimbang di kedua neraca penggunaan pendapatan. Tabungan diperoleh dari pendapatan disposabel kurang pengeluaran konsumsi akhir. Tabungan mewakili bagian pendapatan disposabel (disesuaikan dengan perubahan atas perubahan pada hak pensiun) yakni pendapatan yang tidak dihabiskan untuk konsumsi barang dan jasa. Transfer Modal Transfer modal mencakup nilai barang modal yang diterima ataupun yang diberikan dari atau ke pihak lain secara cuma-cuma. Biasanya transfer modal bernilai besar dan bersifat tidak rutin. Neraca Rumah Tangga Indonesia 2022–2024 Indonesia Household Accounts 2022–2024 32  Investasi Non-finansial Investasi non-finansial merupakan aktivitas rumah tangga yang terkait dengan pembentukan modal tetap bruto serta perubahan stok yang terjadi di usaha rumah t,annotator,labeled
Q034,DOC07_NRT,Ke dalam kelompok aktivitas ekonomi apa saja kegiatan rumah tangga diklasifikasi,paragraph,element_based,64,1,13,,42,44,"2.4 Concepts and Definitions  Aktivitas ekonomi rumah tangga dilakukan pada saat rumah tangga bertransaksi  Household economic activities happen when the household transact with other  Neraca Rumah Tangga Indonesia 2022–2024  Indonesia Household Accounts 2022–2024  dengan unit institusi lain. Unit institusi lain yang dimaksud adalah unit korporasi, pemerintah, LNPRT, maupun unit rumah tangga lain. Aktivitas ekonomi rumah tangga yang dimaksud mencakup aktivitas produksi, aktivitas konsumsi, dan aktivitas investasi.  institutional units. Other institutional units that transact with household are corporation units, general government, NPISHs, and other household units. Household economic activities encompass production, consumption, and investment activities.  Berbagai jenis transaksi yang di",annotator,labeled
Q034,DOC07_NRT,Ke dalam kelompok aktivitas ekonomi apa saja kegiatan rumah tangga diklasifikasi,paragraph,element_based,7,0,5,,7,8,"KATA PENGANTAR  Publikasi Neraca Rumah Tangga Indonesia Tahun 2022–2024 merupakan kelanjutan publikasi yang diterbitkan oleh Badan Pusat Statistik (BPS) setiap tahun. Beberapa perbaikan terkait konsep definisi dilakukan agar lebih harmonis dengan panduan internasional, sementara perbaikan metode estimasi dimungkinkan dengan adanya perkembangan ketersediaan data pendukung yang semakin baik.  Sebagai salah satu pelaku penting dalam perekonomian nasional, rumah tangga tidak hanya berperan sebagai objek pembangunan, tetapi juga sebagai subjek yang aktif. Rumah tangga berkontribusi dalam menghasilkan barang dan jasa melalui kegiatan produksi, sekaligus menyediakan faktor produksi berupa tenaga kerja dan modal usaha. Dengan peran tersebut, rumah tangga berhak memperoleh kesejahteraan yang tercer",annotator,labeled
Q034,DOC07_NRT,Ke dalam kelompok aktivitas ekonomi apa saja kegiatan rumah tangga diklasifikasi,paragraph,element_based,28,0,5,,21,21,"1.1 Background  Hakekat pembangunan nasional adalah pembangunan manusia Indonesia seutuhnya yang meliputi seluruh lapisan masyarakat. Agar tujuan ini tercapai, maka program-program pembangunan yang dirancang oleh pemerintah, seyogyanya diarahkan untuk meningkatkan taraf hidup dan kesejahteraan masyarakat. Keberhasilan pelaksanaan program pembangunan ditandai oleh terpenuhinya kebutuhan hidup masyarakat Indonesia, baik kebutuhan fisik seperti pangan, sandang, dan papan, maupun kebutuhan nonfisik seperti pendidikan dan kesehatan. Untuk itu, secara berkala perkembangan tingkat kesejahteraan masyarakat perlu dicermati, salah satunya melalui perkembangan beberapa karakteristik ekonomi rumah tangga.  The importance of national development  lies in the concept of development in human which covers",annotator,labeled
Q034,DOC07_NRT,Ke dalam kelompok aktivitas ekonomi apa saja kegiatan rumah tangga diklasifikasi,paragraph,element_based,29,0,5,,22,22,"1.1 Background  4  tangga, maka akan memengaruhi besarnya permintaan (demand) atas barang dan jasa.  will have the impact in the demand on goods and services.  Perubahan pada permintaan tersebut selanjutnya akan memengaruhi penyediaan (supply) barang dan jasa melalui aktivitas produksi dan investasi yang dilakukan oleh unit institusi lain. Berdasarkan hal tersebut, aktivitas pengeluaran konsumsi oleh rumah tangga (PKRT) akan memengaruhi aktivitas ekonomi suatu negara.  Then changes in the demand will influence the supply of goods and services through the production and investment activities undertaken by other institutional units. In consequence, the household consumption expenditure activities influence economic activities of a country.  Sebagai pengelola usaha rumah tangga maupun sebagai",annotator,labeled
Q034,DOC07_NRT,Ke dalam kelompok aktivitas ekonomi apa saja kegiatan rumah tangga diklasifikasi,paragraph,element_based,34,0,5,,27,28,"2.1 Household Accounts in System of National Accounts  System of National Accounts  (SNA)  merupakan standar internasional yang direkomendasikan untuk mengukur aktivitas ekonomi berdasarkan prinsip-prinsip ekonomi yang berlaku secara konvensional. Sistem ini menyediakan catatan yang rinci dan komprehensif mengenai berbagai aktivitas ekonomi yang berlangsung dalam suatu perekonomian, serta menggambarkan interaksi antara pelaku ekonomi atau kelompok pelaku  System of National Accounts (SNA) is an international standard recommendation about how to measure economic activity complied with conventional measurement, based on the principles of economics. This system provides detailed and complete record of all activities taken place in the economy. Furthermore, the SNA covers the interaction among",annotator,labeled
Q034,DOC07_NRT,Ke dalam kelompok aktivitas ekonomi apa saja kegiatan rumah tangga diklasifikasi,paragraph,maxmin_semantic,66,1,11,,43,43,"2.4 Konsep dan Definisi Aktivitas ekonomi rumah tangga dilakukan pada saat rumah tangga bertransaksi Neraca Rumah Tangga Indonesia 2022–2024 Indonesia Household Accounts 2022–2024 24  dengan unit institusi lain. Unit institusi lain yang dimaksud adalah unit korporasi, pemerintah, LNPRT, maupun unit rumah tangga lain. Aktivitas ekonomi rumah tangga yang dimaksud mencakup aktivitas produksi, aktivitas konsumsi, dan aktivitas investasi. Berbagai jenis transaksi yang dilakukan rumah tangga dapat dikelompokkan ke dalam salah satu dari tiga kelompok aktivitas ekonomi.",annotator,labeled
Q034,DOC07_NRT,Ke dalam kelompok aktivitas ekonomi apa saja kegiatan rumah tangga diklasifikasi,paragraph,maxmin_semantic,67,0,6,,43,43,"Apabila transaksi yang terjadi terkait dengan aktivitas produksi, maka transaksi itu akan dicatat sebagai salah satu komponen di dalam Neraca Produksi Rumah Tangga. Demikian pula transaksi yang terkait dengan pendapatan kepemilikan, transfer, konsumsi, dan akumulasi modal, masing-masing akan dicatat pada neraca yang bersesuaian.",annotator,labeled
Q034,DOC07_NRT,Ke dalam kelompok aktivitas ekonomi apa saja kegiatan rumah tangga diklasifikasi,paragraph,maxmin_semantic,4,0,5,,7,7,"Publikasi ini menyajikan gambaran menyeluruh mengenai aktivitas ekonomi rumah tangga selama periode 2022–2024, khususnya terkait produksi, konsumsi, investasi, dan pendapatan. Diharapkan, informasi yang tersedia dapat memberikan pemahaman lebih baik mengenai perilaku rumah tangga dalam perekonomian Indonesia, sehingga dapat menjadi landasan dalam perumusan kebijakan berbasis data maupun evaluasi pembangunan.",annotator,labeled
Q034,DOC07_NRT,Ke dalam kelompok aktivitas ekonomi apa saja kegiatan rumah tangga diklasifikasi,paragraph,maxmin_semantic,14,0,5,,23,23,"Interaksi antara aktivitas ekonomi rumah tangga dengan aktivitas ekonomi nasional berlangsung secara timbal balik. Aktivitas ekonomi nasional memengaruhi tingkat pemenuhan kebutuhan hidup masyarakat, dan sebaliknya bahwa aktivitas Neraca Rumah Tangga Indonesia 2022–2024 Indonesia Household Accounts 2022–2024 4  ekonomi rumah tangga sangat memengaruhi kinerja ekonomi nasional. Menimbang besarnya peranan rumah tangga dalam perekonomian, para perencana, penyusun kebijakan, dan pengambil keputusan perlu terus mencermati tingkat dan perubahan karakteristik ekonomi rumah tangga.",annotator,labeled
Q034,DOC07_NRT,Ke dalam kelompok aktivitas ekonomi apa saja kegiatan rumah tangga diklasifikasi,paragraph,maxmin_semantic,19,0,5,,27,27,"Selain itu, metode penghitungan neraca dalam publikasi ini terpisah dari penghitungan neraca Lembaga Nonprofit yang Melayani Rumah Tangga (LNPRT). 2.1 Neraca Rumah Tangga di dalam Sistem Neraca Nasional System of National Accounts (SNA) merupakan standar internasional yang direkomendasikan untuk mengukur aktivitas ekonomi berdasarkan prinsip-prinsip ekonomi yang berlaku secara konvensional.",annotator,labeled
Q034,DOC07_NRT,Ke dalam kelompok aktivitas ekonomi apa saja kegiatan rumah tangga diklasifikasi,paragraph,recursive,56,1,11,,43,43,"LNPRT, maupun unit rumah tangga lain. Aktivitas ekonomi rumah tangga yang dimaksud mencakup aktivitas produksi, aktivitas konsumsi, dan aktivitas investasi. Berbagai jenis transaksi yang dilakukan rumah tangga dapat dikelompokkan ke dalam salah satu dari tiga kelompok aktivitas ekonomi. Apabila transaksi yang terjadi terkait dengan aktivitas produksi, maka transaksi itu akan dicatat sebagai salah satu komponen di dalam Neraca Produksi Rumah Tangga. Demikian pula transaksi yang terkait dengan pendapatan kepemilikan, transfer, konsumsi, dan akumulasi modal, masing-masing akan dicatat pada neraca yang bersesuaian. Setiap jenis aktivitas ekonomi dan komponen di masing-masing neraca mempunyai batasan. Konsep dan definisi yang diuraikan di bawah ini bertujuan mempermudah pemahaman mengenai jenis",annotator,labeled
Q034,DOC07_NRT,Ke dalam kelompok aktivitas ekonomi apa saja kegiatan rumah tangga diklasifikasi,paragraph,recursive,55,1,9,,43,43,"Prinsip double entry, karena nilai meja tulis tersebut dicatat baik sebagai komponen produksi pada sisi sumber maupun konsumsi pada sisi penggunaan. Prinsip imputasi, karena nilai meja tulis itu diperkirakan berdasarkan harga pasar atau biaya pembuatan. 2.4 Konsep dan Definisi Aktivitas ekonomi rumah tangga dilakukan pada saat rumah tangga bertransaksi Neraca Rumah Tangga Indonesia 2022–2024 Indonesia Household Accounts 2022–2024 24  dengan unit institusi lain. Unit institusi lain yang dimaksud adalah unit korporasi, pemerintah, LNPRT, maupun unit rumah tangga lain. Aktivitas ekonomi rumah tangga yang dimaksud mencakup aktivitas produksi, aktivitas konsumsi, dan aktivitas investasi.",annotator,labeled
Q034,DOC07_NRT,Ke dalam kelompok aktivitas ekonomi apa saja kegiatan rumah tangga diklasifikasi,paragraph,recursive,3,1,5,,7,7,"Sebagai salah satu pelaku penting dalam perekonomian nasional, rumah tangga tidak hanya berperan sebagai objek pembangunan, tetapi juga sebagai subjek yang aktif. Rumah tangga berkontribusi dalam menghasilkan barang dan jasa melalui kegiatan produksi, sekaligus menyediakan faktor produksi berupa tenaga kerja dan modal usaha. Dengan peran tersebut, rumah tangga berhak memperoleh kesejahteraan yang tercermin dalam indikator makro seperti pendapatan yang dapat dibelanjakan (disposable income) serta tabungan (saving). Publikasi ini menyajikan gambaran menyeluruh mengenai aktivitas ekonomi rumah tangga selama periode 2022–2024, khususnya terkait produksi, konsumsi, investasi, dan pendapatan. Diharapkan, informasi yang tersedia dapat memberikan pemahaman lebih baik mengenai perilaku rumah tangga",annotator,labeled
Q034,DOC07_NRT,Ke dalam kelompok aktivitas ekonomi apa saja kegiatan rumah tangga diklasifikasi,paragraph,recursive,15,1,5,,22,22,"Di Indonesia, aktivitas ekonomi yang dilakukan rumah tangga sangat berpengaruh pada kinerja ekonomi nasional. Hal tersebut tercermin dari peranan rumah tangga dalam perekonomian Indonesia, yaitu sebagai: a. konsumen dari barang dan jasa b. produsen dari barang dan jasa c. penyedia faktor produksi tenaga kerja d. penyedia faktor produksi nontenaga kerja e. penyedia dana untuk pembiayaan investasi nasional Unit institusi rumah tangga merupakan konsumen terbesar dalam perekonomian. Jika terjadi perubahan pada pola konsumsi rumah  tangga, maka akan memengaruhi besarnya permintaan (demand) atas barang dan jasa. Perubahan pada permintaan tersebut selanjutnya akan memengaruhi penyediaan (supply) barang dan jasa melalui aktivitas produksi dan investasi yang dilakukan oleh unit institusi lain. Berd",annotator,labeled
Q034,DOC07_NRT,Ke dalam kelompok aktivitas ekonomi apa saja kegiatan rumah tangga diklasifikasi,paragraph,recursive,16,1,5,,22,22,"Berdasarkan hal tersebut, aktivitas pengeluaran konsumsi oleh rumah tangga (PKRT) akan memengaruhi aktivitas ekonomi suatu negara. Sebagai pengelola usaha rumah tangga maupun sebagai penyedia faktor produksi tenaga kerja dan nontenaga kerja, rumah tangga akan memperoleh balas jasa atas penyediaan faktor produksi itu. Seluruh pendapatan yang diperoleh dari balas jasa dan pendapatan lainnya disebut sebagai penerimaan rumah tangga. Sehingga keseluruhan pendapatan rumah tangga ini akan menentukan taraf hidup dan kesejahteraan masyarakat. Dalam hal penyediaan dana untuk investasi, institusi rumah tangga merupakan institusi yang surplus (tabungan positif). Lembaga keuangan akan menyalurkan dana dari institusi yang surplus ini pada institusi lain yang defisit (tabungan negatif), sehingga aktivita",annotator,labeled
Q036,DOC08_PEND,Berapa estimasi Angka Partisipasi Sekolah (APS) untuk kelompok usia 13–15 tahun ,table_row_column,element_based,255,1,8,,187,188,"Tabel 5.10 Tingkat Penyelesaian Pendidikan Menurut Provinsi dan Jenjang Pendidikan, 2025  Umur 19–21 Tahun  Lulus SMA/SMK  Aceh  Sumatera Utara  Sumatera Barat  Riau  Jambi  Sumatera Selatan  Bengkulu  Lampung  Kep. Bangka Belitung  Kepulauan Riau  DKI Jakarta  Jawa Barat  Jawa Tengah  DI Yogyakarta  Jawa Timur  Banten  Bali  Nusa Tenggara Barat  Nusa Tenggara Timur  Kalimantan Barat  Kalimantan Tengah  Kalimantan Selatan  Kalimantan Timur  Kalimantan Utara  Sulawesi Utara  Sulawesi Tengah  Sulawesi Selatan  Sulawesi Tenggara  Gorontalo  Sulawesi Barat  Maluku  Maluku Utara  Papua Barat  Papua Barat Daya  90,03  80,22  71,53  Papua  81,01  69,79  46,28  Papua Selatan  79,63  55,49  34,37  Papua Tengah  72,10  56,39  28,30  Papua Pegunungan  97,65  91,45  73,90  Indonesia  155  PROSES DAN C",annotator,labeled
Q036,DOC08_PEND,Berapa estimasi Angka Partisipasi Sekolah (APS) untuk kelompok usia 13–15 tahun ,table_row_column,element_based,171,1,6,,126,126,"Tabel 3.35 Sampling Error Angka Partisipasi Sekolah (APS) 13–15 Tahun Menurut Provinsi dan Klasifikasi Desa, 2025  94  STATISTIK PENDIDIKAN 2025  Papua Tengah  923  83 NA  100,00 NA  203  5897 6949  53,85 6541  6410 1356  44  67,86 71,08  6357 87,10  7216  Papua Pegunungan  NA  140  299  7505  Indonesia",Haikal Thoriq Athaya,labeled
Q036,DOC08_PEND,Berapa estimasi Angka Partisipasi Sekolah (APS) untuk kelompok usia 13–15 tahun ,table_row_column,element_based,6,0,5,,12,13,"KATA PENGANTAR  peserta didik yang bekerja lebih banyak pada kelompok laki-laki dan persentase peserta didik yang mengurus rumah tangga lebih banyak pada kelompok perempuan.  Pemantauan proses pendidikan dapat dilihat melalui indikator yang digunakan untuk mengukur proses pendidikan, salah satunya yaitu angka putus sekolah. Data Susenas 2025 menunjukkan bahwa semakin tinggi jenjang pendidikan, angka putus sekolah juga semakin meningkat. Angka putus sekolah tertinggi berada pada jenjang SMA/SMK sederajat yaitu sebesar 0,86 persen.  Indikator yang digunakan untuk mengukur capaian pendidikan antara lain tingkat penyelesaian pendidikan, pendidikan tertinggi yang ditamatkan, angka melek huruf, dan rata-rata lama sekolah. Data Susenas tahun 2025 menunjukkan pola semakin tinggi jenjang pendidikan",Haikal Thoriq Athaya,labeled
Q036,DOC08_PEND,Berapa estimasi Angka Partisipasi Sekolah (APS) untuk kelompok usia 13–15 tahun ,table_row_column,element_based,130,1,5,,106,106,"Provinsi 7–12 Tahun 13–15 Tahun 16–18 Tahun (1) (2) (3) (4) (5) 99,38 97,65 80,94 34,95 99,54 97,67 77,51 30,48 99,63 97,00 85,04 38,84 99,74 95,47 77,42 33,03 99,45 95,59 74,39 25,23 99,50 95,68 73,78 21,24 99,29 97,01 80,48 34,18 99,62 95,72 75,35 20,68 99,49 92,90 76,03 21,13 99,71 98,60 88,24 26,61 99,32 98,74 88,22 34,21 99,50 96,58 75,80 27,98 https://www.bps.go.id 99,54 97,05 77,97 27,44 99,61 99,60 93,03 54,72 99,28 97,15 80,96 28,90 99,52 97,11 73,84 24,45 99,57 98,88 90,68 34,32 99,38 96,92 79,21 28,88 98,89 95,44 76,65 31,41 98,95 94,36 70,95 26,84 99,45 95,74 70,76 24,91 99,14 93,82 75,16 30,91 99,64 97,34 84,15 33,15 99,14 95,96 81,93 29,25 99,28 96,11 71,45 25,57 98,56 94,58 75,36 26,50 99,21 94,22 75,94 33,80 99,05 96,53 79,58 33,67 98,85 92,35 72,00 35,02 98,56 92,30 73,22 ",Haikal Thoriq Athaya,labeled
Q036,DOC08_PEND,Berapa estimasi Angka Partisipasi Sekolah (APS) untuk kelompok usia 13–15 tahun ,table_row_column,element_based,226,0,5,,165,165,"5.1 Angka Putus Sekolah  pendidikan, angka putus sekolah penduduk laki-laki lebih tinggi daripada penduduk perempuan.  5.2 Tingkat Penyelesaian Pendidikan  Tingkat penyelesaian pendidikan merupakan indikator yang mengukur persentase penduduk yang berhasil menyelesaikan jenjang pendidikan yang sesuai dengan rentang umurnya. Tingkat penyelesaian yang mencapai atau mendekati 100 persen menunjukkan bahwa hampir seluruh anak-anak dan remaja telah menyelesaikan jenjang pendidikan yang seharusnya atau sesuai umur mereka, tanpa keterlambatan yang signifikan atau berarti (Badan Perencanaan Pembangunan Nasional, 2024a).  https://www.bps.go.id  Terdapat tiga indikator capaian tingkat penyelesaian pendidikan di Indonesia, yaitu tingkat penyelesaian SD sederajat, tingkat penyelesaian SMP sederajat, dan",Haikal Thoriq Athaya,labeled
Q036,DOC08_PEND,Berapa estimasi Angka Partisipasi Sekolah (APS) untuk kelompok usia 13–15 tahun ,table_row_column,maxmin_semantic,115,1,8,,91,117,"STATISTIK PENDIDIKAN 2025 58  Catatan: Usia yang digunakan dalam perhitungan indikator ini adalah usia sekolah (school age) Sumber: Badan Pusat Statistik, Survei Sosial Ekonomi Nasional (Susenas) Maret 2025 Gambar 3.15 Anak Tidak Sekolah (ATS) Menurut Kelompok Umur dan Karakteristik Demografi, 2025 PARTISIPASI PENDIDIKAN 59  Tabel 3.1 Indikator Pendidikan Anak Usia Dini Menurut Karakteristik Demografi, 2025 |Karakteristik|Col2|Col3|Indikator|Col5|Col6|Col7|Col8|Col9|Col10| |---|---|---|---|---|---|---|---|---|---| |**Karakteristik**|**Karakteristik**|**Karakteristik**|**APK PAUD**<br>**3–6 Tahun**|**APK PAUD**<br>**3–6 Tahun**|**Tingkat Partisipasi dalam**|<br>** n**|<br>**Angka Kesiapan**<br>**Sekolah**|<br>**Angka Kesiapan**<br>**Sekolah**|<br>**Angka Kesiapan**<br>**Sekolah**| |**Karakt",Haikal Thoriq Athaya,labeled
Q036,DOC08_PEND,Berapa estimasi Angka Partisipasi Sekolah (APS) untuk kelompok usia 13–15 tahun ,table_row_column,maxmin_semantic,177,1,8,,177,209,"Provinsi dengan nilai RLS tertinggi adalah Provinsi DKI Jakarta dengan capaian sebesar 11,55 tahun atau setara dengan kelas 11 SMA/SMK sederajat. Capaian ini menggambarkan tingkat STATISTIK PENDIDIKAN 2025 144  pendidikan penduduk di Jakarta sudah mendekati target wajib belajar 12 tahun. Di sisi lain, provinsi dengan nilai RLS terendah adalah Provinsi Papua Pegunungan dengan capaiannya sebesar 4,76 tahun atau setara dengan kelas 5 SD sederajat. Namun demikian, jika dilihat secara keseluruhan dari 38 provinsi yang ada di Indonesia, 20 provinsi di antaranya sudah memiliki capaian di atas capaian nasional. PROSES DAN CAPAIAN PENDIDIKAN 145  Tabel 5.1 Angka Putus Sekolah Menurut Karakteristik dan Jenjang Pendidikan, 2025 |Karakteristik|Col2|Col3|SD Sederajat|Col5|Col6|SMP Sederajat|Col8|SMA/SM",Haikal Thoriq Athaya,labeled
Q036,DOC08_PEND,Berapa estimasi Angka Partisipasi Sekolah (APS) untuk kelompok usia 13–15 tahun ,table_row_column,maxmin_semantic,15,0,5,,12,12,"Tingkat penyelesaian pendidikan untuk jenjang pendidikan SD sederajat sebesar 97,65 persen, jenjang SMP sederajat sebesar 91,45 persen, sedangkan untuk jenjang SMA/SMK sederajat hanya sebesar 73,90 persen. Tingkat pendidikan penduduk Indonesia didominasi oleh pendidikan menengah.",Haikal Thoriq Athaya,labeled
Q036,DOC08_PEND,Berapa estimasi Angka Partisipasi Sekolah (APS) untuk kelompok usia 13–15 tahun ,table_row_column,maxmin_semantic,140,0,5,,165,165,"Adapun referensi rentang umur untuk penghitungan tingkat penyelesaian SD sederajat adalah umur 13–15 tahun, tingkat penyelesaian SMP sederajat adalah umur 16–18 tahun, dan umur 19–21 tahun untuk tingkat penyelesaian SMA/SMK sederajat. Umur yang digunakan dalam penghitungan tingkat penyelesaian pendidikan adalah umur pada saat awal tahun pembelajaran (school age). Semakin tinggi jenjang pendidikan, tingkat penyelesaian pendidikan justru semakin rendah. Gambar 5.2 menunjukkan tingkat penyelesaian pendidikan untuk SD sederajat sebesar 97,65 persen. Angka ini menggambarkan bahwa dari 100 orang penduduk berumur 13–15 tahun, sebanyak 97 hingga 98 orang di antaranya telah menyelesaikan pendidikan SD sederajat.",Haikal Thoriq Athaya,labeled
Q036,DOC08_PEND,Berapa estimasi Angka Partisipasi Sekolah (APS) untuk kelompok usia 13–15 tahun ,table_row_column,maxmin_semantic,87,0,3,,54,77,"SARANA DAN PRASARANA PENDIDIKAN  Tabel 2.1 Jumlah dan Persentase Sekolah Dasar (SD) Menurut Provinsi dan Status Sekolah, Tahun Ajaran 2024/2025 |Provinsi|Col2|Col3|Negeri|Col5|Col6|Col7|Col8|Col9|Col10|Swasta|Col12|Col13|Col14|Col15|Col16|Col17|Col18|Negeri+Swasta|Col20|Col21|Col22|Col23|Col24| |---|---|---|---|---|---|---|---|---|---|---|---|---|---|---|---|---|---|---|---|---|---|---|---| |**Provinsi**|**Provinsi**|**Provinsi**||**Jumlah**|||**% **||||**Jumlah**|||**% **|||||**Jumlah**|||**% **|| ||(1)|||(2)|||(3)||||(4)|||(5)|||||(6)|||(7)|| (4) (5) (6) (7) Aceh 3.336 94,16 207 5,84 3.543 100,00 Sumatera Utara 8.116 83,27 1.631 16,73 9.747 100,00 Sumatera Barat 3.892 92,25 327 7,75 4.219 100,00 Riau 3.232 84,23 605 15,77 3.837 100,00 Jambi 2.302 93,05 172 6,95 2.474 100,00 Sumatera Sela",Haikal Thoriq Athaya,labeled
Q036,DOC08_PEND,Berapa estimasi Angka Partisipasi Sekolah (APS) untuk kelompok usia 13–15 tahun ,table_row_column,recursive,213,1,11,,126,126,"|Aceh<br>98,90<br>98,13<br>99,66<br>0,39<br>96,96<br>95,78<br>98,14<br>0,62<br>97,65<br>96,85<br>98,46<br>0,42<br>Sumatera Utara<br>98,19<br>97,43<br>98,94<br>0,39<br>97,05<br>96,05<br>98,05<br>0,52<br>97,67<br>97,06<br>98,29<br>0,32<br>Sumatera Barat<br>98,47<br>97,64<br>99,30<br>0,43<br>95,46<br>93,91<br>97,02<br>0,83<br>97,00<br>96,12<br>97,88<br>0,46<br>Riau<br>97,27<br>95,62<br>98,92<br>0,87<br>94,25<br>92,31<br>96,19<br>1,05<br>95,47<br>94,13<br>96,81<br>0,72<br>Jambi<br>98,43<br>96,91<br>99,95<br>0,79<br>94,26<br>92,04<br>96,48<br>1,20<br>95,59<br>93,99<br>97,18<br>0,85<br>Sumatera Selatan<br>97,32<br>95,83<br>98,82<br>0,78<br>94,66<br>92,95<br>96,38<br>0,92<br>95,68<br>94,47<br>96,89<br>0,64<br>Bengkulu<br>99,28<br>98,15<br>100,00<br>0,58<br>95,68<br>93,95<br>97,40<br>0,92<br>97,01",Haikal Thoriq Athaya,labeled
Q036,DOC08_PEND,Berapa estimasi Angka Partisipasi Sekolah (APS) untuk kelompok usia 13–15 tahun ,table_row_column,recursive,215,1,11,,126,126,"Utara<br>95,77<br>93,70<br>97,84<br>1,10<br>96,58<br>95,17<br>98,00<br>0,75<br>96,11<br>94,77<br>97,45<br>0,71<br>Sulawesi Tengah<br>96,01<br>93,17<br>98,84<br>1,51<br>93,83<br>91,93<br>95,73<br>1,03<br>94,58<br>92,99<br>96,16<br>0,85<br>Sulawesi Selatan<br>95,70<br>94,13<br>97,28<br>0,84<br>92,90<br>91,48<br>94,32<br>0,78<br>94,22<br>93,16<br>95,28<br>0,57<br>Sulawesi Tenggara<br>96,23<br>94,18<br>98,28<br>1,08<br>96,71<br>95,69<br>97,73<br>0,54<br>96,53<br>95,52<br>97,53<br>0,53<br>Gorontalo<br>96,62<br>93,63<br>99,61<br>1,58<br>89,02<br>84,42<br>93,63<br>2,64<br>92,35<br>89,40<br>95,30<br>1,63<br>Sulawesi Barat<br>91,42<br>86,55<br>96,29<br>2,72<br>92,54<br>89,92<br>95,16<br>1,44<br>92,30<br>89,99<br>94,61<br>1,28<br>Maluku<br>99,16<br>98,44<br>99,89<br>0,37<br>96,70<br>95,30<br>98,10<b",Haikal Thoriq Athaya,labeled
Q036,DOC08_PEND,Berapa estimasi Angka Partisipasi Sekolah (APS) untuk kelompok usia 13–15 tahun ,table_row_column,recursive,216,1,11,,126,126,"Tengah<br>97,23<br>93,37<br>100,00<br>2,03<br>58,97<br>53,85<br>64,10<br>4,44<br>67,86<br>63,57<br>72,16<br>3,23<br>**|Aceh<br>98,90<br>98,13<br>99,66<br>0,39<br>96,96<br>95,78<br>98,14<br>0,62<br>97,65<br>96,85<br>98,46<br>0,42<br>Sumatera Utara<br>98,19<br>97,43<br>98,94<br>0,39<br>97,05<br>96,05<br>98,05<br>0,52<br>97,67<br>97,06<br>98,29<br>0,32<br>Sumatera Barat<br>98,47<br>97,64<br>99,30<br>0,43<br>95,46<br>93,91<br>97,02<br>0,83<br>97,00<br>96,12<br>97,88<br>0,46<br>Riau<br>97,27<br>95,62<br>98,92<br>0,87<br>94,25<br>92,31<br>96,19<br>1,05<br>95,47<br>94,13<br>96,81<br>0,72<br>Jambi<br>98,43<br>96,91<br>99,95<br>0,79<br>94,26<br>92,04<br>96,48<br>1,20<br>95,59<br>93,99<br>97,18<br>0,85<br>Sumatera Selatan<br>97,32<br>95,83<br>98,82<br>0,78<br>94,66<br>92,95<br>96,38<br>0,92<br>95,68",Haikal Thoriq Athaya,labeled
Q036,DOC08_PEND,Berapa estimasi Angka Partisipasi Sekolah (APS) untuk kelompok usia 13–15 tahun ,table_row_column,recursive,218,1,11,,126,126,"Utara<br>95,77<br>93,70<br>97,84<br>1,10<br>96,58<br>95,17<br>98,00<br>0,75<br>96,11<br>94,77<br>97,45<br>0,71<br>Sulawesi Tengah<br>96,01<br>93,17<br>98,84<br>1,51<br>93,83<br>91,93<br>95,73<br>1,03<br>94,58<br>92,99<br>96,16<br>0,85<br>Sulawesi Selatan<br>95,70<br>94,13<br>97,28<br>0,84<br>92,90<br>91,48<br>94,32<br>0,78<br>94,22<br>93,16<br>95,28<br>0,57<br>Sulawesi Tenggara<br>96,23<br>94,18<br>98,28<br>1,08<br>96,71<br>95,69<br>97,73<br>0,54<br>96,53<br>95,52<br>97,53<br>0,53<br>Gorontalo<br>96,62<br>93,63<br>99,61<br>1,58<br>89,02<br>84,42<br>93,63<br>2,64<br>92,35<br>89,40<br>95,30<br>1,63<br>Sulawesi Barat<br>91,42<br>86,55<br>96,29<br>2,72<br>92,54<br>89,92<br>95,16<br>1,44<br>92,30<br>89,99<br>94,61<br>1,28<br>Maluku<br>99,16<br>98,44<br>99,89<br>0,37<br>96,70<br>95,30<br>98,10<b",Haikal Thoriq Athaya,labeled
Q036,DOC08_PEND,Berapa estimasi Angka Partisipasi Sekolah (APS) untuk kelompok usia 13–15 tahun ,table_row_column,recursive,219,1,11,,126,126,"Tengah<br>97,23<br>93,37<br>100,00<br>2,03<br>58,97<br>53,85<br>64,10<br>4,44<br>67,86<br>63,57<br>72,16<br>3,23<br>**|Aceh<br>98,90<br>98,13<br>99,66<br>0,39<br>96,96<br>95,78<br>98,14<br>0,62<br>97,65<br>96,85<br>98,46<br>0,42<br>Sumatera Utara<br>98,19<br>97,43<br>98,94<br>0,39<br>97,05<br>96,05<br>98,05<br>0,52<br>97,67<br>97,06<br>98,29<br>0,32<br>Sumatera Barat<br>98,47<br>97,64<br>99,30<br>0,43<br>95,46<br>93,91<br>97,02<br>0,83<br>97,00<br>96,12<br>97,88<br>0,46<br>Riau<br>97,27<br>95,62<br>98,92<br>0,87<br>94,25<br>92,31<br>96,19<br>1,05<br>95,47<br>94,13<br>96,81<br>0,72<br>Jambi<br>98,43<br>96,91<br>99,95<br>0,79<br>94,26<br>92,04<br>96,48<br>1,20<br>95,59<br>93,99<br>97,18<br>0,85<br>Sumatera Selatan<br>97,32<br>95,83<br>98,82<br>0,78<br>94,66<br>92,95<br>96,38<br>0,92<br>95,68",Haikal Thoriq Athaya,labeled
Q037,DOC08_PEND,Berapa estimasi Angka Partisipasi Sekolah (APS) untuk kelompok usia 16–18 tahun ,table_row_column,element_based,120,1,8,,101,101,"Provinsi Laki-laki Perempuan Perkotaan Perdesaan Total (1) (2) (3) (4) (5) (6) Aceh 77,32 78,08 83,67 74,62 77,73 Sumatera Utara 72,73 76,35 79,61 69,27 74,53 Sumatera Barat 85,39 84,52 87,08 83,10 84,97 Riau 67,41 70,39 75,01 64,93 68,85 Jambi 80,34 81,68 85,04 79,06 80,99 Sumatera Selatan 66,12 70,50 68,63 68,00 68,21 Bengkulu 78,45 79,64 86,46 75,56 79,06 Lampung 80,53 88,66 79,24 87,06 84,68 Kep. Bangka Belitung 82,70 84,03 81,00 85,97 83,35 Kepulauan Riau 70,21 74,34 72,00 73,59 72,10 DKI Jakarta 77,42 86,35 82,14 – 82,14 Jawa Barat 80,78 78,62 80,55 76,11 79,75 https://www.bps.go.id Jawa Tengah 91,71 92,27 93,18 90,58 91,98 DI Yogyakarta 94,51 98,27 97,07 94,65 96,48 Jawa Timur 91,01 90,04 91,64 89,20 90,54 Banten 70,98 69,35 70,24 70,16 70,22 Bali 90,56 82,39 88,35 82,14 86,52 Nusa ",Haikal Thoriq Athaya,labeled
Q037,DOC08_PEND,Berapa estimasi Angka Partisipasi Sekolah (APS) untuk kelompok usia 16–18 tahun ,table_row_column,element_based,173,1,6,,127,127,"Tabel 3.36 Sampling Error Angka Partisipasi Sekolah (APS) 16–18 Tahun Menurut Provinsi dan Klasifikasi Desa, 2025  95  PARTISIPASI PENDIDIKAN  8649 8901 NA  5446 3290 51,18  4658 215 4664  6087 3961 459  Papua Tengah  80,22 NA  981  504 37,33  #61 50,79  4962  573  Papua Pegunungan  NA  5563  486  Indonesia",Haikal Thoriq Athaya,labeled
Q037,DOC08_PEND,Berapa estimasi Angka Partisipasi Sekolah (APS) untuk kelompok usia 16–18 tahun ,table_row_column,element_based,130,1,5,,106,106,"Provinsi 7–12 Tahun 13–15 Tahun 16–18 Tahun (1) (2) (3) (4) (5) 99,38 97,65 80,94 34,95 99,54 97,67 77,51 30,48 99,63 97,00 85,04 38,84 99,74 95,47 77,42 33,03 99,45 95,59 74,39 25,23 99,50 95,68 73,78 21,24 99,29 97,01 80,48 34,18 99,62 95,72 75,35 20,68 99,49 92,90 76,03 21,13 99,71 98,60 88,24 26,61 99,32 98,74 88,22 34,21 99,50 96,58 75,80 27,98 https://www.bps.go.id 99,54 97,05 77,97 27,44 99,61 99,60 93,03 54,72 99,28 97,15 80,96 28,90 99,52 97,11 73,84 24,45 99,57 98,88 90,68 34,32 99,38 96,92 79,21 28,88 98,89 95,44 76,65 31,41 98,95 94,36 70,95 26,84 99,45 95,74 70,76 24,91 99,14 93,82 75,16 30,91 99,64 97,34 84,15 33,15 99,14 95,96 81,93 29,25 99,28 96,11 71,45 25,57 98,56 94,58 75,36 26,50 99,21 94,22 75,94 33,80 99,05 96,53 79,58 33,67 98,85 92,35 72,00 35,02 98,56 92,30 73,22 ",Haikal Thoriq Athaya,labeled
Q037,DOC08_PEND,Berapa estimasi Angka Partisipasi Sekolah (APS) untuk kelompok usia 16–18 tahun ,table_row_column,element_based,49,0,3,,54,54,"Negeri Swasta Negeri+Swasta Provinsi Jumlah % Jumlah % Jumlah % (1) (2) (3) (4) (5) (6) (7) 3.336 94,16 207 5,84 3.543 Aceh 8.116 83,27 1.631 16,73 9.747 Sumatera Utara 3.892 92,25 327 7,75 4.219 Sumatera Barat 3.232 84,23 605 15,77 3.837 Riau 2.302 93,05 172 6,95 2.474 Jambi 4.250 89,68 489 10,32 4.739 Sumatera Selatan 1.289 91,55 119 8,45 1.408 Bengkulu 4.295 90,57 447 9,43 4.742 Lampung 761 91,47 71 8,53 832 Kep. Bangka Belitung 683 69,13 305 30,87 988 Kepulauan Riau 1.305 58,70 918 41,30 2.223 DKI Jakarta https://www.bps.go.id 16.980 86,91 2.558 13,09 19.538 Jawa Barat 17.254 92,78 1.343 7,22 18.597 Jawa Tengah 1.418 77,02 423 22,98 1.841 DI Yogyakarta 16.864 88,87 2.111 11,13 18.975 Jawa Timur 3.853 82,82 799 17,18 4.652 Banten 2.251 93,52 156 6,48 2.407 Bali 3.008 89,74 344 10,26 3.3",Haikal Thoriq Athaya,labeled
Q037,DOC08_PEND,Berapa estimasi Angka Partisipasi Sekolah (APS) untuk kelompok usia 16–18 tahun ,table_row_column,element_based,51,0,3,,55,55,"Negeri Swasta Negeri+Swasta Provinsi Jumlah % Jumlah % Jumlah % (1) (2) (3) (4) (5) (6) (7) 68,22 Aceh 906 422 31,78 1.328 100,00 49,46 Sumatera Utara 1.340 1.369 50,54 2.709 100,00 78,15 Sumatera Barat 676 189 21,85 865 100,00 67,91 Riau 889 420 32,09 1.309 100,00 77,64 Jambi 559 161 22,36 720 100,00 61,86 Sumatera Selatan 905 558 38,14 1.463 100,00 82,61 Bengkulu 380 80 17,39 460 100,00 47,88 Lampung 710 773 52,12 1.483 100,00 68,91 Kep. Bangka Belitung 164 74 31,09 238 100,00 55,66 Kepulauan Riau 236 188 44,34 424 100,00 27,43 DKI Jakarta 293 775 72,57 1.068 100,00 https://www.bps.go.id 32,94 Jawa Barat 1.993 4.058 67,06 6.051 100,00 51,24 Jawa Tengah 1.771 1.685 48,76 3.456 100,00 47,24 DI Yogyakarta 214 239 52,76 453 100,00 34,41 Jawa Timur 1.737 3.311 65,59 5.048 100,00 35,51 Banten ",Haikal Thoriq Athaya,labeled
Q037,DOC08_PEND,Berapa estimasi Angka Partisipasi Sekolah (APS) untuk kelompok usia 16–18 tahun ,table_row_column,maxmin_semantic,115,1,8,,91,117,"STATISTIK PENDIDIKAN 2025 58  Catatan: Usia yang digunakan dalam perhitungan indikator ini adalah usia sekolah (school age) Sumber: Badan Pusat Statistik, Survei Sosial Ekonomi Nasional (Susenas) Maret 2025 Gambar 3.15 Anak Tidak Sekolah (ATS) Menurut Kelompok Umur dan Karakteristik Demografi, 2025 PARTISIPASI PENDIDIKAN 59  Tabel 3.1 Indikator Pendidikan Anak Usia Dini Menurut Karakteristik Demografi, 2025 |Karakteristik|Col2|Col3|Indikator|Col5|Col6|Col7|Col8|Col9|Col10| |---|---|---|---|---|---|---|---|---|---| |**Karakteristik**|**Karakteristik**|**Karakteristik**|**APK PAUD**<br>**3–6 Tahun**|**APK PAUD**<br>**3–6 Tahun**|**Tingkat Partisipasi dalam**|<br>** n**|<br>**Angka Kesiapan**<br>**Sekolah**|<br>**Angka Kesiapan**<br>**Sekolah**|<br>**Angka Kesiapan**<br>**Sekolah**| |**Karakt",Haikal Thoriq Athaya,labeled
Q037,DOC08_PEND,Berapa estimasi Angka Partisipasi Sekolah (APS) untuk kelompok usia 16–18 tahun ,table_row_column,maxmin_semantic,87,0,3,,54,77,"SARANA DAN PRASARANA PENDIDIKAN  Tabel 2.1 Jumlah dan Persentase Sekolah Dasar (SD) Menurut Provinsi dan Status Sekolah, Tahun Ajaran 2024/2025 |Provinsi|Col2|Col3|Negeri|Col5|Col6|Col7|Col8|Col9|Col10|Swasta|Col12|Col13|Col14|Col15|Col16|Col17|Col18|Negeri+Swasta|Col20|Col21|Col22|Col23|Col24| |---|---|---|---|---|---|---|---|---|---|---|---|---|---|---|---|---|---|---|---|---|---|---|---| |**Provinsi**|**Provinsi**|**Provinsi**||**Jumlah**|||**% **||||**Jumlah**|||**% **|||||**Jumlah**|||**% **|| ||(1)|||(2)|||(3)||||(4)|||(5)|||||(6)|||(7)|| (4) (5) (6) (7) Aceh 3.336 94,16 207 5,84 3.543 100,00 Sumatera Utara 8.116 83,27 1.631 16,73 9.747 100,00 Sumatera Barat 3.892 92,25 327 7,75 4.219 100,00 Riau 3.232 84,23 605 15,77 3.837 100,00 Jambi 2.302 93,05 172 6,95 2.474 100,00 Sumatera Sela",Haikal Thoriq Athaya,labeled
Q037,DOC08_PEND,Berapa estimasi Angka Partisipasi Sekolah (APS) untuk kelompok usia 16–18 tahun ,table_row_column,maxmin_semantic,130,0,3,,148,150,"Berdasarkan wilayah, perbedaan peserta didik yang bekerja dan mengurus rumah tangga pada wilayah perkotaan dan perdesaan tidak terlalu besar. Sumber: Badan Pusat Statistik, Survei Sosial Ekonomi Nasional (Susenas) Maret 2025 Gambar 4.7 Persentase Peserta Didik Umur 10–23 Tahun yang Bekerja dan Mengurus Rumah Tangga Menurut Jenis Kelamin dan Klasifikasi Desa, 2025 KEGIATAN PESERTA DIDIK 115  Tabel 4.1 Persentase Peserta Didik Umur 5–23 Tahun yang Mengakses Teknologi Informasi dan Komunikasi (TIK) Menurut Media Mengakses TIK dan Karakteristik Demografi, 2025 |Karakteristik|Col2|Col3|Media Mengakses TIK|Col5|Col6|Col7|Col8|Col9|Col10|Col11|Col12| |---|---|---|---|---|---|---|---|---|---|---|---| |**Karakteristik**|**Karakteristik**|**Karakteristik**||**Menggunakan**|||**Menggunakan**|||**Meng",Haikal Thoriq Athaya,labeled
Q037,DOC08_PEND,Berapa estimasi Angka Partisipasi Sekolah (APS) untuk kelompok usia 16–18 tahun ,table_row_column,maxmin_semantic,131,0,3,,151,154,"Bangka Belitung 92,49 91,88 93,06 90,84 92,18 Kepulauan Riau 89,50 89,45 89,60 87,86 89,47 DKI Jakarta 90,93 91,43 91,18 – 91,18 Jawa Barat 86,42 88,02 87,40 86,34 87,21 Jawa Tengah 89,18 89,61 90,37 88,18 89,39 DI Yogyakarta 92,14 93,61 92,95 92,62 92,88 Jawa Timur 87,62 87,18 88,55 85,73 87,40 Banten 84,50 84,16 85,12 80,92 84,33 Bali 92,51 91,52 93,20 88,60 92,03 Nusa Tenggara Barat 90,46 91,91 92,66 89,53 91,20 Nusa Tenggara Timur 77,07 78,01 84,77 74,58 77,54 Kalimantan Barat 78,06 80,62 86,20 74,83 79,35 Kalimantan Tengah 81,47 82,22 85,26 78,91 81,84 Kalimantan Selatan 89,40 90,10 89,45 90,06 89,75 Kalimantan Timur 86,43 87,93 89,33 82,09 87,18 Kalimantan Utara 78,89 79,29 80,14 77,28 79,09 Sulawesi Utara 80,39 82,89 83,08 79,61 81,62 Sulawesi Tengah 78,32 79,81 79,80 78,67 79,07 Su",Haikal Thoriq Athaya,labeled
Q037,DOC08_PEND,Berapa estimasi Angka Partisipasi Sekolah (APS) untuk kelompok usia 16–18 tahun ,table_row_column,maxmin_semantic,177,0,3,,177,209,"Provinsi dengan nilai RLS tertinggi adalah Provinsi DKI Jakarta dengan capaian sebesar 11,55 tahun atau setara dengan kelas 11 SMA/SMK sederajat. Capaian ini menggambarkan tingkat STATISTIK PENDIDIKAN 2025 144  pendidikan penduduk di Jakarta sudah mendekati target wajib belajar 12 tahun. Di sisi lain, provinsi dengan nilai RLS terendah adalah Provinsi Papua Pegunungan dengan capaiannya sebesar 4,76 tahun atau setara dengan kelas 5 SD sederajat. Namun demikian, jika dilihat secara keseluruhan dari 38 provinsi yang ada di Indonesia, 20 provinsi di antaranya sudah memiliki capaian di atas capaian nasional. PROSES DAN CAPAIAN PENDIDIKAN 145  Tabel 5.1 Angka Putus Sekolah Menurut Karakteristik dan Jenjang Pendidikan, 2025 |Karakteristik|Col2|Col3|SD Sederajat|Col5|Col6|SMP Sederajat|Col8|SMA/SM",Haikal Thoriq Athaya,labeled
Q037,DOC08_PEND,Berapa estimasi Angka Partisipasi Sekolah (APS) untuk kelompok usia 16–18 tahun ,table_row_column,recursive,223,1,11,,127,127,"|Aceh<br>85,60<br>82,56<br>88,65<br>1,81<br>78,22<br>75,44<br>81,00<br>1,82<br>80,94<br>78,84<br>83,03<br>1,32<br>Sumatera Utara<br>76,63<br>73,46<br>79,79<br>2,11<br>78,75<br>76,38<br>81,12<br>1,54<br>77,51<br>75,42<br>79,61<br>1,38<br>Sumatera Barat<br>88,59<br>85,85<br>91,32<br>1,58<br>80,64<br>77,70<br>83,58<br>1,86<br>85,04<br>83,01<br>87,06<br>1,22<br>Riau<br>82,13<br>77,98<br>86,29<br>2,58<br>74,22<br>70,74<br>77,69<br>2,39<br>77,42<br>74,75<br>80,09<br>1,76<br>Jambi<br>81,57<br>76,61<br>86,52<br>3,10<br>70,35<br>66,26<br>74,44<br>2,96<br>74,39<br>71,20<br>77,58<br>2,19<br>Sumatera Selatan<br>77,02<br>72,63<br>81,41<br>2,91<br>71,59<br>68,40<br>74,78<br>2,27<br>73,78<br>71,18<br>76,39<br>1,80<br>Bengkulu<br>90,38<br>86,34<br>94,42<br>2,28<br>75,11<br>70,94<br>79,29<br>2,84<br>80,48<",Haikal Thoriq Athaya,labeled
Q037,DOC08_PEND,Berapa estimasi Angka Partisipasi Sekolah (APS) untuk kelompok usia 16–18 tahun ,table_row_column,recursive,226,1,11,,127,127,"Tengah<br>89,01<br>80,22<br>97,81<br>5,04<br>32,90<br>27,75<br>38,06<br>8,00<br>44,61<br>39,61<br>49,62<br>5,73<br>**|Aceh<br>85,60<br>82,56<br>88,65<br>1,81<br>78,22<br>75,44<br>81,00<br>1,82<br>80,94<br>78,84<br>83,03<br>1,32<br>Sumatera Utara<br>76,63<br>73,46<br>79,79<br>2,11<br>78,75<br>76,38<br>81,12<br>1,54<br>77,51<br>75,42<br>79,61<br>1,38<br>Sumatera Barat<br>88,59<br>85,85<br>91,32<br>1,58<br>80,64<br>77,70<br>83,58<br>1,86<br>85,04<br>83,01<br>87,06<br>1,22<br>Riau<br>82,13<br>77,98<br>86,29<br>2,58<br>74,22<br>70,74<br>77,69<br>2,39<br>77,42<br>74,75<br>80,09<br>1,76<br>Jambi<br>81,57<br>76,61<br>86,52<br>3,10<br>70,35<br>66,26<br>74,44<br>2,96<br>74,39<br>71,20<br>77,58<br>2,19<br>Sumatera Selatan<br>77,02<br>72,63<br>81,41<br>2,91<br>71,59<br>68,40<br>74,78<br>2,27<br>73,78<",Haikal Thoriq Athaya,labeled
Q037,DOC08_PEND,Berapa estimasi Angka Partisipasi Sekolah (APS) untuk kelompok usia 16–18 tahun ,table_row_column,recursive,229,1,11,,127,127,"Tengah<br>89,01<br>80,22<br>97,81<br>5,04<br>32,90<br>27,75<br>38,06<br>8,00<br>44,61<br>39,61<br>49,62<br>5,73<br>**|Aceh<br>85,60<br>82,56<br>88,65<br>1,81<br>78,22<br>75,44<br>81,00<br>1,82<br>80,94<br>78,84<br>83,03<br>1,32<br>Sumatera Utara<br>76,63<br>73,46<br>79,79<br>2,11<br>78,75<br>76,38<br>81,12<br>1,54<br>77,51<br>75,42<br>79,61<br>1,38<br>Sumatera Barat<br>88,59<br>85,85<br>91,32<br>1,58<br>80,64<br>77,70<br>83,58<br>1,86<br>85,04<br>83,01<br>87,06<br>1,22<br>Riau<br>82,13<br>77,98<br>86,29<br>2,58<br>74,22<br>70,74<br>77,69<br>2,39<br>77,42<br>74,75<br>80,09<br>1,76<br>Jambi<br>81,57<br>76,61<br>86,52<br>3,10<br>70,35<br>66,26<br>74,44<br>2,96<br>74,39<br>71,20<br>77,58<br>2,19<br>Sumatera Selatan<br>77,02<br>72,63<br>81,41<br>2,91<br>71,59<br>68,40<br>74,78<br>2,27<br>73,78<",Haikal Thoriq Athaya,labeled
Q037,DOC08_PEND,Berapa estimasi Angka Partisipasi Sekolah (APS) untuk kelompok usia 16–18 tahun ,table_row_column,recursive,88,1,8,,101,101,"Klasifikasi Desa, 2025 |Col1|Provinsi|Col3|Col4|Laki-laki|Col6|Col7|Perempuan|Col9|Col10|Perkotaan|Col12|Col13|Perdesaan|Col15|Col16|Total|Col18| |---|---|---|---|---|---|---|---|---|---|---|---|---|---|---|---|---|---| ||(1)|||(2)|||(3)|||(4)|||(5)|||(6)|| (1) (2) (3) (4) (5) (6) Aceh 77,32 78,08 83,67 74,62 77,73 Sumatera Utara 72,73 76,35 79,61 69,27 74,53 Sumatera Barat 85,39 84,52 87,08 83,10 84,97 Riau 67,41 70,39 75,01 64,93 68,85 Jambi 80,34 81,68 85,04 79,06 80,99 Sumatera Selatan 66,12 70,50 68,63 68,00 68,21 Bengkulu 78,45 79,64 86,46 75,56 79,06 Lampung 80,53 88,66 79,24 87,06 84,68 Kep. Bangka Belitung 82,70 84,03 81,00 85,97 83,35 Kepulauan Riau 70,21 74,34 72,00 73,59 72,10 DKI Jakarta 77,42 86,35 82,14 – 82,14 Jawa Barat 80,78 78,62 80,55 76,11 79,75 Jawa Tengah 91,71 92,27",Haikal Thoriq Athaya,labeled
Q037,DOC08_PEND,Berapa estimasi Angka Partisipasi Sekolah (APS) untuk kelompok usia 16–18 tahun ,table_row_column,recursive,94,1,8,,106,106,"99,57 95,32 78,41 34,01 Kalimantan Timur 99,75 98,28 85,80 37,44 Kalimantan Utara 99,38 95,64 82,73 36,74 Sulawesi Utara 99,33 95,86 75,10 28,00 Sulawesi Tengah 98,88 95,84 80,18 29,23 Sulawesi Selatan 99,49 96,46 77,97 35,90 Sulawesi Tenggara 99,34 96,80 81,44 34,26 Gorontalo 99,35 95,90 76,72 40,40 Sulawesi Barat 99,26 95,25 81,13 23,32 Maluku 99,52 98,86 80,46 30,72 Maluku Utara 98,66 97,92 82,19 26,40 Papua Barat 97,72 96,66 76,22 35,47 Papua Barat Daya 97,86 95,39 81,90 38,42 Papua 98,30 98,85 83,54 40,07 Papua Selatan 94,01 86,28 66,33 21,98 Papua Tengah 81,49 68,99 45,42 15,46 Papua Pegunungan 82,89 73,44 50,34 10,58 Indonesia 99,42 97,22 79,56 31,07 Sumber: Badan Pusat Statistik, Survei Sosial Ekonomi Nasional (Susenas) Maret 2025 |Col1|Indonesia|Col3|Col4|99,42|Col6|Col7|97,22|Col",Haikal Thoriq Athaya,labeled
Q040,DOC08_PEND,"Berapa tingkat penyelesaian pendidikan SD, SMP, dan SMA/SMK sederajat pada tahun",paragraph,element_based,6,1,13,,12,13,"KATA PENGANTAR  peserta didik yang bekerja lebih banyak pada kelompok laki-laki dan persentase peserta didik yang mengurus rumah tangga lebih banyak pada kelompok perempuan.  Pemantauan proses pendidikan dapat dilihat melalui indikator yang digunakan untuk mengukur proses pendidikan, salah satunya yaitu angka putus sekolah. Data Susenas 2025 menunjukkan bahwa semakin tinggi jenjang pendidikan, angka putus sekolah juga semakin meningkat. Angka putus sekolah tertinggi berada pada jenjang SMA/SMK sederajat yaitu sebesar 0,86 persen.  Indikator yang digunakan untuk mengukur capaian pendidikan antara lain tingkat penyelesaian pendidikan, pendidikan tertinggi yang ditamatkan, angka melek huruf, dan rata-rata lama sekolah. Data Susenas tahun 2025 menunjukkan pola semakin tinggi jenjang pendidikan",Haikal Thoriq Athaya,labeled
Q040,DOC08_PEND,"Berapa tingkat penyelesaian pendidikan SD, SMP, dan SMA/SMK sederajat pada tahun",paragraph,element_based,3,0,7,,7,9,"KATA PENGANTAR  Agenda pembangunan pendidikan 2025-2029 menekankan transformasi sistem pendidikan untuk mendukung visi Indonesia Emas 2045. Transformasi dilakukan dengan fokus pada peningkatan kualitas, pemerataan akses, dan relevansi pendidikan, sehingga peningkatan kualitas pendidikan dapat mencetak generasi penerus bangsa yang unggul, adaptif, dan berdaya saing global.  Statistik Pendidikan 2025 disusun berdasarkan hasil Susenas Maret 2025. Data yang disajikan mencakup beberapa indikator utama proses dan output pendidikan. Selain itu juga disajikan data pendidikan hasil registrasi yang dikumpulkan oleh Kementerian Pendidikan Dasar dan Menengah untuk Tahun Ajaran 2024/2025. Data ini memuat informasi mengenai input pendidikan yang mencakup data jumlah sekolah, peserta didik, pendidik, sar",Haikal Thoriq Athaya,labeled
Q040,DOC08_PEND,"Berapa tingkat penyelesaian pendidikan SD, SMP, dan SMA/SMK sederajat pada tahun",paragraph,element_based,5,0,7,,11,11,"KATA PENGANTAR  persen anak usia 0–6 tahun yang sedang/pernah mengikuti pendidikan prasekolah pada tahun 2025. APK PAUD 2025 juga menunjukkan hanya sekitar 36 dari 100 anak usia 3–6 tahun yang berpartisipasi pada pendidikan prasekolah.  Angka Partisipasi Sekolah (APS) 2025 pada seluruh kelompok umur dan Angka Partisipasi Kasar (APK) 2025 pada seluruh jenjang pendidikan mengalami peningkatan jika dibandingkan dengan angka tahun 2024. Sementara itu, untuk Angka Partisipasi Murni (APM) 2025 yang mengalami peningkatan adalah APM jenjang pendidikan SMA/SMK sederajat dan Pendidikan Tinggi (PT). APM SD sederajat dan SMP sederajat mengalami penurunan. Selain melalui APS, APK, dan APM, evaluasi pembangunan di bidang pendidikan dapat pula dilihat melalui Angka Tidak Sekolah (ATS). Jika dibandingkan ",Haikal Thoriq Athaya,labeled
Q040,DOC08_PEND,"Berapa tingkat penyelesaian pendidikan SD, SMP, dan SMA/SMK sederajat pada tahun",paragraph,element_based,35,0,5,,31,31,"STATISTIK PENDIDIKAN 2025 Volume 14, 2025  lulus dari jenjang pendidikan tertentu, terhadap peserta didik yang pada tahun ajaran lalu masih bersekolah di jenjang pendidikan yang sama.  Anak Tidak Sekolah (ATS) adalah persentase penduduk usia jenjang pendidikan tertentu yang tidak sedang bersekolah. Penduduk yang sedang prasekolah dianggap sebagai bersekolah. Penduduk usia 16─18 tahun yang tidak bersekolah lagi namun telah memiliki ijazah SMA/SMK sederajat ke atas dianggap sebagai bersekolah. Umur yang digunakan dalam penghitungan indikator ini adalah umur pada saat awal tahun pembelajaran.  Tingkat Penyelesaian Pendidikan adalah persentase penduduk yang menamatkan pendidikan pada suatu jenjang pendidikan tertentu sesuai kelompok umur referensi pada jenjang pendidikan tersebut. Kelompok umu",Haikal Thoriq Athaya,labeled
Q040,DOC08_PEND,"Berapa tingkat penyelesaian pendidikan SD, SMP, dan SMA/SMK sederajat pada tahun",paragraph,element_based,37,0,5,,36,36,"1.1 Tantangan dan Peluang Pendidikan  Indonesia sebagai negara kepulauan menghadapi tantangan besar dalam pemerataan akses pendidikan. Masalah infrastruktur masih menjadi isu krusial, khususnya di daerah terpencil, yang ditindaklanjuti melalui program Dana Alokasi Khusus (DAK) untuk perbaikan fasilitas pendidikan (Badan Perencanaan Pembangunan Nasional, 2021).  Tantangan lain adalah perubahan kurikulum yang sering berubah serta kurangnya pelatihan bagi tenaga pendidik. Program Guru Penggerak diluncurkan untuk meningkatkan kompetensi guru agar mampu memimpin inovasi di sekolah (Kementerian Pendidikan, Kebudayaan, Riset, dan Teknologi, 2023). Tingkat partisipasi sekolah di tingkat menengah atas dan pendidikan tinggi masih perlu ditingkatkan. Pada tahun 2024, APK SMA/SMK masih berada di sekit",Haikal Thoriq Athaya,labeled
Q040,DOC08_PEND,"Berapa tingkat penyelesaian pendidikan SD, SMP, dan SMA/SMK sederajat pada tahun",paragraph,maxmin_semantic,15,1,11,,12,12,"Tingkat penyelesaian pendidikan untuk jenjang pendidikan SD sederajat sebesar 97,65 persen, jenjang SMP sederajat sebesar 91,45 persen, sedangkan untuk jenjang SMA/SMK sederajat hanya sebesar 73,90 persen. Tingkat pendidikan penduduk Indonesia didominasi oleh pendidikan menengah.",Haikal Thoriq Athaya,labeled
Q040,DOC08_PEND,"Berapa tingkat penyelesaian pendidikan SD, SMP, dan SMA/SMK sederajat pada tahun",paragraph,maxmin_semantic,14,0,6,,12,12,"Data Susenas 2025 menunjukkan bahwa semakin tinggi jenjang pendidikan, angka putus sekolah juga semakin meningkat. Angka putus sekolah tertinggi berada pada jenjang SMA/SMK sederajat yaitu sebesar 0,86 persen. Indikator yang digunakan untuk mengukur capaian pendidikan antara lain tingkat penyelesaian pendidikan, pendidikan tertinggi yang ditamatkan, angka melek huruf, dan rata-rata lama sekolah. Data Susenas tahun 2025 menunjukkan pola semakin tinggi jenjang pendidikan, tingkat penyelesaian pendidikan justru semakin rendah baik pada capaian nasional maupun menurut karakteristik demografinya.",Haikal Thoriq Athaya,labeled
Q040,DOC08_PEND,"Berapa tingkat penyelesaian pendidikan SD, SMP, dan SMA/SMK sederajat pada tahun",paragraph,maxmin_semantic,94,0,5,,81,81,"STATISTIK PENDIDIKAN 2025 48  Sumber: Badan Pusat Statistik, Survei Sosial Ekonomi Nasional (Susenas) Maret 2025 Gambar 3.4 Partisipasi Anak Usia 3–6 Tahun yang Tidak/Belum Pernah Mengikuti Pendidikan Prasekolah, Tetapi Mengikuti Kegiatan Kursus Menurut Karakteristik Demografi, 2025 Tingkat partisipasi dalam pembelajaran yang terorganisir (satu tahun sebelum usia sekolah dasar) yang digambarkan pada Gambar 3.5 merupakan indikator yang mengukur persentase anak usia 6 tahun (satu tahun sebelum usia resmi masuk sekolah dasar) yang terdaftar sebagai peserta didik aktif, baik di tingkat PAUD maupun SD sederajat. Indikator ini digunakan untuk mengetahui seberapa jauh anak usia dini terpapar dengan proses belajar yang terorganisir, khususnya satu tahun sebelum masuk SD.",Haikal Thoriq Athaya,labeled
Q040,DOC08_PEND,"Berapa tingkat penyelesaian pendidikan SD, SMP, dan SMA/SMK sederajat pada tahun",paragraph,maxmin_semantic,95,0,5,,82,82,"Paparan terhadap pendidikan yang terorganisir membantu anak untuk lebih siap bersekolah di SD, sehingga tingginya proporsi anak usia 6 tahun yang bersekolah dapat mengindikasikan tingginya akses pendidikan untuk anak-anak usia dini. Tingkat partisipasi dalam pembelajaran yang terorganisir (satu tahun sebelum usia sekolah dasar) merupakan indikator yang mengukur angka partisipasi anak usia 6 tahun (satu tahun sebelum usia resmi masuk sekolah dasar) dalam program pendidikan yang terorganisir, yaitu pendidikan anak usia dini (prasekolah) yang meliputi Taman Kanak-kanak (TK), Raudhatul Athfal (RA), Bustanul Athfal (BA), dan PAUD, serta SD sederajat. Pada Gambar 3.5 dapat dilihat bahwa capaian indikator tersebut adalah sebesar 97,70 persen di tahun PARTISIPASI PENDIDIKAN 49  2025.",Haikal Thoriq Athaya,labeled
Q040,DOC08_PEND,"Berapa tingkat penyelesaian pendidikan SD, SMP, dan SMA/SMK sederajat pada tahun",paragraph,maxmin_semantic,106,0,5,,86,86,"APK jenjang SMA/SMK sederajat dan Pendidikan Tinggi (PT) digunakan untuk mengukur akses pendidikan menengah dan pendidikan tinggi. Target Rencana Pembangunan Jangka Menengah Nasional (RPJMN) tahun 2025–2029 untuk APK PT adalah 33,94 persen pada tahun 2025.",Haikal Thoriq Athaya,labeled
Q040,DOC08_PEND,"Berapa tingkat penyelesaian pendidikan SD, SMP, dan SMA/SMK sederajat pada tahun",paragraph,recursive,4,0,6,,12,12,"TIK (IT skills) peserta didik tersebut. Mayoritas peserta didik umur 5–23 tahun sudah menggunakan telepon seluler dan internet, tetapi masih hanya sedikit yang menggunakan komputer/laptop. Semakin tinggi jenjang pendidikan, semakin tinggi persentase penggunaan telepon seluler, komputer/laptop, serta internet. Penggunaan komputer/laptop banyak digunakan pada peserta didik jenjang Pendidikan Tinggi (PT). Selain bersekolah, tidak menutup kemungkinan terdapat peserta didik yang juga melakukan kegiatan lain seperti mengurus rumah tangga, bahkan bekerja atau membantu memperoleh penghasilan dalam kegiatan sehari- harinya. Pada tahun 2025, sebanyak 40,76 persen peserta didik umur 10–23 tahun yang bekerja dan 7,27 persen yang mengurus rumah tangga. Semakin tinggi jenjang pendidikan, semakin tinggi ",Haikal Thoriq Athaya,labeled
Q040,DOC08_PEND,"Berapa tingkat penyelesaian pendidikan SD, SMP, dan SMA/SMK sederajat pada tahun",paragraph,recursive,3,0,5,,11,11,"idealnya satu guru bertanggung jawab terhadap 20 murid, sementara pada jenjang SMK idealnya satu guru bertanggung jawab pada 15 murid. Pada Tahun Ajaran 2024/2025, rasio murid-guru pada semua jenjang pendidikan masih memenuhi standar ideal yang ditetapkan. Pendidikan Anak Usia Dini (PAUD) merupakan program pendidikan yang paling fundamental dalam menyiapkan sumber daya manusia yang berkualitas. Namun, hasil pendataan Susenas Maret 2025 menunjukkan hanya sebesar 34,15 viii  persen anak usia 0–6 tahun yang sedang/pernah mengikuti pendidikan prasekolah pada tahun 2025. APK PAUD 2025 juga menunjukkan hanya sekitar 36 dari 100 anak usia 3–6 tahun yang berpartisipasi pada pendidikan prasekolah. Angka Partisipasi Sekolah (APS) 2025 pada seluruh kelompok umur dan Angka Partisipasi Kasar (APK) 2025",Haikal Thoriq Athaya,labeled
Q040,DOC08_PEND,"Berapa tingkat penyelesaian pendidikan SD, SMP, dan SMA/SMK sederajat pada tahun",paragraph,recursive,24,0,5,,36,36,"Indonesia (Kementerian Pendidikan, Kebudayaan, Riset, dan Teknologi, 2022a). Upaya ini diperkuat melalui Peraturan Presiden Nomor 12 Tahun 2025 tentang RPJMN 2025–2029, yang menetapkan arah kebijakan pembangunan nasional termasuk transformasi pendidikan sebagai fondasi menuju Indonesia Emas 2045. Strategi ini dijabarkan lebih lanjut dalam Peraturan Menteri Pendidikan Dasar dan Menengah No. 19 Tahun 2025 tentang Rencana Strategis Kementerian Pendidikan Dasar dan Menengah Tahun 2025–2029. PENDAHULUAN 3  1.1 Tantangan dan Peluang Pendidikan Indonesia sebagai negara kepulauan menghadapi tantangan besar dalam pemerataan akses pendidikan. Masalah infrastruktur masih menjadi isu krusial, khususnya di daerah terpencil, yang ditindaklanjuti melalui program Dana Alokasi Khusus (DAK) untuk perbaikan ",Haikal Thoriq Athaya,labeled
Q040,DOC08_PEND,"Berapa tingkat penyelesaian pendidikan SD, SMP, dan SMA/SMK sederajat pada tahun",paragraph,recursive,71,0,5,,81,82,"STATISTIK PENDIDIKAN 2025 48  Sumber: Badan Pusat Statistik, Survei Sosial Ekonomi Nasional (Susenas) Maret 2025 Gambar 3.4 Partisipasi Anak Usia 3–6 Tahun yang Tidak/Belum Pernah Mengikuti Pendidikan Prasekolah, Tetapi Mengikuti Kegiatan Kursus Menurut Karakteristik Demografi, 2025 Tingkat partisipasi dalam pembelajaran yang terorganisir (satu tahun sebelum usia sekolah dasar) yang digambarkan pada Gambar 3.5 merupakan indikator yang mengukur persentase anak usia 6 tahun (satu tahun sebelum usia resmi masuk sekolah dasar) yang terdaftar sebagai peserta didik aktif, baik di tingkat PAUD maupun SD sederajat. Indikator ini digunakan untuk mengetahui seberapa jauh anak usia dini terpapar dengan proses belajar yang terorganisir, khususnya satu tahun sebelum masuk SD. Paparan terhadap pendidika",Haikal Thoriq Athaya,labeled
Q040,DOC08_PEND,"Berapa tingkat penyelesaian pendidikan SD, SMP, dan SMA/SMK sederajat pada tahun",paragraph,recursive,72,0,5,,82,83,"PARTISIPASI PENDIDIKAN 49  2025. Hal ini mengindikasikan bahwa akses pendidikan untuk anak usia dini di Indonesia sudah cukup tinggi. Jika dibandingkan berdasarkan jenis kelamin, tidak terlihat perbedaan yang signifikan antara laki-laki dan perempuan. Selain itu, jika dibandingkan berdasarkan wilayah, perbedaan persentase antara perkotaan dan perdesaan hanya sekitar 0,96 persen poin. Catatan: Usia yang digunakan dalam perhitungan indikator ini adalah usia sekolah (school age) Sumber: Badan Pusat Statistik, Survei Sosial Ekonomi Nasional (Susenas) Maret 2025 Gambar 3.5 Tingkat Partisipasi dalam Pembelajaran yang Terorganisir (Satu Tahun Sebelum Usia Sekolah Dasar) Menurut Jenis Kelamin dan Klasifikasi Desa, 2025 Gambar 3.6 menunjukkan bahwa capaian Angka Kesiapan Sekolah (AKS) tahun 2025 me",Haikal Thoriq Athaya,labeled
Q041,DOC09_IMPOR,Berapa total berat bersih impor Indonesia pada Agustus 2025?,table_row_column,element_based,46,1,8,,33,33,"Tabel 2.2 Impor Menurut Golongan Barang 2 Dijit Harmonized System (HS), Agustus 2025  4.768.289  224.978.618  510.879.241  1.270.519.865  225.485.045  198.401.418  91.128.548  824.298.506  33.204.484  14.340.987  36.388.079  344.289.148  369.657.190  431.787.099  3.759.524.427  6.100.702.808  2.793.782.085  1.161.958.836  62.897.819  1.619.955.552  60.666.611  282.230.427  35.368.451  65.071.435  418.214.601  629.573.500  23.242.112.138  19.953.039.330  428.625.555  7.368.533.338  484.263.881  1.095.079.542  3.135.299.021  274.981.150  100.934.820  264.731.785  1.180.818.303  525.000.873  509.890.852  6.954.669  549.087.063  401.537.131  Total Impor  19.944.279.991  19.944.279.991  153.959.248.386  19.475.239.085  155.985.807.385  Tabel-Tabel",Haikal Thoriq Athaya,labeled
Q041,DOC09_IMPOR,Berapa total berat bersih impor Indonesia pada Agustus 2025?,table_row_column,element_based,698,1,8,,358,358,"319  Total Impor  19.944.279.991  153.959.248.386  19.475.239.085  155.985.807.385  340  Statistik Perdagangan Luar Negeri Bulanan Impor, Agustus 2025",Haikal Thoriq Athaya,labeled
Q041,DOC09_IMPOR,Berapa total berat bersih impor Indonesia pada Agustus 2025?,table_row_column,element_based,707,1,8,,363,363,Negara (1) Slovakia Slovenia Cheska South Georgia And The South Sa Rep Macedonia Faeroe Islands Fed Russia Serbia Montenegro Kosovo Svalbard And Jan Mayen Guernsey Isle Of Man Jersey Total Impor Berat Bersih (kg) Agustus 2025 Jan–Agt 2025 (2) (3) 454.232 2.829.621 308.468 7.436.203 1.725.315 30.091.098 – 14.042 13.904 43.680 16 19 899.153.465 7.382.977.765 99.180 640.781 2 157 3 6.904 – 2 28 1.237 – 1 29 96 19.944.279.991 153.959.248.386 Nilai CIF (US$) Agustus 2025 Jan–Agt 2025 (4) (5) 3.327.331 22.089.381 2.114.409 18.897.171 12.449.802 144.762.614 – 310.731 184.719 586.163 6.122 6.644 190.790.074 2.028.202.363 19.814.074 25.212.471 24 6.688 457 225.327 – 666 2.498 192.512 – 52 1.226 4.847 19.475.239.085 155.985.807.385,Haikal Thoriq Athaya,labeled
Q041,DOC09_IMPOR,Berapa total berat bersih impor Indonesia pada Agustus 2025?,table_row_column,element_based,716,1,8,,367,367,"Tabel 2.5 Impor Menurut Propinsi dan Pelabuhan Bongkar, Agustus 2025  Skouw  2.858  15.949  10.081  99.121  Jayapura / Sentani (U)  1.500.000  1.507.826  771.750  4.066.996  Papua Tengah  14.183.752  124.677.683  29.550.658  191.134.691  Amamapare, Ij  14.183.752  124.677.683  29.550.658  191.134.691  Total Impor  19.944.279.991  153.959.248.386  19.475.239.085  155.985.807.385  Tabel-Tabel  349",Haikal Thoriq Athaya,labeled
Q041,DOC09_IMPOR,Berapa total berat bersih impor Indonesia pada Agustus 2025?,table_row_column,element_based,730,1,8,,374,374,Barang (1) Berat Bersih (kg) Nilai CIF (US$) H S Uraian Komoditi Agustus 2025 Jan–Agt 2025 Agustus 2025 Jan–Agt 2025 (2) (3) (4) (5) (6) (7) 84715090 Oth processing unit for personal 209.070 3.014.498 70.566.841 1.073.391.251 comp.(excl.portable comp) not comprising & not presented in the form systems systems 85143990 Other furnaces and ovens; other than for the 9.512.095 25.129.547 60.654.313 104.606.631 manufacture of printed circuit boards/printed wiring boards or printed circuit assemblies Lainnya 383.601.143 3.561.669.120 2.967.211.222 24.256.692.774 19.944.279.991 153.959.248.386 19.475.239.085 155.985.807.385,Haikal Thoriq Athaya,labeled
Q041,DOC09_IMPOR,Berapa total berat bersih impor Indonesia pada Agustus 2025?,table_row_column,maxmin_semantic,66,1,13,,374,375,"> 45 t; not CKD Tabel-Tabel 355  Lanjutan Tabel 2.7 Golongan Penggunaan Berat Bersih (kg) Nilai CIF (US$) H S Uraian Komoditi Agustus 2025 Jan–Agt 2025 Agustus 2025 Jan–Agt 2025 Barang (1) (2) (3) (4) (5) (6) (7) 84715090 Oth processing unit for personal 209.070 3.014.498 70.566.841 1.073.391.251 comp. (excl.portable comp) not comprising & not presented in the form systems systems 85143990 Other furnaces and ovens; other than for the 9.512.095 25.129.547 60.654.313 104.606.631 manufacture of printed circuit boards/printed wiring boards or printed circuit assemblies Lainnya 383.601.143 3.561.669.120 2.967.211.222 24.256.692.774 Total Impor 19.944.279.991 153.959.248.386 19.475.239.085 155.985.807.385 356 Statistik Perdagangan Luar Negeri Bulanan Impor, Agustus 2025  Daar Pustaka Internation",Haikal Thoriq Athaya,labeled
Q041,DOC09_IMPOR,Berapa total berat bersih impor Indonesia pada Agustus 2025?,table_row_column,maxmin_semantic,65,1,10,,357,373,"98055020 Chain for vessel's anchor other than of stud links type, of – 1.462 – 28.721 ship, which is included in the tariff heading 7315.82.00 98061000 Pipe of copper-zinc base alloys (brass), of ship, which is – ~0 – 31 included in tariff heading 7411.21.00 98071000 Pipe fittings of aluminium alloy containing by weight 0.4%- – 35 – 671 5.1% manganese, and silicon ≤ 1.3%, of ship, which is included in tariff heading 7609.00.00 98072010 Extruded bars and rods of aluminium alloys, containing by – 43 – 327 weight 0.4% to 1.3% of silicone and 0.4% to 1.2% of manganese, of ship, which is included in tariff heading 7604.29.10 98072030 Profile of aluminium alloys, containing by weight 0.4% up to – 2 – 127 5.1% of manganese and not more 1.3% silicon, of ship, which is included in tariff heading 76",Haikal Thoriq Athaya,labeled
Q041,DOC09_IMPOR,Berapa total berat bersih impor Indonesia pada Agustus 2025?,table_row_column,maxmin_semantic,33,1,8,,28,32,"Ringkasan 9  Tabel 1.7 Nilai Impor Menurut Provinsi1, Agustus 2024 dan Agustus 2025 |Provinsi|Col2|Col3|Agustus 2024|Col5|Col6|Col7|Col8|Col9|Agustus 2025|Col11|Col12|Col13|Col14|Col15|Perubahan<br>Agustus 2025<br>thd<br>Agustus 2024<br>(%)|Col17|Col18| |---|---|---|---|---|---|---|---|---|---|---|---|---|---|---|---|---|---| |**Provinsi**|**Provinsi**|**Provinsi**|**Nilai CIF**<br>**(juta US$)**|**Nilai CIF**<br>**(juta US$)**|**Nilai CIF**<br>**(juta US$)**|**Peranan**<br>**(%)**|**Peranan**<br>**(%)**|**Peranan**<br>**(%)**|**Nilai CIF**<br>**(juta US$)**|**Nilai CIF**<br>**(juta US$)**|**Nilai CIF**<br>**(juta US$)**|**Peranan**<br>**(%)**|**Peranan**<br>**(%)**|**Peranan**<br>**(%)**|**Peranan**<br>**(%)**|**Peranan**<br>**(%)**|**Peranan**<br>**(%)**| ||(1)|||(2)|||(3)|||(4)|||(5)|||",Haikal Thoriq Athaya,labeled
Q041,DOC09_IMPOR,Berapa total berat bersih impor Indonesia pada Agustus 2025?,table_row_column,maxmin_semantic,36,1,8,,33,37,"Of Straw, Plaiting Materials 31.302 202.129 63.113 620.325 47 Pulp Of Wood Or Of Fibrous Cellulosic Material 289.436.518 2.858.343.611 112.926.647 1.069.406.540 48 Paper & Paperboard; Articles Of Paper Pulp 84.562.910 739.003.433 143.476.995 1.152.639.438 49 Printed Books, Newspapers, Pictures 2.946.341 21.378.242 18.830.653 144.547.187 50 Silk 9.250 86.511 556.506 2.681.883 51 Wool, Fine Or Coarse Animal Hair; Woven Fabrics 231.798 2.160.819 5.496.354 54.197.642 52 Cotton 49.111.752 360.751.081 116.352.966 940.134.125 53 Other Vegetable Textile Fibres; Paper Yarns 2.118.104 13.357.132 8.049.609 51.651.275 54 Man-Made Filaments 58.326.414 457.463.200 155.929.551 1.267.651.350 55 Man-Made Staple Fibres 29.770.622 227.435.035 84.986.638 743.642.033 56 Wadding, Felt, And Non-Wovens 18.083.532",Haikal Thoriq Athaya,labeled
Q041,DOC09_IMPOR,Berapa total berat bersih impor Indonesia pada Agustus 2025?,table_row_column,maxmin_semantic,23,0,3,,24,24,"|Bahan<br>Baku/Penolong<br>71,99%<br>Barang Barang<br>Konsumsi Modal<br>9,52% 18,49%<br>Agustus 2024|Bahan<br>Baku/Penolong<br>70,08%<br>Barang<br>Barang<br>Konsumsi<br>Modal<br>9,65%<br>20,27%<br>Agustus 2025 d| |---|---| Gambar 3 Peranan Nilai Impor Indonesia Menurut Golongan Penggunaan Barang (persen), Agustus 2024 dan Agustus 2025 Menurut golongan barang Harmonized System (HS) 2 digit, porsi terbesar komoditi impor selama Agustus 2025 adalah bahan bakar mineral (HS 27) senilai US$3.020,9 juta atau berperan 15,51 persen terhadap total impor Indonesia. Nilai impor komoditi ini turun US$51,4 juta (1,67 persen) dibandingkan bulan yang sama tahun sebelumnya.",Haikal Thoriq Athaya,labeled
Q041,DOC09_IMPOR,Berapa total berat bersih impor Indonesia pada Agustus 2025?,table_row_column,recursive,899,1,13,,374,378,motor for propulsion; not CKD 87041037 Motor vehicles for the transport of goods; 8.618.173 58.546.010 84.289.218 540.628.066 dumpers designed for off-highway use; g.v.w. > 45 t; not CKD Tabel-Tabel 355  Lanjutan Tabel 2.7 Golongan Penggunaan Berat Bersih (kg) Nilai CIF (US$) H S Uraian Komoditi Agustus 2025 Jan–Agt 2025 Agustus 2025 Jan–Agt 2025 Barang (1) (2) (3) (4) (5) (6) (7) 84715090 Oth processing unit for personal 209.070 3.014.498 70.566.841 1.073.391.251 comp.(excl.portable comp) not comprising & not presented in the form systems systems 85143990 Other furnaces and ovens; other than for the 9.512.095 25.129.547 60.654.313 104.606.631 manufacture of printed circuit boards/printed wiring boards or printed circuit assemblies Lainnya 383.601.143 3.561.669.120 2.967.211.222 24.256.692,Haikal Thoriq Athaya,labeled
Q041,DOC09_IMPOR,Berapa total berat bersih impor Indonesia pada Agustus 2025?,table_row_column,recursive,19,1,8,,29,32,"0,58 83,2 Kalimantan Selatan 2,4 0,01 6,0 0,03 150 Kalimantan Timur 145,6 0,70 114,1 0,59 21,63 Kalimantan Utara 441,6 2,12 310,5 1,60 29,69 Sulawesi Utara 80,1 0,39 93,9 0,48 17,23 Sulawesi Tengah 24,6 0,12 12,2 0,06 50,41 Sulawesi Selatan 894,7 4,29 805,9 4,14 9,93 Sulawesi Tenggara 117,1 0,56 118,2 0,61 0,94 Gorontalo 123,7 0,59 101,9 0,52 17,62 Sulawesi Barat 1,5 0,01 1,0 0,01 33,33 Maluku – – – – – Maluku Utara 37,7 0,18 33,0 0,17 12,47 Papua Barat 320,9 1,54 592,0 3,04 84,48 Papua Barat Daya – – – – – Papua 14,0 0,07 0,8 ~0 94,29 Papua Selatan ~0 ~0 0,8 ~0 ~0 Papua Tengah ~0 ~0 – – ~0 |Col1|Total Impor|Col3|Col4|20.843,4|Col6|Col7|100,00|Col9|Col10|19.475,2|Col12|Col13|100,00|Col15|Col16|-6,56|Col18| |---|---|---|---|---|---|---|---|---|---|---|---|---|---|---|---|---|---| Catatan 1 ",Haikal Thoriq Athaya,labeled
Q041,DOC09_IMPOR,Berapa total berat bersih impor Indonesia pada Agustus 2025?,table_row_column,recursive,25,1,8,,34,34,"6.709.674 14.197.103 100.934.820 93 Arms And Ammunition; Parts And Accessories 206.656 3.385.302 58.834.822 264.731.785 94 Furniture, Bedding, Mattress Support, Cushion 86.084.101 717.514.887 147.947.332 1.180.818.303 95 Toys, Games And Sports Requisiters; Parts 19.600.871 137.509.857 78.110.234 525.000.873 96 Miscellaneous Manufactured Articles 16.345.773 120.045.655 64.761.973 509.890.852 97 Works Of Arts, Collectors' Piece And Antiques 88.609 611.233 329.070 6.954.669 98 Vehicles In-Ckd And Their Components 6.901.613 54.066.211 67.478.869 549.087.063 99 Software, Digital, Shipment Goods 97 3.665 78.085.774 401.537.131 Total Impor 19.944.279.991 153.959.248.386 19.475.239.085 155.985.807.385 Tabel-Tabel 15  Tabel 2.3 Impor Menurut Golongan Barang 8 Dijit Harmonized System (HS), Agustus 2",Haikal Thoriq Athaya,labeled
Q041,DOC09_IMPOR,Berapa total berat bersih impor Indonesia pada Agustus 2025?,table_row_column,recursive,876,1,8,,358,359,"98103010 Magnetic compass, gyro compass, and all other types of – 116 – 11.267 compass used for finding direction of the vessel, which is included in the tariff heading 9014.10.00 98103050 Marine navigation equipment for measuring the speed of – ~0 – 14 the vessel, which is included in the tariff heading 9014.80.19 98103080 Vessel's navigation system in the form of electronic map – 650 – 7.814 information, which is included in tariff heading 9014.80.90 98104010 Automatic control system for liquid load of tanker, which is 1 626 343 40.588 included in tariff heading 9032.81.00 Tabel-Tabel 339  Lanjutan Tabel 2.3 Kode HS Uraian Komoditi Berat Bersih (kg) Nilai CIF (US$) Agustus 2025 Jan–Agt 2025 Agustus 2025 Jan–Agt 2025 (1) (2) (3) (4) (5) (6) 98104020 Gas detection system operated automatic",Haikal Thoriq Athaya,labeled
Q041,DOC09_IMPOR,Berapa total berat bersih impor Indonesia pada Agustus 2025?,table_row_column,recursive,877,1,8,,359,359,"3 2.327 42.396.915 160.408.747 oth than operating system or application or multimedia or supporting or driver data, include design for machinery system 19.944.279.991 153.959.248.386 19.475.239.085 155.985.807.385 Total Impor 340 Statistik Perdagangan Luar Negeri Bulanan Impor, Agustus 2025  Tabel 2.4 Impor Menurut Negara Asal, Agustus 2025 Negara Berat Bersih (kg) Nilai CIF (US$) Agustus 2025 Jan–Agt 2025 Agustus 2025 Jan–Agt 2025 (1) (2) (3) (4) (5) Jepang 335.103.858 3.028.611.815 1.146.313.956 9.931.904.288 Hongkong 48.760.208 473.069.053 226.405.761 2.074.007.051 Korea Utara 21.316 201.230 192.898 1.855.533 Korea Selatan 241.598.093 2.245.277.852 593.871.805 5.418.537.794 Taiwan 92.037.506 759.599.097 385.121.371 3.002.487.719 Tiongkok 4.026.825.961 29.483.150.821 7.155.296.812 55.122",Haikal Thoriq Athaya,labeled
Q042,DOC09_IMPOR,Berapa nilai CIF impor untuk komoditas HS 94032090 (Metal furniture other than f,table_row_column,element_based,673,1,8,,346,346,"Kode HS Uraian Komoditi Berat Bersih (kg) Agustus 2025 Jan–Agt 2025 Nilai CIF (US$) Agustus 2025 Jan–Agt 2025 (1) (2) (3) (4) (5) (6) 94032090 Metal furniture other than fume cupboards, not used in 19.876.604 134.577.283 22.573.548 161.560.944 offices 94033000 Wooden furniture of a kind used in offices 913.702 4.661.435 1.502.481 7.365.758 94034000 Wooden furniture of a kind used in the kitchen 214.416 2.550.015 551.003 6.658.835 94035000 Wooden furniture of a kind used in the bedroom 1.046.864 9.441.475 1.707.297 13.270.176 94036010 Fume cupboards of wood, not used in offices or kitchen or 21.704 231.201 34.952 439.349 bedroom 94036090 Wooden firniture other than fume cupboards of wood, not 4.137.071 28.057.402 5.198.312 36.872.940 used in offices or kitchen or bedroom 94037010 Baby walke",Haikal Thoriq Athaya,labeled
Q042,DOC09_IMPOR,Berapa nilai CIF impor untuk komoditas HS 94032090 (Metal furniture other than f,table_row_column,element_based,9,1,2,,11,11,"Tabel 1.1 Perkembangan Nilai Impor Migas dan Nonmigas (juta US$), Agustus 2024– Agustus 2025……………………………………………………………………………………………………… Tabel 1.2 Perkembangan Volume Impor Migas dan Nonmigas (ribu ton), Agustus 2024– Agustus 2025………………………………………………………….…………………………………………. Tabel 1.3 Nilai Impor Migas dan Nonmigas, Januari–Agustus 2021–2025…………………….…. Tabel 1.4 Impor Menurut Golongan Penggunaan Barang , Agustus 2024–Agustus 2025…. Tabel 1.5 Impor Menurut Komoditi Harmonized System HS 2 Digit (juta US$), Agustus 2024 dan Agustus 2025 .…………………………………………………………………………………… Tabel 1.6 Nilai Impor Menurut Kelompok Negara Asal , Agustus 2024 dan Agustus 2025.. https://www.bps.go.id Tabel 1.7 Nilai Impor Menurut Provinsi1, Agustus 2024 dan Agustus 2025………………………. Tabel 2.1 Ringkasan Perkembangan Impor Indonesia",Haikal Thoriq Athaya,labeled
Q042,DOC09_IMPOR,Berapa nilai CIF impor untuk komoditas HS 94032090 (Metal furniture other than f,table_row_column,element_based,47,1,2,,34,34,"Tabel 2.3 Impor Menurut Golongan Barang 8 Dijit Harmonized System (HS), Agustus 2025  Berat Bersih (kg)  Nilai CIF (US$)",Haikal Thoriq Athaya,labeled
Q042,DOC09_IMPOR,Berapa nilai CIF impor untuk komoditas HS 94032090 (Metal furniture other than f,table_row_column,element_based,49,1,2,,34,34,"Tabel 2.3 Impor Menurut Golongan Barang 8 Dijit Harmonized System (HS), Agustus 2025  smoked  02101930 Bacon, boneless hams meat of swine, salted, in brine, dried  -—  –  20.338  -—  –  140.425  or smoked  02101990 Meat of swine, other than hams, shoulders and cuts thereof,  -—  –  5.894  -—  –  124.312  with bone in, bellies (streaky) and cuts thereof, bacon,  boneless hams, salted, in brine, dried or smoked  02102000 Meat of bovine animals, salted, in brine, dried or smoked  1  1  16  16  02109300 Meat and edible meat offal of reptiles (including snakes and  –  400  –  800  turtles) including edible flours and meals of meat or meat  offal, salted, in brine, dried/smoked  02109990 Meat and edible meat offal, other than hs code 02101100 to  2.000  68.023  19.247  620.932  02109920 includin",Haikal Thoriq Athaya,labeled
Q042,DOC09_IMPOR,Berapa nilai CIF impor untuk komoditas HS 94032090 (Metal furniture other than f,table_row_column,element_based,51,1,2,,35,35,"Tabel 2.3 Impor Menurut Golongan Barang 8 Dijit Harmonized System (HS), Agustus 2025  03028911 Grouper, fresh or chilled  4  32  33  213  03028916 Torpedo scads (megalaspis cordyla), spotted sicklefish  13  78  292  1.656  (drepane punctata) and great barracudas (sphyraena  barracuda), fresh or chilled  03028918 Mangrove red snappers (lutjanus argentimaculatus), fresh  139  935  2.134  12.675  or chilled  03028919 Fresh or chilled marine fish, other than HS code 03028911 to  1.763  11.344  34.907  253.411  03028918  03028923 Silver grunts (pomadasys argenteus), fresh or chilled  1  11  25  241  03028927 Hilsa shad (tenualosa ilisha), fresh or chilled  26  135  262  1.388  Tabel-Tabel  17",Haikal Thoriq Athaya,labeled
Q042,DOC09_IMPOR,Berapa nilai CIF impor untuk komoditas HS 94032090 (Metal furniture other than f,table_row_column,maxmin_semantic,63,1,10,,340,355,"those of heading 9014, 9015, 9028 or 9032, n.e.c. in heading 9026 90269000 Parts and accessories of instruments and apparatus for 43.771 342.076 3.257.054 26.790.241 measuring or checking the flow, level, pressure or other variables of liquids or gases, excl. those of heading 9014, 9015, 9028 or 9032 90271000 Gas or smoke analysis apparatus 3.567 77.244 622.980 7.158.040 90272000 Chromatographs and electrophoresis instruments 55.768 129.869 2.737.429 24.999.408 90273000 Spectrometers, spectrophotometers and spectrographs 10.704 127.484 1.654.296 14.494.120 using optical radiations (UV, visible, IR) 90275000 Instruments and apparatus using optical radiations (UV, 30.143 355.459 7.187.680 53.999.809 visible, IR) other than spectrometers, spectrophotometers and spectrographs 90278100 Mass spe",Haikal Thoriq Athaya,labeled
Q042,DOC09_IMPOR,Berapa nilai CIF impor untuk komoditas HS 94032090 (Metal furniture other than f,table_row_column,maxmin_semantic,6,1,2,,12,15,"5 Tabel 1.4 Impor Menurut Golongan Penggunaan Barang , Agustus 2024–Agustus 2025…. 5 Tabel 1.5 Impor Menurut Komoditi Harmonized System HS 2 Digit (juta US$), Agustus 2024 dan Agustus 2025 .…………………………………………………………………………………… Tabel 1.6 Nilai Impor Menurut Kelompok Negara Asal , Agustus 2024 dan Agustus 2025.. 8 Tabel 1.7 Nilai Impor Menurut Provinsi1, Agustus 2024 dan Agustus 2025………………………. 10 Tabel 2.1 Ringkasan Perkembangan Impor Indonesia, Agustus 2024 dan 2025 ……………… 13 Tabel 2.2 Impor Menurut Golongan Barang 2 Dijit Harmonized System (HS), Agustus 2025………………………………………………………………………………………………………………….. 14 Tabel 2.3 Impor Menurut Golongan Barang 8 Dijit Harmonized System (HS), Agustus 2025………………………………………………………………………………………………………………….. Tabel 2.4 Impor Menurut Negara Asal, Agustus 2025 ……………………………",Haikal Thoriq Athaya,labeled
Q042,DOC09_IMPOR,Berapa nilai CIF impor untuk komoditas HS 94032090 (Metal furniture other than f,table_row_column,maxmin_semantic,36,1,2,,33,37,"Of Straw, Plaiting Materials 31.302 202.129 63.113 620.325 47 Pulp Of Wood Or Of Fibrous Cellulosic Material 289.436.518 2.858.343.611 112.926.647 1.069.406.540 48 Paper & Paperboard; Articles Of Paper Pulp 84.562.910 739.003.433 143.476.995 1.152.639.438 49 Printed Books, Newspapers, Pictures 2.946.341 21.378.242 18.830.653 144.547.187 50 Silk 9.250 86.511 556.506 2.681.883 51 Wool, Fine Or Coarse Animal Hair; Woven Fabrics 231.798 2.160.819 5.496.354 54.197.642 52 Cotton 49.111.752 360.751.081 116.352.966 940.134.125 53 Other Vegetable Textile Fibres; Paper Yarns 2.118.104 13.357.132 8.049.609 51.651.275 54 Man-Made Filaments 58.326.414 457.463.200 155.929.551 1.267.651.350 55 Man-Made Staple Fibres 29.770.622 227.435.035 84.986.638 743.642.033 56 Wadding, Felt, And Non-Wovens 18.083.532",Haikal Thoriq Athaya,labeled
Q042,DOC09_IMPOR,Berapa nilai CIF impor untuk komoditas HS 94032090 (Metal furniture other than f,table_row_column,maxmin_semantic,38,1,2,,38,95,"tschawytscha, oncor. kisutch, oncor. masou, oncor. rhodurus), atlantic salmon (salmo salar) and danube salmon 03048200 Frozen fillets of trout (salmo trutta, oncorhynchus mykiss, – 9.920 – 113.782 oncorhynchus clarki, oncorhynchus aguabonita, oncorhynchus gilae, oncorhynchus apache and oncorhynchus chrysogaster) 03048300 Frozen fillets of flat fish (pleuronectidae, bothidae, 10 71 298 2.316 cynoglossidae, soleidae, scophthalmidae and citharidae) 03048400 Frozen fillets of swordfish (xiphias gladius) 3.159 28.396 35.194 355.724 03048700 Frozen fillets of tunas (of the genus thunnus), skipjack tuna 665 269.676 38.855 2.299.089 (stripe-bellied bonito) (katsuwonus pelamis) 03048800 Frozen fillets of dogfish, other sharks, rays and skates – 190 – 11.174 (rajidae) 03048990 Frozen fillets of othe",Haikal Thoriq Athaya,labeled
Q042,DOC09_IMPOR,Berapa nilai CIF impor untuk komoditas HS 94032090 (Metal furniture other than f,table_row_column,maxmin_semantic,39,1,2,,96,100,"32061110 Pigments based on titanium dioxide containing 80 % or 5.437.831 57.405.457 12.133.330 133.710.413 more by weight of titanium dioxide calculated on the dry matter 32061190 Preparations based on titanium dioxide containing 80% or 1.289.459 12.976.056 3.067.102 31.789.641 more by weight of titanium dioxide calculated on the dry matter 32061910 Pigments based on titanium dioxide containing less than 80 176.636 1.335.158 791.361 5.079.405 % by weight of titanium dioxide calculated on the dry matter 32061990 Preparations based on titanium dioxide containing < 80% by 584.491 5.874.084 1.418.462 11.744.504 weight of titanium dioxide calculated on the dry matter 32062010 Chrome yellow, chrome green and molybdate orange or red 61.153 503.045 251.155 1.846.306 based on chromium compounds 320",Haikal Thoriq Athaya,labeled
Q042,DOC09_IMPOR,Berapa nilai CIF impor untuk komoditas HS 94032090 (Metal furniture other than f,table_row_column,recursive,844,1,10,,346,346,"94021030 Barbers’ or similar chairs and parts thereof, having rotating 102.886 753.173 206.199 1.286.820 as well as both reclining and elevating movements 94029011 Commodes furniture,Furniture specially designed for 36.359 175.900 76.703 372.597 medical, surgical or veterinary purposes 94029012 Operating tables, electrically operated, Furniture specially 9.766 50.861 261.486 1.933.370 designed for medical, surgical or veterinary purposes 94029013 Operating tables, not electrically operated, Furniture 1.034 1.311 12.921 15.913 specially designed for medical, surgical or veterinary purposes 94029014 Examination tables, Furniture specially designed for 1.205 14.738 41.365 346.260 medical, surgical or veterinary purposes 94029015 Hospital beds, Furniture specially designed for medical, 62.156 ",Haikal Thoriq Athaya,labeled
Q042,DOC09_IMPOR,Berapa nilai CIF impor untuk komoditas HS 94032090 (Metal furniture other than f,table_row_column,recursive,845,1,8,,346,346,"134.577.283 22.573.548 161.560.944 offices 94033000 Wooden furniture of a kind used in offices 913.702 4.661.435 1.502.481 7.365.758 94034000 Wooden furniture of a kind used in the kitchen 214.416 2.550.015 551.003 6.658.835 94035000 Wooden furniture of a kind used in the bedroom 1.046.864 9.441.475 1.707.297 13.270.176 94036010 Fume cupboards of wood, not used in offices or kitchen or 21.704 231.201 34.952 439.349 bedroom 94036090 Wooden firniture other than fume cupboards of wood, not 4.137.071 28.057.402 5.198.312 36.872.940 used in offices or kitchen or bedroom 94037010 Baby walkers of plastics 161.791 712.610 418.794 1.832.798 94037020 Fume cupboards of plastics 1.140 14.183 2.883 48.746 94037090 Furniture of plastics other than baby walkers and fume 2.035.679 13.939.654 3.568.427 24.",Haikal Thoriq Athaya,labeled
Q042,DOC09_IMPOR,Berapa nilai CIF impor untuk komoditas HS 94032090 (Metal furniture other than f,table_row_column,recursive,2,1,2,,12,15,"Agustus 2025……………………………………………………………………………………………………… Tabel 1.2 Perkembangan Volume Impor Migas dan Nonmigas (ribu ton), Agustus 2024– Agustus 2025………………………………………………………….…………………………………………. Tabel 1.3 Nilai Impor Migas dan Nonmigas, Januari–Agustus 2021–2025…………………….…. 5 Tabel 1.4 Impor Menurut Golongan Penggunaan Barang , Agustus 2024–Agustus 2025…. 5 Tabel 1.5 Impor Menurut Komoditi Harmonized System HS 2 Digit (juta US$), Agustus 2024 dan Agustus 2025 .…………………………………………………………………………………… Tabel 1.6 Nilai Impor Menurut Kelompok Negara Asal , Agustus 2024 dan Agustus 2025.. 8 Tabel 1.7 Nilai Impor Menurut Provinsi1, Agustus 2024 dan Agustus 2025………………………. 10 Tabel 2.1 Ringkasan Perkembangan Impor Indonesia, Agustus 2024 dan 2025 ……………… 13 Tabel 2.2 Impor Menurut Golongan Barang 2 Dijit Harmonized ",Haikal Thoriq Athaya,labeled
Q042,DOC09_IMPOR,Berapa nilai CIF impor untuk komoditas HS 94032090 (Metal furniture other than f,table_row_column,recursive,25,1,2,,34,34,"6.709.674 14.197.103 100.934.820 93 Arms And Ammunition; Parts And Accessories 206.656 3.385.302 58.834.822 264.731.785 94 Furniture, Bedding, Mattress Support, Cushion 86.084.101 717.514.887 147.947.332 1.180.818.303 95 Toys, Games And Sports Requisiters; Parts 19.600.871 137.509.857 78.110.234 525.000.873 96 Miscellaneous Manufactured Articles 16.345.773 120.045.655 64.761.973 509.890.852 97 Works Of Arts, Collectors' Piece And Antiques 88.609 611.233 329.070 6.954.669 98 Vehicles In-Ckd And Their Components 6.901.613 54.066.211 67.478.869 549.087.063 99 Software, Digital, Shipment Goods 97 3.665 78.085.774 401.537.131 Total Impor 19.944.279.991 153.959.248.386 19.475.239.085 155.985.807.385 Tabel-Tabel 15  Tabel 2.3 Impor Menurut Golongan Barang 8 Dijit Harmonized System (HS), Agustus 2",Haikal Thoriq Athaya,labeled
Q042,DOC09_IMPOR,Berapa nilai CIF impor untuk komoditas HS 94032090 (Metal furniture other than f,table_row_column,recursive,28,1,2,,35,35,"1 1 16 16 02109300 Meat and edible meat offal of reptiles (including snakes and – 400 – 800 turtles) including edible flours and meals of meat or meat offal, salted, in brine, dried/smoked 02109990 Meat and edible meat offal, other than hs code 02101100 to 2.000 68.023 19.247 620.932 02109920 including edible flours and meals of meat or meat offal, salted, in brine, dried or smoked 16 Statistik Perdagangan Luar Negeri Bulanan Impor, Agustus 2025  Lanjutan Tabel 2.3 Kode HS Uraian Komoditi Berat Bersih (kg) Nilai CIF (US$) Agustus 2025 Jan–Agt 2025 Agustus 2025 Jan–Agt 2025 (1) (2) (3) (4) (5) (6) 03011191 Live koi carp (cyprinus carpio) other than fry 493 24.196 6.072 269.435 03011192 Live goldfish (carassius auratus) other than fry – 184 – 8.833 03011199 Live freshwater ornamental fish, o",Haikal Thoriq Athaya,labeled
Q044,DOC09_IMPOR,Berapa total nilai impor Indonesia pada Agustus 2025 dan bagaimana rinciannya me,paragraph_table,element_based,22,1,13,,21,21,"RINGKASAN  Total nilai impor Indonesia Agustus 2025 mencapai US$19.475,2 juta, yang terdiri dari migas senilai US$2.732,5 juta dan nonmigas US$16.742,7 juta atau masing-masing memberikan peranan 14,03 dan 85,97 persen. Apabila dilihat perkembangannya, nilai impor Agustus 2025 turun 5,35 persen atau senilai US$1.100,2 juta dibandingkan Juli 2025, terutama dipicu oleh penurunan impor nonmigas 7,30 persen (US$1.319,2 juta). Sementara impor migas naik 8,71 persen (US$219,0 juta), terutama karena bertambahnya impor minyak mentah 29,02 persen (US$228,1 juta).  Jika dibandingkan bulan yang sama tahun sebelumnya, impor Agustus 2025 menunjukkan penurunan US$1.368,2 juta (6,56 persen). Penurunan ini disebabkan oleh turunnya impor di sektor nonmigas US$1.452,1 juta (7,98 persen). Sebaliknya impor mig",Haikal Thoriq Athaya,labeled
Q044,DOC09_IMPOR,Berapa total nilai impor Indonesia pada Agustus 2025 dan bagaimana rinciannya me,paragraph_table,element_based,9,0,4,,11,11,"Tabel 1.1 Perkembangan Nilai Impor Migas dan Nonmigas (juta US$), Agustus 2024– Agustus 2025……………………………………………………………………………………………………… Tabel 1.2 Perkembangan Volume Impor Migas dan Nonmigas (ribu ton), Agustus 2024– Agustus 2025………………………………………………………….…………………………………………. Tabel 1.3 Nilai Impor Migas dan Nonmigas, Januari–Agustus 2021–2025…………………….…. Tabel 1.4 Impor Menurut Golongan Penggunaan Barang , Agustus 2024–Agustus 2025…. Tabel 1.5 Impor Menurut Komoditi Harmonized System HS 2 Digit (juta US$), Agustus 2024 dan Agustus 2025 .…………………………………………………………………………………… Tabel 1.6 Nilai Impor Menurut Kelompok Negara Asal , Agustus 2024 dan Agustus 2025.. https://www.bps.go.id Tabel 1.7 Nilai Impor Menurut Provinsi1, Agustus 2024 dan Agustus 2025………………………. Tabel 2.1 Ringkasan Perkembangan Impor Indonesia",Haikal Thoriq Athaya,labeled
Q044,DOC09_IMPOR,Berapa total nilai impor Indonesia pada Agustus 2025 dan bagaimana rinciannya me,paragraph_table,element_based,35,0,4,,24,25,"Tabel 1.5 Impor Menurut Golongan Barang Harmonized System (HS) 2 Digit,  Agustus 2025  Agustus 2024  6  Statistik Perdagangan Luar Negeri Bulanan Impor, Agustus 2025  Porsi terbesar impor berikutnya berasal dari komoditi mesin/peralatan mekanis dan bagiannya US$2.807,3 juta (14,42 persen), mesin/perlengkapan elektrik dan bagiannya US$2.717,7 juta (13,95 persen), kendaraan dan bagiannya US$915,1 juta (4,70 persen), plastik dan barang dari plastik US$866,1 juta (4,45 persen), besi dan baja US$709,5 juta (3,64 persen), bahan kimia organik US$503,9 juta (2,59 persen), berbagai produk kimia US$426,9 juta (2,19 persen), instrumen optik, fotografi, sinematografi, dan medis US$385,4 juta (1,98 persen), dan bijih logam, terak, dan abu US$315,7 juta (1,62 persen).  Apabila dibandingkan dengan bulan ",Haikal Thoriq Athaya,labeled
Q044,DOC09_IMPOR,Berapa total nilai impor Indonesia pada Agustus 2025 dan bagaimana rinciannya me,paragraph_table,element_based,37,0,4,,26,27,"Tabel 1.6 Nilai Impor Menurut Negara Asal, Agustus 2024 dan Agustus 2025  Agustus 2025  Agustus 2024  Asia  Asia  Afrika  Afrika  Australia Dan Oceania  Amerika  Amerika  Eropa  Uni Eropa Lainnya  155,5  0,75  115,8  0,60  -25,53  Eropa Lainnya  540,8  2,59  398,6  2,04  -26,29  Total Impor  20.843,4  100,00  19.475,2  100,00  -6,56  8  Statistik Perdagangan Luar Negeri Bulanan Impor, Agustus 2025  Selama Agustus 2025, pelabuhan bongkar di DKI Jakarta memiliki kontribusi tertinggi terhadap transaksi perdagangan impor Indonesia mencapai US$9.122,6 juta atau 46,84 persen dari total impor Indonesia. Kontribusi tersebut lebih rendah dari Agustus 2024 yang tercatat sebesar 50,36 persen. Beberapa provinsi dengan nilai impor yang cukup tinggi berikutnya adalah Jawa Timur US$2.415,5 juta (12,40 pe",Haikal Thoriq Athaya,labeled
Q044,DOC09_IMPOR,Berapa total nilai impor Indonesia pada Agustus 2025 dan bagaimana rinciannya me,paragraph_table,element_based,24,1,3,,21,21,"RINGKASAN  Pada Agustus 2025, volume impor tercatat 19.944,3 ribu ton, terdiri dari volume impor migas 4.573,5 ribu ton (22,93 persen) dan nonmigas 15.370,8 ribu ton (77,07 persen). Dari perkembangannya, volume impor tersebut naik 34,9 ribu ton atau 0,18 persen dibanding Juli 2025  Ringkasan",Haikal Thoriq Athaya,labeled
Q044,DOC09_IMPOR,Berapa total nilai impor Indonesia pada Agustus 2025 dan bagaimana rinciannya me,paragraph_table,maxmin_semantic,14,1,13,,17,21,"7. PERIODE REFERENSI Periode penentuan impor adalah tanggal penyelesaian dokumen oleh pejabat Direktorat Jenderal Bea dan Cukai yang terdapat dalam dokumen impor. 8. NILAI BARANG Nilai barang dinyatakan dalam nilai CIF (US$) dan nilai kurs Agustus 2025 yang digunakan adalah US$1 = Rp16.393,- 9. SATUAN BARANG Berat barang impor adalah berat bersih dan dinyatakan dalam kg. 10. NEGARA ASAL Negara asal adalah negara dimana barang-barang tersebut dihasilkan dan dokumennya telah diperiksa serta dinyatakan sesuai dengan peraturan yang berlaku oleh pejabat Bea dan Cukai. 11. RE-IMPOR Re-impor adalah impor kembali barang dalam negeri yang sebelumnya dicatat sebagai ekspor. xiv  Gambar 1 Infograﬁs Impor Indonesia, Agustus 2025 xv   BAB 1 RINGKASAN   RINGKASAN Total nilai impor Indonesia Agustus 2025",Haikal Thoriq Athaya,labeled
Q044,DOC09_IMPOR,Berapa total nilai impor Indonesia pada Agustus 2025 dan bagaimana rinciannya me,paragraph_table,maxmin_semantic,18,0,7,,22,22,"Dari perkembangannya, volume impor tersebut naik 34,9 ribu ton atau 0,18 persen dibanding Juli 2025 Ringkasan 3  Tabel 1.2 Perkembangan Volume Impor Migas dan Nonmigas (ribu ton), Agustus 2024–Agustus 2025 |Tahun/Bulan|Col2|Col3|Col4|Col5|Migas<br>Minyak Hasil Gas<br>Total<br>Mentah Minyak Alam|Col7|Col8|Col9|Col10|Col11|Col12|Col13|Nonmigas|Total<br>Impor|Col16| |---|---|---|---|---|---|---|---|---|---|---|---|---|---|---|---| |**Tahun/Bulan**|**Tahun/Bulan**|**Tahun/Bulan**|**Tahun/Bulan**|**Tahun/Bulan**|**Migas**<br>**Minyak**<br>**Mentah**<br>**Hasil**<br>**Minyak**<br>**Gas**<br>**Alam**<br>**Total**|**Minyak**<br>**Mentah**|**Hasil**<br>**Minyak**|||**Gas**<br>**Alam**|**Total**|**Total**|**Total**|**Total**|**Total**| |||||(1)||(2)|(3)|||(4)||(5)|(6)|(7)|| 2024 Agustus 1.112,7 2.80",Haikal Thoriq Athaya,labeled
Q044,DOC09_IMPOR,Berapa total nilai impor Indonesia pada Agustus 2025 dan bagaimana rinciannya me,paragraph_table,maxmin_semantic,33,0,7,,28,32,"Ringkasan 9  Tabel 1.7 Nilai Impor Menurut Provinsi1, Agustus 2024 dan Agustus 2025 |Provinsi|Col2|Col3|Agustus 2024|Col5|Col6|Col7|Col8|Col9|Agustus 2025|Col11|Col12|Col13|Col14|Col15|Perubahan<br>Agustus 2025<br>thd<br>Agustus 2024<br>(%)|Col17|Col18| |---|---|---|---|---|---|---|---|---|---|---|---|---|---|---|---|---|---| |**Provinsi**|**Provinsi**|**Provinsi**|**Nilai CIF**<br>**(juta US$)**|**Nilai CIF**<br>**(juta US$)**|**Nilai CIF**<br>**(juta US$)**|**Peranan**<br>**(%)**|**Peranan**<br>**(%)**|**Peranan**<br>**(%)**|**Nilai CIF**<br>**(juta US$)**|**Nilai CIF**<br>**(juta US$)**|**Nilai CIF**<br>**(juta US$)**|**Peranan**<br>**(%)**|**Peranan**<br>**(%)**|**Peranan**<br>**(%)**|**Peranan**<br>**(%)**|**Peranan**<br>**(%)**|**Peranan**<br>**(%)**| ||(1)|||(2)|||(3)|||(4)|||(5)|||",Haikal Thoriq Athaya,labeled
Q044,DOC09_IMPOR,Berapa total nilai impor Indonesia pada Agustus 2025 dan bagaimana rinciannya me,paragraph_table,maxmin_semantic,17,1,6,,21,21,"Tabel 1.1 Perkembangan Nilai Impor Migas dan Nonmigas (juta US$), Agustus 2024–Agustus 2025 |Tahun/Bulan|Col2|Col3|Col4|Col5|Col6|g<br>Migas s .|Col8|Col9|Col10|Col11|Col12|Col13|Col14|Col15|Col16|Col17|Col18|Col19|Nonmigas|Total<br>Impor|Col22|Col23|Col24| |---|---|---|---|---|---|---|---|---|---|---|---|---|---|---|---|---|---|---|---|---|---|---|---| |**Tahun/Bulan**<br>|**Tahun/Bulan**<br>|**Tahun/Bulan**<br>|**Tahun/Bulan**<br>|**Tahun/Bulan**<br>|**Tahun/Bulan**<br>||**Minyak**<br>**Mentah**<br>|<br>||**Hasil**<br>**Minyak**<br>|||**Gas**<br>**Alam**<br>**p**||**Total**<br>|**Total**<br>|**Total**<br>|**Total**<br>|**Total**<br>|**Total**<br>|**Total**<br>|**Total**<br>|**Total**<br>| |||||(1)<br>|||(2)<br>|||(3)<br>|**. **||(4)<br>|||(5)<br>|||(6)|||(7)|| 2024 Agustus 706,5 1.942,1 ",Haikal Thoriq Athaya,labeled
Q044,DOC09_IMPOR,Berapa total nilai impor Indonesia pada Agustus 2025 dan bagaimana rinciannya me,paragraph_table,maxmin_semantic,19,0,5,,23,23,"25.000 16.742,7 20.000 Nilai CIF (juta US$) 15.000 10.000 2.732,5 5.000 Migas Nonmigas Gambar 2 Perkembangan Nilai Impor Migas dan Nonmigas (juta US$), Agustus 2024–Agustus 2025 Statistik Perdagangan Luar Negeri Bulanan Impor, Agustus 2025 4  Tabel 1.3 Nilai Impor Migas dan Nonmigas, Januari–Agustus 2021 s.d Januari–Agustus 2025 |Bulan/<br>Tahun|Col2|Col3|Col4|Nilai CIF (juta US$)|Col6|Col7|Col8|Col9|Col10|Col11|Col12|Col13|Col14|Peranan (%)|Col16|Col17|Col18|Col19|Col20|Col21|Col22| |---|---|---|---|---|---|---|---|---|---|---|---|---|---|---|---|---|---|---|---|---|---| |**Bulan/**<br>**Tahun**|**Bulan/**<br>**Tahun**|**Bulan/**<br>**Tahun**||**Migas**|||**Nonmigas**|||**Total**||||**Migas**|||**Nonmigas**|||**Total**|| ||(1)|||(2)|||(3)|||(4)||||(5)|||(6)|||(7)|| 2021r 15.361,4 107.620,",Haikal Thoriq Athaya,labeled
Q044,DOC09_IMPOR,Berapa total nilai impor Indonesia pada Agustus 2025 dan bagaimana rinciannya me,paragraph_table,recursive,5,1,13,,17,21,"11. RE-IMPOR Re-impor adalah impor kembali barang dalam negeri yang sebelumnya dicatat sebagai ekspor. xiv  Gambar 1 Infograﬁs Impor Indonesia, Agustus 2025 xv   BAB 1 RINGKASAN   RINGKASAN Total nilai impor Indonesia Agustus 2025 mencapai US$19.475,2 juta, yang terdiri dari migas senilai US$2.732,5 juta dan nonmigas US$16.742,7 juta atau masing-masing memberikan peranan 14,03 dan 85,97 persen. Apabila dilihat perkembangannya, nilai impor Agustus 2025 turun 5,35 persen atau senilai US$1.100,2 juta dibandingkan Juli 2025, terutama dipicu oleh penurunan impor nonmigas 7,30 persen (US$1.319,2 juta). Sementara impor migas naik 8,71 persen (US$219,0 juta), terutama karena bertambahnya impor minyak mentah 29,02 persen (US$228,1 juta). Jika dibandingkan bulan yang sama tahun sebelumnya, impor Agu",Haikal Thoriq Athaya,labeled
Q044,DOC09_IMPOR,Berapa total nilai impor Indonesia pada Agustus 2025 dan bagaimana rinciannya me,paragraph_table,recursive,7,0,5,,23,23,"|||||(1)||(2)|(3)|||(4)||(5)|(6)|(7)|| 2024 Agustus 1.112,7 2.803,0 ─ 3.915,7 16.688,4 20.604,1 September 1.273,7 2.686,0 ─ 3.959,7 14.920,7 18.880,4 Oktober 2.101,5 3.775,7 ─ 5.877,2 16.888,2 22.765,4 November 882,7 3.205,4 ─ 4.088,1 15.546,5 19.634,6 Desember 1.607,8 3.605,7 ─ 5.213,5 15.794,0 21.007,5 2025 Januari 962,3 2.921,8 ─ 3.884,1 11.775,3 15.659,4 Februari 1.396,7 3.009,8 ─ 4.406,5 15.738,9 20.145,4 Maret 1.519,0 3.594,1 ─ 5.113,1 13.889,3 19.002,4 April 1.193,4 2.949,6 ─ 4.143,0 14.392,4 18.535,4 Mei 1.469,5 3.202,6 ─ 4.672,1 15.674,8 20.346,9 Juni 1.194,5 2.637,7 ─ 3.832,2 16.583,9 20.416,1 Juli 1.466,7 2.788,4 ─ 4.255,1 15.654,3 19.909,4 Agustus 1.791,9 2.781,6 ─ 4.573,5 15.370,8 19.944,3 Selama tiga belas bulan terakhir, nilai impor migas tertinggi tercatat pada Oktober 2024",Haikal Thoriq Athaya,labeled
Q044,DOC09_IMPOR,Berapa total nilai impor Indonesia pada Agustus 2025 dan bagaimana rinciannya me,paragraph_table,recursive,8,0,5,,23,23,"|**Bulan/**<br>**Tahun**|**Bulan/**<br>**Tahun**|**Bulan/**<br>**Tahun**||**Migas**|||**Nonmigas**|||**Total**||||**Migas**|||**Nonmigas**|||**Total**|| ||(1)|||(2)|||(3)|||(4)||||(5)|||(6)|||(7)|| 2021r 15.361,4 107.620,7 122.982,1 12,49 87,51 100,00 2022r 27.621,0 132.313,8 159.934,8 17,27 82,73 100,00 2023r 22.434,4 125.543,8 147.978,2 15,16 84,84 100,00 2024r 24.214,0 128.636,1 152.850,1 15,84 84,16 100,00 2025 21.108,7 134.877,1 155.985,8 13,53 86,47 100,00 Catatan: r Angka Revisi Nilai impor Indonesia selama Januari–Agustus 2025 naik US$3.135,7 juta (2,05 persen) dibandingkan periode yang sama tahun sebelumnya. Peningkatan tersebut dipengaruhi oleh naiknya nilai impor nonmigas US$6.241,0 juta (4,85 persen), walaupun terkoreksi oleh penurunan impor migas US$3.105,3 juta (12,82 persen)",Haikal Thoriq Athaya,labeled
Q044,DOC09_IMPOR,Berapa total nilai impor Indonesia pada Agustus 2025 dan bagaimana rinciannya me,paragraph_table,recursive,2,0,4,,12,15,"Agustus 2025……………………………………………………………………………………………………… Tabel 1.2 Perkembangan Volume Impor Migas dan Nonmigas (ribu ton), Agustus 2024– Agustus 2025………………………………………………………….…………………………………………. Tabel 1.3 Nilai Impor Migas dan Nonmigas, Januari–Agustus 2021–2025…………………….…. 5 Tabel 1.4 Impor Menurut Golongan Penggunaan Barang , Agustus 2024–Agustus 2025…. 5 Tabel 1.5 Impor Menurut Komoditi Harmonized System HS 2 Digit (juta US$), Agustus 2024 dan Agustus 2025 .…………………………………………………………………………………… Tabel 1.6 Nilai Impor Menurut Kelompok Negara Asal , Agustus 2024 dan Agustus 2025.. 8 Tabel 1.7 Nilai Impor Menurut Provinsi1, Agustus 2024 dan Agustus 2025………………………. 10 Tabel 2.1 Ringkasan Perkembangan Impor Indonesia, Agustus 2024 dan 2025 ……………… 13 Tabel 2.2 Impor Menurut Golongan Barang 2 Dijit Harmonized ",Haikal Thoriq Athaya,labeled
Q044,DOC09_IMPOR,Berapa total nilai impor Indonesia pada Agustus 2025 dan bagaimana rinciannya me,paragraph_table,recursive,10,0,4,,24,24,"3.317,4 17.935,9 9,17 72,34 18,49 100,00 Februari 1.466,9 13.932,2 3.449,9 18.849,0 7,78 73,92 18,30 100,00 Maret 1.741,7 13.477,2 3.701,1 18.920,0 9,21 71,23 19,56 100,00 April 1.703,1 14.971,3 3.910,6 20.585,0 8,27 72,73 19,00 100,00 Mei 1.827,0 14.045,3 4.440,0 20.312,3 8,99 69,15 21,86 100,00 Juni 1.799,8 13.351,3 4.181,9 19.333,0 9,31 69,06 21,63 100,00 Juli 2.025,1 14.174,3 4.376,0 20.575,4 9,84 68,89 21,27 100,00 Agustus 1.880,1 13.647,1 3.948,0 19.475,2 9,65 70,08 20,27 100,00 Selama Agustus 2025, impor seluruh golongan penggunaan barang mengalami penurunan apabila dibandingkan bulan sebelumnya. Golongan bahan baku/penolong naik tertinggi senilai US$527,2 juta (3,72 persen), diikuti oleh barang modal dan barang konsumsi yang masing-masing naik US$428,0 juta (9,78 persen) dan US$145",Haikal Thoriq Athaya,labeled
Q046,DOC10_MODA,Berapa nilai impor Indonesia yang menggunakan moda transportasi laut pada tahun ,table_row_column,element_based,49,1,14,,43,43,"Moda Transportasi (1) Laut 2023 2024 Perubahan Nilai 2024 Berat Nilai Nilai Berat thd 2023 (juta US$) (ribu ton) (ribu ton) (juta US$) (%) (5) (4) (3) (2) (6) 198.258,3 202.318,7 232.396,7 209.268,6 3,44 290,0 20.721,4 640,6 24,66 25.830,3 60,6 ~0 ~0 66,9 10,35 Peranan (%) terhadap Total Impor 2024 (7) 88,97 10,98 0,03 0,2 5,4 2,0 30,8 476,48 0,01 Darat/Jalan 0,9 1,4 7,8 3,0 116,87 0,00 Raya Total 198.549,4 223.107,5 233.047,1 235.199,6 5,42 100,0",Haikal Thoriq Athaya,labeled
Q046,DOC10_MODA,Berapa nilai impor Indonesia yang menggunakan moda transportasi laut pada tahun ,table_row_column,element_based,48,1,11,,42,43,"Total impor 2024 mencapai US$235,199,6 juta meningkat 5,42 persen dibandingkan tahun 2023. Nilai impor yang masuk melalui Pelabuhan Tanjung Priok sebesar 36,87 persen.  4.1  Impor Indonesia menurut Jenis dan Moda Transportasi  Selama tahun 2024 total impor Indonesia mengalami peningkatan 5,42 persen, dari US$223.107,5 juta menjadi US$235.199,6 juta. Transportasi laut masih menjadi moda utama dalam kegiatan pengangkutan barang impor. Sebanyak 88,97 persen barang impor Indonesia masuk menggunakan moda transportasi laut atau senilai US$209.268,6 juta. Nilai tersebut mengalami peningkatan 3,44 persen dibandingkan tahun 2023. Berat barang impor melalui laut juga mengalami peningkatan 17,22 persen dibandingkan tahun sebelumnya. Dominasi impor menggunakan moda laut berkaitan erat dengan kondisi g",Haikal Thoriq Athaya,labeled
Q046,DOC10_MODA,Berapa nilai impor Indonesia yang menggunakan moda transportasi laut pada tahun ,table_row_column,element_based,47,1,8,,42,42,"IMPOR MENURUT MODA TRANSPORTASI 2024  Impor menggunakan Moda Transportasi Laut mencapai US$209.268,6 juta (88,97",Haikal Thoriq Athaya,labeled
Q046,DOC10_MODA,Berapa nilai impor Indonesia yang menggunakan moda transportasi laut pada tahun ,table_row_column,element_based,66,1,8,,50,51,"4.5 Moda Transportasi Laut  Dari sisi biaya angkut, distribusi barang dengan menggunakan moda transportasi laut dinilai paling murah. Komoditas yang diangkut pun biasanya dalam volume besar. Impor menggunakan moda transportasi laut pada 2024 mengalami peningkatan sebesar US$6.949,9 juta atau 3,44 persen dibandingkan tahun sebelumnya. Secara keseluruhan nilai impor menggunakan moda transportasi laut mencapai US$209.268,6 juta.  36  Statistik Perdagangan Luar Negeri Menurut Moda Transportasi 2023 dan 2024  Empat golongan utama dengan nilai terbesar impor Indonesia menggunakan moda transportasi laut adalah bahan bakar mineral (HS 27); mesin/peralatan mekanis serta bagiannya (HS 84); mesin/ perlengkapan elektrik dan bagiannya (HS 85); serta besi dan baja (HS 72). Peranan dari keempat golongan ",Haikal Thoriq Athaya,labeled
Q046,DOC10_MODA,Berapa nilai impor Indonesia yang menggunakan moda transportasi laut pada tahun ,table_row_column,element_based,50,0,6,,43,44,"Total impor 2024 mencapai US$235,199,6 juta meningkat 5,42 persen dibandingkan tahun 2023. Nilai impor yang masuk melalui Pelabuhan Tanjung Priok sebesar 36,87 persen.  Udara  Pipa/Kabel  Pos  Selain moda transportasi laut, barang impor masuk ke Indonesia menggunakan moda transportasi udara. Moda transportasi ini merupakan pilihan untuk mengangkut barang impor dengan volume lebih kecil, meskipun harganya relatif lebih tinggi. Selama tahun 2024, moda transportasi udara memberikan peranan 10,98 persen atau senilai US$25.830,3 juta. Nilai tersebut meningkat 24,66 persen dibandingkan tahun sebelumnya. Pada 2024 berat barang impor melalui udara mengalami peningkatan yang cukup tinggi yaitu sebesar 120,92 persen. Selain melalui laut dan udara, terdapat moda transportasi lain seperti jalan raya, ",Haikal Thoriq Athaya,labeled
Q046,DOC10_MODA,Berapa nilai impor Indonesia yang menggunakan moda transportasi laut pada tahun ,table_row_column,maxmin_semantic,59,1,17,,43,43,"Tabel 4.1 Impor Menurut Moda Transportasi, 2023 dan 2024 |Moda<br>Transportasi|Col2|Col3|Col4|2023|Col6|Col7|Col8|Col9|Col10|Col11|Col12|o<br>2024 g|Col14|Col15|Col16|Col17|Perubahan<br>Nilai 2024<br>thd 2023<br>(%)|Col19|Col20|Peranan (%)<br>terhadap<br>Total Impor<br>2024|Col22|Col23| |---|---|---|---|---|---|---|---|---|---|---|---|---|---|---|---|---|---|---|---|---|---|---| |**Moda**<br>**Transportasi**|**Moda**<br>**Transportasi**|**Moda**<br>**Transportasi**|** Berat**<br>** (ribu ton)**<br>|** Berat**<br>** (ribu ton)**<br>|** Berat**<br>** (ribu ton)**<br>|** Nilai**<br>** (juta US$)**<br>|** Nilai**<br>** (juta US$)**<br>|** Nilai**<br>** (juta US$)**<br>|||** Berat**<br>** (ribu ton)**<br>**bp**|** Berat**<br>** (ribu ton)**<br>**bp**|** Berat**<br>** (ribu ton)**<br>**bp**|** N",Haikal Thoriq Athaya,labeled
Q046,DOC10_MODA,Berapa nilai impor Indonesia yang menggunakan moda transportasi laut pada tahun ,table_row_column,maxmin_semantic,58,1,11,,43,43,"Sebanyak 88,97 persen barang impor Indonesia masuk menggunakan moda transportasi laut atau senilai US$209.268,6 juta. Nilai tersebut mengalami peningkatan 3,44 persen dibandingkan tahun 2023. Berat barang impor melalui laut juga mengalami peningkatan 17,22 persen dibandingkan tahun sebelumnya. Dominasi impor menggunakan moda laut berkaitan erat dengan kondisi geografis Indonesia, yaitu negara kepulauan yang saling terhubung melalui laut baik antarpulau maupun antarnegara. Selain itu biaya angkut yang relatif lebih murah dimungkinkan juga berpengaruh terhadap pemilihan moda ini. Moda transportasi laut merupakan moda yang bisa mengangkut barang dalam jumlah besar jika dibandingkan dengan moda lainnya.",Haikal Thoriq Athaya,labeled
Q046,DOC10_MODA,Berapa nilai impor Indonesia yang menggunakan moda transportasi laut pada tahun ,table_row_column,maxmin_semantic,85,1,8,,50,50,"Komoditas yang diangkut pun biasanya dalam volume besar. Impor menggunakan moda transportasi laut pada 2024 mengalami peningkatan sebesar US$6.949,9 juta atau 3,44 persen dibandingkan tahun sebelumnya. Secara keseluruhan nilai impor menggunakan moda transportasi laut mencapai US$209.268,6 juta.",Haikal Thoriq Athaya,labeled
Q046,DOC10_MODA,Berapa nilai impor Indonesia yang menggunakan moda transportasi laut pada tahun ,table_row_column,maxmin_semantic,57,0,6,,43,43,"Nilai impor yang masuk melalui Pelabuhan Tanjung Priok sebesar 36,87 persen.  4.1 Impor Indonesia menurut Jenis dan Moda Transportasi Selama tahun 2024 total impor Indonesia mengalami peningkatan 5,42 persen, dari US$223.107,5 juta menjadi US$235.199,6 juta. Transportasi laut masih menjadi moda utama dalam kegiatan pengangkutan barang impor.",Haikal Thoriq Athaya,labeled
Q046,DOC10_MODA,Berapa nilai impor Indonesia yang menggunakan moda transportasi laut pada tahun ,table_row_column,maxmin_semantic,61,0,6,,43,43,"Pada 2024 berat barang impor melalui udara mengalami peningkatan yang cukup tinggi yaitu sebesar 120,92 persen. Selain melalui laut dan udara, terdapat moda transportasi lain seperti jalan raya, pos, serta pipa/kabel namun nilainya sangat kecil.",Haikal Thoriq Athaya,labeled
Q046,DOC10_MODA,Berapa nilai impor Indonesia yang menggunakan moda transportasi laut pada tahun ,table_row_column,recursive,33,1,17,,42,43,"|---|---|---| ||**Bab IV**<br>**Ulasan Impor**<br>**||  Total impor 2024 mencapai US$235,199,6 juta meningkat 5,42 persen dibandingkan tahun 2023. Nilai impor yang masuk melalui Pelabuhan Tanjung Priok sebesar 36,87 persen.  4.1 Impor Indonesia menurut Jenis dan Moda Transportasi Selama tahun 2024 total impor Indonesia mengalami peningkatan 5,42 persen, dari US$223.107,5 juta menjadi US$235.199,6 juta. Transportasi laut masih menjadi moda utama dalam kegiatan pengangkutan barang impor. Sebanyak 88,97 persen barang impor Indonesia masuk menggunakan moda transportasi laut atau senilai US$209.268,6 juta. Nilai tersebut mengalami peningkatan 3,44 persen dibandingkan tahun 2023. Berat barang impor melalui laut juga mengalami peningkatan 17,22 persen dibandingkan tahun sebelumnya. Dominasi impor",Haikal Thoriq Athaya,labeled
Q046,DOC10_MODA,Berapa nilai impor Indonesia yang menggunakan moda transportasi laut pada tahun ,table_row_column,recursive,34,1,17,,43,43,"Tabel 4.1 Impor Menurut Moda Transportasi, 2023 dan 2024 |Moda<br>Transportasi|Col2|Col3|Col4|2023|Col6|Col7|Col8|Col9|Col10|Col11|Col12|o<br>2024 g|Col14|Col15|Col16|Col17|Perubahan<br>Nilai 2024<br>thd 2023<br>(%)|Col19|Col20|Peranan (%)<br>terhadap<br>Total Impor<br>2024|Col22|Col23| |---|---|---|---|---|---|---|---|---|---|---|---|---|---|---|---|---|---|---|---|---|---|---| |**Moda**<br>**Transportasi**|**Moda**<br>**Transportasi**|**Moda**<br>**Transportasi**|** Berat**<br>** (ribu ton)**<br>|** Berat**<br>** (ribu ton)**<br>|** Berat**<br>** (ribu ton)**<br>|** Nilai**<br>** (juta US$)**<br>|** Nilai**<br>** (juta US$)**<br>|** Nilai**<br>** (juta US$)**<br>|||** Berat**<br>** (ribu ton)**<br>**bp**|** Berat**<br>** (ribu ton)**<br>**bp**|** Berat**<br>** (ribu ton)**<br>**bp**|** N",Haikal Thoriq Athaya,labeled
Q046,DOC10_MODA,Berapa nilai impor Indonesia yang menggunakan moda transportasi laut pada tahun ,table_row_column,recursive,35,1,8,,44,44,"(1) (2) (3) (4) (5) (6) (7) Laut 198.258,3 202.318,7 232.396,7 209.268,6 3,44 88,97 Udara 290,0 20.721,4 640,6 25.830,3 24,66 10,98 Pipa/Kabel ~0 60,6 ~0 66,9 10,35 0,03 Pos 0,2 5,4 2,0 30,8 476,48 0,01 Darat/Jalan Raya 0,9 1,4 7,8 3,0 116,87 0,00 |Total|198.549,4|223.107,5|Col4|233.047,1|235.199,6|5,42|100,0| |---|---|---|---|---|---|---|---| Selain moda transportasi laut, barang impor masuk ke Indonesia menggunakan moda transportasi udara. Moda transportasi ini merupakan pilihan untuk mengangkut barang impor dengan volume lebih kecil, meskipun harganya relatif lebih tinggi. Selama tahun 2024, moda transportasi udara memberikan peranan 10,98 persen atau senilai US$25.830,3 juta. Nilai tersebut meningkat 24,66 persen dibandingkan tahun sebelumnya. Pada 2024 berat barang impor melalui udara",Haikal Thoriq Athaya,labeled
Q046,DOC10_MODA,Berapa nilai impor Indonesia yang menggunakan moda transportasi laut pada tahun ,table_row_column,recursive,48,0,8,,51,51,"2,7 882,0 2,7 873,8 0,92 3,38 88 Kendaraan udara dan bagiannya 0,7 751,9 0,5 599,9 20,22 2,32 29 Bahan kimia organik 13,9 368,2 18,9 383,7 4,20 1,49 38 Berbagai produk kimia 4,5 463,5 6,8 353,4 23,75 1,37 99 Piranti lunak, barang digital dan barang kiriman ~0 257,8 0,1 326,3 26,57 1,26 91 Jam dan arloji serta bagiannya 0,4 216,2 0,5 270,2 24,99 1,05 Lainnya 205,3 3.144,3 523,7 3.421,5 8,82 13,25 |Total|290,0|20.721,4|Col4|640,6|25.830,3|24,66|100,00| |---|---|---|---|---|---|---|---| |**Total**|||||||| 4.5 Moda Transportasi Laut Dari sisi biaya angkut, distribusi barang dengan menggunakan moda transportasi laut dinilai paling murah. Komoditas yang diangkut pun biasanya dalam volume besar. Impor menggunakan moda transportasi laut pada 2024 mengalami peningkatan sebesar US$6.949,9 juta atau ",Haikal Thoriq Athaya,labeled
Q046,DOC10_MODA,Berapa nilai impor Indonesia yang menggunakan moda transportasi laut pada tahun ,table_row_column,recursive,36,0,6,,44,44,"Tabel 4.2. Impor Menurut Jenis dan Moda Transportasi, 2023 dan 2024 |Jenis|Col2|Col3|Col4|Col5|Col6|2023|Col8|Col9|Col10|Col11|Col12|Col13|Col14|2024|Col16|Col17|Col18|Col19|Col20|Col21|Perubahan|Col23|Col24|Peranan(%)|Col26| |---|---|---|---|---|---|---|---|---|---|---|---|---|---|---|---|---|---|---|---|---|---|---|---|---|---| |**Jenis**|**Jenis**|**Jenis**||**Moda**|||||||||||||||||**Nilai 2024**|||**thd Total**|| |**Jenis**|**Jenis**|**Jenis**|**T**|**ransportasi**|||** Berat**|||** Nilai**|||||**Berat**|||**Nilai**|||**thd 2023**|||**Impor**|| |**Jenis**|**Jenis**|**Jenis**|||||**(ribu ton)**|||**(juta US$)**|||||**(ribu ton)**||**(**|**juta US$)**|||**(%)**|||**2024**|| ||**(1)**|||**(2)**|||**(3)**<br>|||**(4)**<br>|||||**(5)**<br>|||**(6)**<br>|||**(7)**|||**(8)**|| MIGAS 52.144,2",Haikal Thoriq Athaya,labeled
Q048,DOC10_MODA,Berapa nilai impor komoditas HS 10 Serealia yang menggunakan moda transportasi l,table_row_column,element_based,253,1,8,,146,146,"2023 2024 HS 2 Digit Berat Nilai Berat (kg) (US$) (kg) (1) (2) (3) (4) (5) 01 Binatang hidup 126.910.792 349.467.070 197.769.918 02 Daging hewan 311.948.206 994.282.489 247.238.760 03 Ikan, krustasea, dan moluska 213.056.086 417.134.733 131.214.816 04 Susu, mentega, dan telur 470.494.996 1.471.920.432 528.745.586 05 Produk hewani 61.166.805 103.916.998 55.134.323 06 Pohon hidup dan bunga potong 1.720.605 5.864.624 1.808.733 07 Sayuran 1.000.361.369 1.013.187.488 935.646.478 08 Buah-buahan 688.226.217 1.425.402.874 778.847.206 09 Kopi, teh, dan rempah-rempah 157.522.816 534.519.532 172.557.100 10 Serealia 15.230.950.296 5.951.489.982 18.464.746.924 11 Hasil penggilingan 291.203.452 188.384.743 https://www.bps.go.id 2.612.778.069 1.946.842.062 12 Biji dan buah mengandung minyak Lak, getah, d",Haikal Thoriq Athaya,labeled
Q048,DOC10_MODA,Berapa nilai impor komoditas HS 10 Serealia yang menggunakan moda transportasi l,table_row_column,element_based,254,1,6,,146,146,"Tabel 5.13 Impor Menggunakan Moda Transportasi Laut Menurut Golongan Barang, 2023 dan 2024  kosmetik  34  Sabun dan preparat pembersih  249.646.494  656.202.763  289.318.744  723.808.312  35 Perekat dan enzim  234.457.558  611.947.204  279.107.815  596.923.971  36 Bahan peledak, korek api, dan  19.722.410  127.203.157  16.556.786  108.587.067  kembang api  37 Barang fotografi atau  10.870.502  63.115.404  11.010.063  56.205.749  sinematografi  38 Berbagai produk kimia  1.790.691.613  2.881.009.472  2.120.781.159  3.404.416.876  Statistik Perdagangan Luar Negeri Menurut Moda Transportasi 2023 dan 2024",Haikal Thoriq Athaya,labeled
Q048,DOC10_MODA,Berapa nilai impor komoditas HS 10 Serealia yang menggunakan moda transportasi l,table_row_column,element_based,231,1,5,,135,135,"2023 HS 2 Digit/ Moda Berat Nilai (kg) (US$) (1) (2) (3) (4) 10 Gandum-ganduman 15.232.511.895 5.952.631.985 Laut 15.230.950.296 5.951.489.982 Udara 1.561.454 1.141.282 Pos 145 721 11 Hasil Penggilingan 291.226.358 188.703.692 Laut 291.203.452 188.384.743 Udara 22.849 318.626 Pos 57 323 12 Biji-bijian berminyak 2.612.805.765 1.950.389.545 Laut 2.612.778.069 1.946.842.062 Jalan Raya Udara Pos 13 Lak, Getah dan Damar Laut Udara Pos 14 Bahan-bahan Nabati Laut Udara Pos – – https://www.bps.go.id 27.458 3.538.318 9.165 238 87.023.213 11.860.961 72.365.327 11.634.791 223.979 14.616.480 2.191 41.406 3.918.729 6.603.705 3.917.213 6.603.580 125 1.516 – – Lemak & Minyak 15 Hewan / Nabati 151.805.068 282.181.770 Laut 151.705.308 279.667.724 Udara 99.685 2.513.548 Pos 75 498 16 Daging dan Ikan Olahan ",Haikal Thoriq Athaya,labeled
Q048,DOC10_MODA,Berapa nilai impor komoditas HS 10 Serealia yang menggunakan moda transportasi l,table_row_column,element_based,49,0,3,,43,43,"Moda Transportasi (1) Laut 2023 2024 Perubahan Nilai 2024 Berat Nilai Nilai Berat thd 2023 (juta US$) (ribu ton) (ribu ton) (juta US$) (%) (5) (4) (3) (2) (6) 198.258,3 202.318,7 232.396,7 209.268,6 3,44 290,0 20.721,4 640,6 24,66 25.830,3 60,6 ~0 ~0 66,9 10,35 Peranan (%) terhadap Total Impor 2024 (7) 88,97 10,98 0,03 0,2 5,4 2,0 30,8 476,48 0,01 Darat/Jalan 0,9 1,4 7,8 3,0 116,87 0,00 Raya Total 198.549,4 223.107,5 233.047,1 235.199,6 5,42 100,0",Haikal Thoriq Athaya,labeled
Q048,DOC10_MODA,Berapa nilai impor komoditas HS 10 Serealia yang menggunakan moda transportasi l,table_row_column,element_based,51,0,3,,44,44,"Jenis Moda Transportasi Berat 2023 Nilai Berat 2024 Nilai Perubahan Peranan(%) Nilai 2024 thd Total thd 2023 Impor (ribu ton) (juta US$) (ribu ton) (juta US$) (%) 2024 (1) (2) Laut Udara Pos Laut Udara Pipa/Kabel Pos https://www.bps.go.id (3) (4) (6) (5) 53.746,0 35.831,0 36.276,8 52.144,2 53.710,4 52.129,7 35.819,8 36.247,9 35,6 28,9 14,5 11,2 ~0 ~0 – – 198.922,8 179.301,1 187.276,5 146.405,2 146.128,5 166.498,9 178.686,3 173.020,7 25.801,3 275,5 20.710,2 605,0 ~0 ~0 60,6 66,9 0,2 5,4 2,0 30,8 (7) 1,24 1,19 158,84 – 6,22 3,92 24,58 10,35 476,45 (8) 15,42 15,41 0,01 ~0 84,58 73,56 10,97 0,03 0,01 Darat/Jalan Raya 0,9 1,4 7,8 3,0 116,87 0,00 Total 198.549,4 223.107,5 233.047,1 235.199,6 5,42 100,00",Haikal Thoriq Athaya,labeled
Q048,DOC10_MODA,Berapa nilai impor komoditas HS 10 Serealia yang menggunakan moda transportasi l,table_row_column,maxmin_semantic,59,0,3,,43,43,"Tabel 4.1 Impor Menurut Moda Transportasi, 2023 dan 2024 |Moda<br>Transportasi|Col2|Col3|Col4|2023|Col6|Col7|Col8|Col9|Col10|Col11|Col12|o<br>2024 g|Col14|Col15|Col16|Col17|Perubahan<br>Nilai 2024<br>thd 2023<br>(%)|Col19|Col20|Peranan (%)<br>terhadap<br>Total Impor<br>2024|Col22|Col23| |---|---|---|---|---|---|---|---|---|---|---|---|---|---|---|---|---|---|---|---|---|---|---| |**Moda**<br>**Transportasi**|**Moda**<br>**Transportasi**|**Moda**<br>**Transportasi**|** Berat**<br>** (ribu ton)**<br>|** Berat**<br>** (ribu ton)**<br>|** Berat**<br>** (ribu ton)**<br>|** Nilai**<br>** (juta US$)**<br>|** Nilai**<br>** (juta US$)**<br>|** Nilai**<br>** (juta US$)**<br>|||** Berat**<br>** (ribu ton)**<br>**bp**|** Berat**<br>** (ribu ton)**<br>**bp**|** Berat**<br>** (ribu ton)**<br>**bp**|** N",Haikal Thoriq Athaya,labeled
Q048,DOC10_MODA,Berapa nilai impor komoditas HS 10 Serealia yang menggunakan moda transportasi l,table_row_column,maxmin_semantic,64,0,3,,44,44,"Impor Menurut Jenis dan Moda Transportasi, 2023 dan 2024 |Jenis|Col2|Col3|Col4|Col5|Col6|2023|Col8|Col9|Col10|Col11|Col12|Col13|Col14|2024|Col16|Col17|Col18|Col19|Col20|Col21|Perubahan|Col23|Col24|Peranan(%)|Col26| |---|---|---|---|---|---|---|---|---|---|---|---|---|---|---|---|---|---|---|---|---|---|---|---|---|---| |**Jenis**|**Jenis**|**Jenis**||**Moda**|||||||||||||||||**Nilai 2024**|||**thd Total**|| |**Jenis**|**Jenis**|**Jenis**|**T**|**ransportasi**|||** Berat**|||** Nilai**|||||**Berat**|||**Nilai**|||**thd 2023**|||**Impor**|| |**Jenis**|**Jenis**|**Jenis**|||||**(ribu ton)**|||**(juta US$)**|||||**(ribu ton)**||**(**|**juta US$)**|||**(%)**|||**2024**|| ||**(1)**|||**(2)**|||**(3)**<br>|||**(4)**<br>|||||**(5)**<br>|||**(6)**<br>|||**(7)**|||**(8)**|| MIGAS 52.144,2 35.831,0 5",Haikal Thoriq Athaya,labeled
Q048,DOC10_MODA,Berapa nilai impor komoditas HS 10 Serealia yang menggunakan moda transportasi l,table_row_column,maxmin_semantic,77,0,3,,47,47,"32 Statistik Perdagangan Luar Negeri Menurut Moda Transportasi 2023 dan 2024  Tabel 4.3 Impor Menurut Pelabuhan Bongkar Utama, 2023 dan 2024 |Col1|Col2|Col3|Col4|2023|Col6|Col7|Col8|Col9|Col10|Col11|2024|Col13|Col14|Col15|Col16|Perubahan<br>Nilai 2024<br>thd 2023 (%)|Col18|Col19|Col20|Peranan (%)|Col22| |---|---|---|---|---|---|---|---|---|---|---|---|---|---|---|---|---|---|---|---|---|---| ||**Pelabuhan**|**Pelabuhan**|**Pelabuhan**|**Pelabuhan**|**Pelabuhan**|**Pelabuhan**|**Pelabuhan**|**Pelabuhan**|**Pelabuhan**|**Pelabuhan**|**Pelabuhan**|**Pelabuhan**|**Pelabuhan**|**Pelabuhan**|**Pelabuhan**|**Pelabuhan**|**Pelabuhan**|**Pelabuhan**|**Pelabuhan**|**terhada**|**terhada**| ||<br>**Bongkar**|<br>**Bongkar**||** Berat**|||** Nilai**||||** Berat**||** (**|** Nilai**||||||**p**<br>**Tota",Haikal Thoriq Athaya,labeled
Q048,DOC10_MODA,Berapa nilai impor komoditas HS 10 Serealia yang menggunakan moda transportasi l,table_row_column,maxmin_semantic,79,0,3,,49,49,"Tabel 4.4 Impor Menurut Golongan Barang, 2023 dan 2024 |HS|Col2|Col3|Golongan Barang|Col5|Col6|Col7|2023|Col9|Col10|Col11|Col12|Col13|Col14|Col15|2024|Col17|Col18|Col19|Col20|Col21|Perubahan|Col23|Col24|Peranan (%)|Col26| |---|---|---|---|---|---|---|---|---|---|---|---|---|---|---|---|---|---|---|---|---|---|---|---|---|---| |**HS**|**HS**|**HS**|**Golongan Barang**|**Golongan Barang**|**Golongan Barang**||**2023**<br>|**2023**<br>|**2023**<br>|**2023**<br>|||||**2024**<br>|**2024**<br>|**2024**<br>|**2024**<br>|||**Nilai 2024**|**Nilai 2024**|**Nilai 2024**|**terhada**|**terhada**| |**HS**|**HS**|**HS**|**Golongan Barang**|**Golongan Barang**|**Golongan Barang**|** Berat**<br>**(ribu ton)**<br>|** Berat**<br>|** Berat**<br>|** Nilai**<br>** (juta US$)**<br>|** Nilai**<br>|** Nilai**<br>|",Haikal Thoriq Athaya,labeled
Q048,DOC10_MODA,Berapa nilai impor komoditas HS 10 Serealia yang menggunakan moda transportasi l,table_row_column,maxmin_semantic,84,0,3,,50,50,"Golongan mesin/peralatan mekanis dan bagiannya (HS 84) mengalami peningkatan paling banyak yaitu sebanyak 16,8 ribu ton diikuti oleh mesin/perlengkapan elektrik dan bagiannya (HS 85) sebanyak 6,8 ribu ton dan bahan kimia organik (HS 29) sebanyak 5,0 ribu ton. Tabel 4.5 Impor Menggunakan Moda Transportasi Udara Menurut Golongan Barang, 2023 dan 2024 |HS|Col2|Col3|Golongan Barang|Col5|Col6|Col7|2023|Col9|Col10|Col11|Col12|Col13|Col14|Col15|2024|Col17|Col18|Col19|Col20|Perubahan<br>Nilai 2024<br>thd 2023<br>(%)|Col22|Col23|Col24|Peranan|Col26| |---|---|---|---|---|---|---|---|---|---|---|---|---|---|---|---|---|---|---|---|---|---|---|---|---|---| |**HS**|**HS**|**HS**|**Golongan Barang**|**Golongan Barang**|**Golongan Barang**||**2023**|**2023**|**2023**|**2023**|||||**2024**|**2024**|**2024",Haikal Thoriq Athaya,labeled
Q048,DOC10_MODA,Berapa nilai impor komoditas HS 10 Serealia yang menggunakan moda transportasi l,table_row_column,recursive,191,1,11,,146,146,"54.111.634 632.576.417 Laut 83.101.971 1.016.046.666 54.110.716 632.073.905 Jalan Raya – – 5 68 Udara 1.981 66.054 913 502.444 Piranti lunak, barang digital, dan barang kiriman 171.124 549.118.912 90.299 536.074.066 Laut 125.959 291.314.634 19.301 209.791.417 Udara 45.161 257.792.050 70.998 326.282.649 Pos 4 12.228 – – Total Impor 198.549.424.705 223.107.461.151 233.047.131.113 235.199.602.931 |Col1|Total Impor|Col3|h|198.549.424.705|Col6|Col7|223.107.461.151|Col9|Col10|Col11|Col12|233.047.131.113|Col14|Col15|235.199.602.931|Col17| |---|---|---|---|---|---|---|---|---|---|---|---|---|---|---|---|---| Tabel-tabel 131  Tabel 5.13 Impor Menggunakan Moda Transportasi Laut Menurut Golongan Barang, 2023 dan 2024 |HS 2 Digit|Col2|Col3|Col4|Col5|Col6|Col7|2023|Col9|Col10|Col11|Col12|Col13|Col14|Co",Haikal Thoriq Athaya,labeled
Q048,DOC10_MODA,Berapa nilai impor komoditas HS 10 Serealia yang menggunakan moda transportasi l,table_row_column,recursive,192,1,8,,146,146,"103.916.998 55.134.323 95.646.027 06 Pohon hidup dan bunga potong 1.720.605 5.864.624 1.808.733 6.211.920 07 Sayuran 1.000.361.369 1.013.187.488 935.646.478 1.095.765.248 08 Buah-buahan 688.226.217 1.425.402.874 778.847.206 1.639.966.686 09 Kopi, teh, dan rempah-rempah 157.522.816 534.519.532 172.557.100 451.312.914 10 Serealia 15.230.950.296 5.951.489.982 18.464.746.924 6.812.761.125 11 Hasil penggilingan 291.203.452 188.384.743 750.804.217 418.210.884 12 Biji dan buah mengandung minyak 2.612.778.069 1.946.842.062 3.087.145.847 1.921.328.727 13 Lak, getah, dan damar 11.634.791 72.365.327 12.960.035 70.425.350 14 Bahan anyaman nabati 6.603.580 3.917.213 6.131.425 3.082.652 15 Lemak dan minyak hewani/nabati 151.705.308 279.667.724 206.012.799 370.781.612 16 Olahan dari daging, ikan, krustas",Haikal Thoriq Athaya,labeled
Q048,DOC10_MODA,Berapa nilai impor komoditas HS 10 Serealia yang menggunakan moda transportasi l,table_row_column,recursive,175,1,5,,135,135,277.460 Udara 107.527 3.139.327 127.986 1.414.126 Pos 1.857 10.159 5.838 88.697 120 Statistik Perdagangan Luar Negeri Menurut Moda Transportasi 2023 dan 2024  Lanjutan Tabel 5.12 |HS 2 Digit/ Moda|Col2|Col3|Col4|Col5|Col6|Col7|2023|Col9|Col10|Col11|Col12|Col13|Col14|Col15|2024|Col17|Col18|Col19|Col20| |---|---|---|---|---|---|---|---|---|---|---|---|---|---|---|---|---|---|---|---| |**HS 2 Digit/ Moda**|**HS 2 Digit/ Moda**|**HS 2 Digit/ Moda**|**HS 2 Digit/ Moda**|**HS 2 Digit/ Moda**|**HS 2 Digit/ Moda**||** Berat**|||** Nilai**|||||** Berat**|||** Nilai**|| |**HS 2 Digit/ Moda**|**HS 2 Digit/ Moda**|**HS 2 Digit/ Moda**|**HS 2 Digit/ Moda**|**HS 2 Digit/ Moda**|**HS 2 Digit/ Moda**||**(kg)**|||**(US$)**|||||**(kg)**|||**(US$)**|| ||**(1)**|||**(2)**|||**(3)**|||**(4)**|||||**(5)**|||**(,Haikal Thoriq Athaya,labeled
Q048,DOC10_MODA,Berapa nilai impor komoditas HS 10 Serealia yang menggunakan moda transportasi l,table_row_column,recursive,33,0,3,,42,43,"|---|---|---| ||**Bab IV**<br>**Ulasan Impor**<br>**||  Total impor 2024 mencapai US$235,199,6 juta meningkat 5,42 persen dibandingkan tahun 2023. Nilai impor yang masuk melalui Pelabuhan Tanjung Priok sebesar 36,87 persen.  4.1 Impor Indonesia menurut Jenis dan Moda Transportasi Selama tahun 2024 total impor Indonesia mengalami peningkatan 5,42 persen, dari US$223.107,5 juta menjadi US$235.199,6 juta. Transportasi laut masih menjadi moda utama dalam kegiatan pengangkutan barang impor. Sebanyak 88,97 persen barang impor Indonesia masuk menggunakan moda transportasi laut atau senilai US$209.268,6 juta. Nilai tersebut mengalami peningkatan 3,44 persen dibandingkan tahun 2023. Berat barang impor melalui laut juga mengalami peningkatan 17,22 persen dibandingkan tahun sebelumnya. Dominasi impor",Haikal Thoriq Athaya,labeled
Q048,DOC10_MODA,Berapa nilai impor komoditas HS 10 Serealia yang menggunakan moda transportasi l,table_row_column,recursive,34,0,3,,43,43,"Tabel 4.1 Impor Menurut Moda Transportasi, 2023 dan 2024 |Moda<br>Transportasi|Col2|Col3|Col4|2023|Col6|Col7|Col8|Col9|Col10|Col11|Col12|o<br>2024 g|Col14|Col15|Col16|Col17|Perubahan<br>Nilai 2024<br>thd 2023<br>(%)|Col19|Col20|Peranan (%)<br>terhadap<br>Total Impor<br>2024|Col22|Col23| |---|---|---|---|---|---|---|---|---|---|---|---|---|---|---|---|---|---|---|---|---|---|---| |**Moda**<br>**Transportasi**|**Moda**<br>**Transportasi**|**Moda**<br>**Transportasi**|** Berat**<br>** (ribu ton)**<br>|** Berat**<br>** (ribu ton)**<br>|** Berat**<br>** (ribu ton)**<br>|** Nilai**<br>** (juta US$)**<br>|** Nilai**<br>** (juta US$)**<br>|** Nilai**<br>** (juta US$)**<br>|||** Berat**<br>** (ribu ton)**<br>**bp**|** Berat**<br>** (ribu ton)**<br>**bp**|** Berat**<br>** (ribu ton)**<br>**bp**|** N",Haikal Thoriq Athaya,labeled
Q049,DOC10_MODA,Mengapa moda laut masih menjadi pilihan utama untuk kegiatan ekspor dan impor da,paragraph,element_based,13,0,6,,17,18,"Daftar Gambar  Pemahaman yang mendalam mengenai peran dan perkembangan moda transportasi dalam ekspor dan impor sangat penting, baik bagi pemerintah sebagai pembuat kebijakan maupun pelaku usaha dalam merancang strategi logistik dan distribusi. Informasi ini juga menjadi dasar dalam memetakan kebutuhan infrastruktur, mengidentifikasi titik-titik hambatan distribusi, serta merancang kebijakan transportasi dan perdagangan yang tepat sasaran.  Berdasarkan kebutuhan tersebut, publikasi ini menyajikan statistik perdagangan luar negeri menurut moda transportasi pada level komoditas yang lebih rinci. Informasi ini penting untuk memetakan rute angkutan barang antar negara. Publikasi ini diharapkan dapat dijadikan salah satu referensi untuk mendukung implementasi program kebijakan agar lebih tepat ",Haikal Thoriq Athaya,labeled
Q049,DOC10_MODA,Mengapa moda laut masih menjadi pilihan utama untuk kegiatan ekspor dan impor da,paragraph,element_based,19,0,5,,22,23,"4. Moda Transportasi Lainnya  Moda transportasi lainnya terdiri dari moda pipa, kabel, pos dan self propelled.  4.1. Moda pipa merupakan perangkat transportasi angkutan barang menggunakan pipa. Biasanya digunakan untuk angkutan gas dan cairan dalam jumlah yang besar, tetapi dapat juga untuk mengangkut barang yang dikemas dalam kapsul yang didorong dengan tekanan udara.  Statistik Perdagangan Luar Negeri Menurut Moda Transportasi 2023 dan 2024  Penggunaan angkutan pipa yang paling besar adalah untuk transportasi minyak mentah, minyak hasil pengolahan (refinery), gas alam ataupun untuk angkutan air kebutuhan industri ataupun ke perumahan.  4.2. Moda kabel digunakan untuk mengangkut listrik, khususnya untuk daerah-daerah perbatasan darat misalnya Indonesia dengan Malaysia di wilayah Kalimanta",Haikal Thoriq Athaya,labeled
Q049,DOC10_MODA,Mengapa moda laut masih menjadi pilihan utama untuk kegiatan ekspor dan impor da,paragraph,element_based,61,0,3,,48,49,"Tabel 4.4 Impor Menurut Golongan Barang, 2023 dan 2024  34  Statistik Perdagangan Luar Negeri Menurut Moda Transportasi 2023 dan 2024  4.4 Moda Transportasi Udara  Moda transportasi udara merupakan moda yang lebih efisien dari segi waktu pengiriman dibandingkan moda transportasi laut. Umumnya, volume barang yang diangkut dalam setiap transaksi impor tidak melebihi lima ton. Impor menggunakan moda transportasi udara pada 2024 mengalami peningkatan sebesar US$5.108,9 juta atau 24,66 persen dibandingkan tahun sebelumnya. Secara keseluruhan nilai impor menggunakan moda transportasi udara mencapai US$25.830,3 juta.  (  https://www.bps.go.id  Ng  Peningkatan impor menggunakan moda transportasi udara, terutama disebabkan oleh peningkatan impor golongan logam mulia dan perhiasan/permata (HS 71) ya",Haikal Thoriq Athaya,labeled
Q049,DOC10_MODA,Mengapa moda laut masih menjadi pilihan utama untuk kegiatan ekspor dan impor da,paragraph,element_based,9,0,2,,9,9,BAB I. PENDAHULUAN  3  3  4  7  7  13  14  18  21  24  29  31  33  35  36  38  39  41  43  147  1,Haikal Thoriq Athaya,labeled
Q049,DOC10_MODA,Mengapa moda laut masih menjadi pilihan utama untuk kegiatan ekspor dan impor da,paragraph,element_based,48,0,2,,42,43,"Total impor 2024 mencapai US$235,199,6 juta meningkat 5,42 persen dibandingkan tahun 2023. Nilai impor yang masuk melalui Pelabuhan Tanjung Priok sebesar 36,87 persen.  4.1  Impor Indonesia menurut Jenis dan Moda Transportasi  Selama tahun 2024 total impor Indonesia mengalami peningkatan 5,42 persen, dari US$223.107,5 juta menjadi US$235.199,6 juta. Transportasi laut masih menjadi moda utama dalam kegiatan pengangkutan barang impor. Sebanyak 88,97 persen barang impor Indonesia masuk menggunakan moda transportasi laut atau senilai US$209.268,6 juta. Nilai tersebut mengalami peningkatan 3,44 persen dibandingkan tahun 2023. Berat barang impor melalui laut juga mengalami peningkatan 17,22 persen dibandingkan tahun sebelumnya. Dominasi impor menggunakan moda laut berkaitan erat dengan kondisi g",Haikal Thoriq Athaya,labeled
Q049,DOC10_MODA,Mengapa moda laut masih menjadi pilihan utama untuk kegiatan ekspor dan impor da,paragraph,maxmin_semantic,5,1,6,,17,17,"Ekspor dan impor tidak hanya menjadi indikator utama aktivitas perdagangan internasional, tetapi juga berperan penting dalam mendukung pertumbuhan ekonomi suatu negara. Salah satu aspek krusial dalam kelancaran aktivitas ekspor dan impor adalah moda transportasi yang digunakan untuk mengangkut barang ke luar maupun masuk ke dalam wilayah teritorial suatu negara. Menurut rekomendasi yang tercantum dalam manual International Merchandise Trade Statistics (IMTS) 2010, statistik perdagangan internasional mencatat semua barang yang menambah atau mengurangi stok sumber daya suatu negara dengan cara masuk (impor) atau keluar (ekspor) ke/dari wilayah teritorial ekonominya. IMTS 2010 juga menekankan pentingnya pencatatan moda transportasi sebagai bagian dari statistik perdagangan, karena moda ini be",Haikal Thoriq Athaya,labeled
Q049,DOC10_MODA,Mengapa moda laut masih menjadi pilihan utama untuk kegiatan ekspor dan impor da,paragraph,maxmin_semantic,6,0,4,,17,17,"Sementara itu, moda udara digunakan untuk barang bernilai tinggi atau yang memerlukan pengiriman cepat. Moda darat memiliki peran yang terbatas, terutama untuk ekspor/impor dari negara-negara yang berbatasan langsung dengan Indonesia, seperti Malaysia dan Papua Nugini.",Haikal Thoriq Athaya,labeled
Q049,DOC10_MODA,Mengapa moda laut masih menjadi pilihan utama untuk kegiatan ekspor dan impor da,paragraph,maxmin_semantic,9,0,2,,18,18,"1.2 Tujuan Penyusunan Publikasi Statistik Perdagangan Luar Negeri Menurut Moda Transportasi 2023 dan 2024 bertujuan untuk memberikan informasi atau gambaran mengenai ekspor dan impor Indonesia berdasarkan moda transportasi tahun 2023 dan 2024. Pendahuluan 3  1.3 Ruang Lingkup Publikasi ini mencakup data statistik ekspor dan impor Indonesia yaitu meliputi seluruh barang yang keluar maupun masuk dari/ke wilayah Republik Indonesia, baik yang bersifat komersial maupun bukan komersial seperti bantuan barang kredit lunak, hadiah dan sebagainya.",Haikal Thoriq Athaya,labeled
Q049,DOC10_MODA,Mengapa moda laut masih menjadi pilihan utama untuk kegiatan ekspor dan impor da,paragraph,maxmin_semantic,57,0,2,,43,43,"Nilai impor yang masuk melalui Pelabuhan Tanjung Priok sebesar 36,87 persen.  4.1 Impor Indonesia menurut Jenis dan Moda Transportasi Selama tahun 2024 total impor Indonesia mengalami peningkatan 5,42 persen, dari US$223.107,5 juta menjadi US$235.199,6 juta. Transportasi laut masih menjadi moda utama dalam kegiatan pengangkutan barang impor.",Haikal Thoriq Athaya,labeled
Q049,DOC10_MODA,Mengapa moda laut masih menjadi pilihan utama untuk kegiatan ekspor dan impor da,paragraph,recursive,6,1,12,,18,18,"Sebagai negara kepulauan, pilihan moda transportasi di Indonesia sangat memengaruhi struktur biaya dan efektivitas pengiriman barang. Moda laut masih menjadi pilihan utama untuk ekspor dan impor dalam jumlah besar karena ongkos angkutnya yang lebih ekonomis. Sementara itu, moda udara digunakan untuk barang bernilai tinggi atau yang memerlukan pengiriman cepat. Moda darat memiliki peran yang terbatas, terutama untuk ekspor/impor dari negara-negara yang berbatasan langsung dengan Indonesia, seperti Malaysia dan Papua Nugini. Pemahaman yang mendalam mengenai peran dan perkembangan moda transportasi dalam ekspor dan impor sangat penting, baik bagi pemerintah sebagai pembuat kebijakan maupun pelaku usaha dalam merancang strategi logistik dan distribusi. Informasi ini juga menjadi dasar dalam me",Haikal Thoriq Athaya,labeled
Q049,DOC10_MODA,Mengapa moda laut masih menjadi pilihan utama untuk kegiatan ekspor dan impor da,paragraph,recursive,7,0,7,,18,21,"Pendahuluan 3  1.3 Ruang Lingkup Publikasi ini mencakup data statistik ekspor dan impor Indonesia yaitu meliputi seluruh barang yang keluar maupun masuk dari/ke wilayah Republik Indonesia, baik yang bersifat komersial maupun bukan komersial seperti bantuan barang kredit lunak, hadiah dan sebagainya. Beberapa hal yang menjadi catatan: a. Ekspor/impor kapal laut dan pesawat udara termasuk dalam statistik perdagangan luar negeri sedangkan ekspor/impor bunker oil untuk kapal tidak tercatat dalam statistik perdagangan luar negeri. b. Barang-barang yang akan diolah di luar negeri tetap dicatat sebagai ekspor, meskipun hasil olahan barang tersebut akan kembali masuk ke wilayah Indonesia. Sejalan dengan itu, barang- barang yang dibawa masuk kembali ke Indonesia setelah diolah atau diperbaiki di lu",Haikal Thoriq Athaya,labeled
Q049,DOC10_MODA,Mengapa moda laut masih menjadi pilihan utama untuk kegiatan ekspor dan impor da,paragraph,recursive,8,0,5,,20,21,|---|---|---| ||**Bab II**<br>**Metodologi**<br>**||   2.1 Data dan Sumber Data Data yang digunakan dalam publikasi ini adalah data ekspor dan impor Indonesia tahun 2023 dan 2024. Sumber data utama berasal dari dokumen Pemberitahuan Ekspor Barang (PEB) dan Pemberitahuan Impor Barang (PIB) yang diperoleh dari Direktorat Jenderal Bea dan Cukai. Dokumen PEB dan PIB tersebut dikirim ke Badan Pusat Statistik (BPS) dalam bentuk softcopy dan hardcopy. Selain dokumen PEB dan PIB terdapat juga beberapa sumber data lainnya yaitu catatan instansi lain seperti PT. Pos Indonesia serta pendataan perbatasan laut. Pencatatan statistik ekspor dan impor menggunakan sistem perdagangan umum (general trade) yaitu sistem pencatatan yang mencakup seluruh barang yang keluar dari dan masuk ke wilayah pabean suatu ,Haikal Thoriq Athaya,labeled
Q049,DOC10_MODA,Mengapa moda laut masih menjadi pilihan utama untuk kegiatan ekspor dan impor da,paragraph,recursive,9,1,3,,22,22,"udara, dan lainnya. Sementara itu, dalam IMTS 2010 merekomendasikan klasifikasi moda transportasi menjadi empat kategori (satu digit) dan jika dibutuhkan dapat diklasifikasikan menjadi subkategori (dua atau tiga digit), sebagai berikut: 1. Udara 2. Air 2.1 Laut 2.2 Sungai 3. Darat 3.1 Kereta api 3.2 Jalan raya 4. Lainnya, yang tidak diklasifikasikan 4.1 Pipa dan kabel 4.1.1 Pipa 4.1.2 Kabel Metodologi 7  4.2 Pos, surat, atau jasa kurir 4.3 Barang-barang self-propelled 4.4 Lainnya Secara lebih detail, definisi operasional dari keempat moda transportasi tersebut adalah sebagaimana di bawah ini. 1. Moda Transportasi Udara Moda transportasi udara adalah transportasi yang menggunakan udara sebagai jalurnya. Moda ini mempunyai karakteristik kecepatan tinggi, lintasan lurus, dapat menjangkau selu",Haikal Thoriq Athaya,labeled
Q049,DOC10_MODA,Mengapa moda laut masih menjadi pilihan utama untuk kegiatan ekspor dan impor da,paragraph,recursive,10,0,3,,23,23,"3. Moda Transportasi Darat Transportasi darat adalah segala bentuk transportasi yang menggunakan jalan dan jalur kereta api untuk mengangkut barang. 3.1 Kereta api merupakan moda transportasi menggunakan tenaga gerak, baik berjalan sendiri maupun dirangkaikan dengan kendaraan lainnya, yang akan ataupun sedang bergerak di rel. Kereta api cocok digunakan untuk angkutan penumpang bersifat massal atau barang dalam bentuk peti kemas, berkapasitas maksimum pada jarak dekat atau jauh. Moda transportasi ini dapat dioperasikan dengan biaya operasional lebih rendah dari moda jalan. 3.2 Moda jalan mempunyai fleksibilitas yang tinggi sepanjang didukung oleh jaringan infrastruktur, namun membutuhkan biaya operasi dan perawatan yang tinggi sehingga hanya sesuai untuk jarak perjalanan pendek dan menengah",Haikal Thoriq Athaya,labeled
